datetime,open,high,low,close,volume
2024-01-02 09:31:00,14.000000,14.014864,13.993426,14.004103,1375
2024-01-02 09:32:00,14.004103,14.032147,13.986591,14.015496,410
2024-01-02 09:33:00,14.015496,14.023762,13.994951,14.005660,512
2024-01-02 09:34:00,14.005660,14.008260,13.983042,13.990394,3616
2024-01-02 09:35:00,13.990394,13.996119,13.945779,13.956931,8332
2024-01-02 09:36:00,13.956931,13.976273,13.949380,13.973254,489
2024-01-02 09:37:00,13.973254,13.981329,13.956841,13.973534,8413
2024-01-02 09:38:00,13.973534,13.988570,13.970891,13.976990,4806
2024-01-02 09:39:00,13.976990,13.985190,13.950712,13.963826,6706
2024-01-02 09:40:00,13.963826,13.995921,13.961443,13.984431,3829
2024-01-02 09:41:00,13.984431,14.011408,13.974917,14.000277,3379
2024-01-02 09:42:00,14.000277,14.006979,13.986888,13.998230,9527
2024-01-02 09:43:00,13.998230,14.015573,13.984839,13.988892,7927
2024-01-02 09:44:00,13.988892,13.998255,13.966598,13.982899,7055
2024-01-02 09:45:00,13.982899,13.988566,13.959475,13.969482,8305
2024-01-02 09:46:00,13.969482,13.981953,13.953451,13.969929,8524
2024-01-02 09:47:00,13.969929,13.982520,13.952532,13.959577,262
2024-01-02 09:48:00,13.959577,13.982223,13.948976,13.969414,9851
2024-01-02 09:49:00,13.969414,13.984391,13.958808,13.963375,6859
2024-01-02 09:50:00,13.963375,13.972906,13.943450,13.957429,8161
2024-01-02 09:51:00,13.957429,13.988472,13.952649,13.983255,6364
2024-01-02 09:52:00,13.983255,14.002035,13.958825,13.971062,9886
2024-01-02 09:53:00,13.971062,13.984730,13.930960,13.944721,8537
2024-01-02 09:54:00,13.944721,13.955237,13.935153,13.950874,664
2024-01-02 09:55:00,13.950874,13.956540,13.899074,13.915966,651
2024-01-02 09:56:00,13.915966,13.929722,13.896130,13.920407,7941
2024-01-02 09:57:00,13.920407,13.949782,13.904656,13.936900,8516
2024-01-02 09:58:00,13.936900,13.957855,13.932022,13.938078,2061
2024-01-02 09:59:00,13.938078,13.944544,13.933417,13.938234,2286
2024-01-02 10:00:00,13.938234,13.953003,13.897457,13.903784,5746
2024-01-02 10:01:00,13.903784,13.931848,13.895259,13.913113,6167
2024-01-02 10:02:00,13.913113,13.928702,13.898940,13.919770,5999
2024-01-02 10:03:00,13.919770,13.934490,13.881523,13.900081,6235
2024-01-02 10:04:00,13.900081,13.937080,13.886759,13.932222,8795
2024-01-02 10:05:00,13.932222,13.941765,13.891738,13.911659,8524
2024-01-02 10:06:00,13.911659,13.918978,13.867546,13.883447,3269
2024-01-02 10:07:00,13.883447,13.892235,13.843385,13.853021,2940
2024-01-02 10:08:00,13.853021,13.860621,13.850617,13.853457,5066
2024-01-02 10:09:00,13.853457,13.875173,13.835265,13.859133,4996
2024-01-02 10:10:00,13.859133,13.878688,13.844039,13.866542,7459
2024-01-02 10:11:00,13.866542,13.882893,13.855501,13.860874,3237
2024-01-02 10:12:00,13.860874,13.869513,13.841900,13.847221,6717
2024-01-02 10:13:00,13.847221,13.869339,13.837931,13.861380,730
2024-01-02 10:14:00,13.861380,13.869228,13.838854,13.846300,3712
2024-01-02 10:15:00,13.846300,13.852696,13.815647,13.825975,9775
2024-01-02 10:16:00,13.825975,13.864216,13.810370,13.849517,3356
2024-01-02 10:17:00,13.849517,13.870437,13.840801,13.852500,3518
2024-01-02 10:18:00,13.852500,13.865665,13.845423,13.860418,4607
2024-01-02 10:19:00,13.860418,13.873596,13.856125,13.870932,7921
2024-01-02 10:20:00,13.870932,13.873970,13.849765,13.861326,6278
2024-01-02 10:21:00,13.861326,13.864097,13.845328,13.852375,9232
2024-01-02 10:22:00,13.852375,13.873943,13.848058,13.863137,2936
2024-01-02 10:23:00,13.863137,13.878959,13.845959,13.852771,1024
2024-01-02 10:24:00,13.852771,13.866567,13.847424,13.858418,4109
2024-01-02 10:25:00,13.858418,13.867688,13.842544,13.856918,1499
2024-01-02 10:26:00,13.856918,13.874986,13.826432,13.836860,4026
2024-01-02 10:27:00,13.836860,13.871612,13.830816,13.853104,2431
2024-01-02 10:28:00,13.853104,13.856634,13.812043,13.831456,3716
2024-01-02 10:29:00,13.831456,13.841937,13.814461,13.835391,5145
2024-01-02 10:30:00,13.835391,13.856268,13.823656,13.836549,2964
2024-01-02 10:31:00,13.836549,13.874207,13.820442,13.857876,6243
2024-01-02 10:32:00,13.857876,13.876231,13.821978,13.839139,8414
2024-01-02 10:33:00,13.839139,13.855604,13.824114,13.830122,9338
2024-01-02 10:34:00,13.830122,13.839642,13.812379,13.828595,4251
2024-01-02 10:35:00,13.828595,13.843322,13.816049,13.831863,5688
2024-01-02 10:36:00,13.831863,13.861441,13.828393,13.846783,4360
2024-01-02 10:37:00,13.846783,13.867110,13.843404,13.852477,7800
2024-01-02 10:38:00,13.852477,13.865647,13.836892,13.853552,3004
2024-01-02 10:39:00,13.853552,13.873875,13.846017,13.871740,9199
2024-01-02 10:40:00,13.871740,13.927650,13.854271,13.908207,9467
2024-01-02 10:41:00,13.908207,13.916425,13.872697,13.887136,5644
2024-01-02 10:42:00,13.887136,13.892282,13.868578,13.889325,8540
2024-01-02 10:43:00,13.889325,13.918610,13.877490,13.905123,3682
2024-01-02 10:44:00,13.905123,13.922503,13.886013,13.910550,1614
2024-01-02 10:45:00,13.910550,13.952749,13.908290,13.939828,8605
2024-01-02 10:46:00,13.939828,13.957053,13.925442,13.940859,8748
2024-01-02 10:47:00,13.940859,13.944688,13.923818,13.932257,5795
2024-01-02 10:48:00,13.932257,13.975844,13.921563,13.957459,4521
2024-01-02 10:49:00,13.957459,13.972837,13.912093,13.923988,4059
2024-01-02 10:50:00,13.923988,13.938409,13.910288,13.932060,1721
2024-01-02 10:51:00,13.932060,14.003641,13.927242,13.991256,6616
2024-01-02 10:52:00,13.991256,14.033384,13.980295,14.014951,9109
2024-01-02 10:53:00,14.014951,14.058127,14.000259,14.048427,3551
2024-01-02 10:54:00,14.048427,14.079015,14.043367,14.064476,7642
2024-01-02 10:55:00,14.064476,14.116217,14.061382,14.100976,1425
2024-01-02 10:56:00,14.100976,14.157387,14.084125,14.140512,5156
2024-01-02 10:57:00,14.140512,14.229468,14.132696,14.218741,4412
2024-01-02 10:58:00,14.218741,14.267058,14.212415,14.253757,5616
2024-01-02 10:59:00,14.253757,14.275910,14.246786,14.264027,6684
2024-01-02 11:00:00,14.264027,14.341926,14.245256,14.331712,1073
2024-01-02 11:01:00,14.331712,14.427732,14.318241,14.422084,1897
2024-01-02 11:02:00,14.422084,14.487337,14.403323,14.477402,1521
2024-01-02 11:03:00,14.477402,14.524404,14.461052,14.515087,9863
2024-01-02 11:04:00,14.515087,14.571328,14.497417,14.565511,3789
2024-01-02 11:05:00,14.565511,14.642496,14.561919,14.639922,2092
2024-01-02 11:06:00,14.639922,14.705766,14.635903,14.694740,7514
2024-01-02 11:07:00,14.694740,14.767907,14.676526,14.755268,2645
2024-01-02 11:08:00,14.755268,14.788070,14.740369,14.769467,7718
2024-01-02 11:09:00,14.769467,14.819182,14.753493,14.807051,3035
2024-01-02 11:10:00,14.807051,14.866799,14.795526,14.857824,5008
2024-01-02 11:11:00,14.857824,14.883058,14.850880,14.881018,7109
2024-01-02 11:12:00,14.881018,14.884596,14.870762,14.880740,6973
2024-01-02 11:13:00,14.880740,14.910631,14.861487,14.904112,656
2024-01-02 11:14:00,14.904112,14.924766,14.886925,14.914994,5819
2024-01-02 11:15:00,14.914994,14.920071,14.881823,14.890249,1089
2024-01-02 11:16:00,14.890249,14.907841,14.838969,14.850146,592
2024-01-02 11:17:00,14.850146,14.852579,14.820823,14.834087,3460
2024-01-02 11:18:00,14.834087,14.846715,14.767263,14.778523,7552
2024-01-02 11:19:00,14.778523,14.793023,14.713262,14.721972,6955
2024-01-02 11:20:00,14.721972,14.729561,14.680195,14.692413,7208
2024-01-02 11:21:00,14.692413,14.704578,14.618771,14.631288,4464
2024-01-02 11:22:00,14.631288,14.647097,14.546141,14.555837,3704
2024-01-02 11:23:00,14.555837,14.571952,14.450343,14.454186,8473
2024-01-02 11:24:00,14.454186,14.459406,14.372531,14.386462,2432
2024-01-02 11:25:00,14.386462,14.401566,14.300845,14.318119,3536
2024-01-02 11:26:00,14.318119,14.336541,14.238196,14.243307,9784
2024-01-02 11:27:00,14.243307,14.246993,14.184633,14.198002,4996
2024-01-02 11:28:00,14.198002,14.206221,14.110606,14.119639,3534
2024-01-02 11:29:00,14.119639,14.137459,14.030209,14.041062,8810
2024-01-02 11:30:00,14.041062,14.047133,13.967333,13.980811,6638
2024-01-02 13:01:00,13.980811,13.986229,13.932002,13.937972,2385
2024-01-02 13:02:00,13.937972,13.956403,13.867403,13.875380,2736
2024-01-02 13:03:00,13.875380,13.889933,13.811014,13.823039,3480
2024-01-02 13:04:00,13.823039,13.831735,13.765447,13.780820,6445
2024-01-02 13:05:00,13.780820,13.799774,13.748961,13.756034,8016
2024-01-02 13:06:00,13.756034,13.773089,13.713899,13.723649,266
2024-01-02 13:07:00,13.723649,13.735821,13.716382,13.722813,7722
2024-01-02 13:08:00,13.722813,13.739493,13.663573,13.671257,834
2024-01-02 13:09:00,13.671257,13.683908,13.657490,13.666065,7571
2024-01-02 13:10:00,13.666065,13.678434,13.635761,13.646163,8342
2024-01-02 13:11:00,13.646163,13.653489,13.643048,13.645787,8391
2024-01-02 13:12:00,13.645787,13.685168,13.637365,13.672252,9521
2024-01-02 13:13:00,13.672252,13.674561,13.649504,13.665523,9474
2024-01-02 13:14:00,13.665523,13.680819,13.656671,13.664220,5391
2024-01-02 13:15:00,13.664220,13.690882,13.647079,13.674399,5316
2024-01-02 13:16:00,13.674399,13.679688,13.641030,13.648828,2202
2024-01-02 13:17:00,13.648828,13.664565,13.633779,13.657123,8832
2024-01-02 13:18:00,13.657123,13.674319,13.640134,13.668347,4698
2024-01-02 13:19:00,13.668347,13.670886,13.647847,13.663850,4740
2024-01-02 13:20:00,13.663850,13.680943,13.644457,13.672811,1270
2024-01-02 13:21:00,13.672811,13.682808,13.657964,13.673102,3648
2024-01-02 13:22:00,13.673102,13.689381,13.640582,13.658515,276
2024-01-02 13:23:00,13.658515,13.674962,13.629157,13.634738,1497
2024-01-02 13:24:00,13.634738,13.661916,13.614777,13.649581,9032
2024-01-02 13:25:00,13.649581,13.684070,13.631675,13.677894,6984
2024-01-02 13:26:00,13.677894,13.693336,13.658611,13.663115,2906
2024-01-02 13:27:00,13.663115,13.671059,13.652157,13.667759,6921
2024-01-02 13:28:00,13.667759,13.683511,13.632043,13.645844,6897
2024-01-02 13:29:00,13.645844,13.653370,13.621890,13.636440,4986
2024-01-02 13:30:00,13.636440,13.656153,13.623505,13.626628,8090
2024-01-02 13:31:00,13.626628,13.633687,13.593863,13.606018,1515
2024-01-02 13:32:00,13.606018,13.613494,13.593846,13.603311,6656
2024-01-02 13:33:00,13.603311,13.636272,13.600425,13.618532,7753
2024-01-02 13:34:00,13.618532,13.633248,13.608963,13.626519,3355
2024-01-02 13:35:00,13.626519,13.644666,13.600279,13.616429,2424
2024-01-02 13:36:00,13.616429,13.641318,13.599422,13.638936,3147
2024-01-02 13:37:00,13.638936,13.660820,13.619185,13.641241,4313
2024-01-02 13:38:00,13.641241,13.687316,13.633693,13.670162,919
2024-01-02 13:39:00,13.670162,13.679524,13.644228,13.646884,3506
2024-01-02 13:40:00,13.646884,13.713157,13.632701,13.696269,7361
2024-01-02 13:41:00,13.696269,13.714529,13.679054,13.692008,2988
2024-01-02 13:42:00,13.692008,13.709532,13.666180,13.670858,8424
2024-01-02 13:43:00,13.670858,13.676390,13.637888,13.651666,8750
2024-01-02 13:44:00,13.651666,13.668644,13.639718,13.666076,9174
2024-01-02 13:45:00,13.666076,13.690065,13.656060,13.680031,790
2024-01-02 13:46:00,13.680031,13.712064,13.672388,13.692437,4251
2024-01-02 13:47:00,13.692437,13.711949,13.679222,13.701427,849
2024-01-02 13:48:00,13.701427,13.710906,13.673175,13.681261,8743
2024-01-02 13:49:00,13.681261,13.690058,13.673816,13.677626,1206
2024-01-02 13:50:00,13.677626,13.690564,13.620807,13.637564,8762
2024-01-02 13:51:00,13.637564,13.655343,13.618486,13.621678,5602
2024-01-02 13:52:00,13.621678,13.648894,13.603457,13.631760,9264
2024-01-02 13:53:00,13.631760,13.634013,13.592296,13.599043,4371
2024-01-02 13:54:00,13.599043,13.646848,13.583615,13.637821,9171
2024-01-02 13:55:00,13.637821,13.660746,13.624396,13.658005,7608
2024-01-02 13:56:00,13.658005,13.666316,13.634618,13.637690,5140
2024-01-02 13:57:00,13.637690,13.653068,13.628587,13.648828,6042
2024-01-02 13:58:00,13.648828,13.661528,13.635580,13.657153,5710
2024-01-02 13:59:00,13.657153,13.671798,13.636882,13.653826,5268
2024-01-02 14:00:00,13.653826,13.670066,13.648244,13.662753,5623
2024-01-02 14:01:00,13.662753,13.670159,13.638897,13.657305,5319
2024-01-02 14:02:00,13.657305,13.670218,13.647515,13.656038,3842
2024-01-02 14:03:00,13.656038,13.674601,13.640391,13.664356,2491
2024-01-02 14:04:00,13.664356,13.677482,13.660465,13.671574,9619
2024-01-02 14:05:00,13.671574,13.681093,13.662450,13.676471,3547
2024-01-02 14:06:00,13.676471,13.684674,13.659214,13.681723,612
2024-01-02 14:07:00,13.681723,13.716809,13.670296,13.697481,6761
2024-01-02 14:08:00,13.697481,13.721192,13.681728,13.710302,2986
2024-01-02 14:09:00,13.710302,13.721387,13.687690,13.690036,8000
2024-01-02 14:10:00,13.690036,13.701350,13.672800,13.677028,9843
2024-01-02 14:11:00,13.677028,13.716376,13.672866,13.701355,6836
2024-01-02 14:12:00,13.701355,13.746837,13.686149,13.727415,415
2024-01-02 14:13:00,13.727415,13.743099,13.709848,13.736613,4989
2024-01-02 14:14:00,13.736613,13.738740,13.718156,13.731873,2032
2024-01-02 14:15:00,13.731873,13.757165,13.725190,13.745568,6525
2024-01-02 14:16:00,13.745568,13.771690,13.735947,13.756950,7389
2024-01-02 14:17:00,13.756950,13.766719,13.724906,13.730908,4478
2024-01-02 14:18:00,13.730908,13.738611,13.714558,13.732018,2967
2024-01-02 14:19:00,13.732018,13.743504,13.697851,13.708469,2630
2024-01-02 14:20:00,13.708469,13.723861,13.681148,13.700733,2115
2024-01-02 14:21:00,13.700733,13.711402,13.691298,13.701263,9078
2024-01-02 14:22:00,13.701263,13.749584,13.692093,13.730166,6681
2024-01-02 14:23:00,13.730166,13.742942,13.675448,13.694608,6546
2024-01-02 14:24:00,13.694608,13.705897,13.673415,13.688621,3317
2024-01-02 14:25:00,13.688621,13.703655,13.682406,13.700087,1529
2024-01-02 14:26:00,13.700087,13.723162,13.687935,13.711298,1671
2024-01-02 14:27:00,13.711298,13.729270,13.706082,13.725595,3599
2024-01-02 14:28:00,13.725595,13.728832,13.700255,13.708902,5661
2024-01-02 14:29:00,13.708902,13.725541,13.699116,13.706731,4995
2024-01-02 14:30:00,13.706731,13.724301,13.695437,13.698960,9076
2024-01-02 14:31:00,13.698960,13.731915,13.693915,13.720972,8523
2024-01-02 14:32:00,13.720972,13.727678,13.705150,13.718657,9431
2024-01-02 14:33:00,13.718657,13.725319,13.704916,13.718961,9612
2024-01-02 14:34:00,13.718961,13.737133,13.705810,13.722170,6915
2024-01-02 14:35:00,13.722170,13.724328,13.695340,13.700171,7341
2024-01-02 14:36:00,13.700171,13.722197,13.685284,13.708867,1995
2024-01-02 14:37:00,13.708867,13.718937,13.685361,13.690297,2298
2024-01-02 14:38:00,13.690297,13.712039,13.686839,13.693374,5458
2024-01-02 14:39:00,13.693374,13.708951,13.665887,13.681186,9956
2024-01-02 14:40:00,13.681186,13.710135,13.666126,13.701317,4488
2024-01-02 14:41:00,13.701317,13.715696,13.694461,13.701954,316
2024-01-02 14:42:00,13.701954,13.738613,13.687537,13.734393,3255
2024-01-02 14:43:00,13.734393,13.737543,13.689275,13.696862,2155
2024-01-02 14:44:00,13.696862,13.735562,13.686229,13.719917,542
2024-01-02 14:45:00,13.719917,13.747350,13.716694,13.734365,1180
2024-01-02 14:46:00,13.734365,13.747281,13.721536,13.739280,3609
2024-01-02 14:47:00,13.739280,13.790809,13.732454,13.776361,9305
2024-01-02 14:48:00,13.776361,13.794217,13.741820,13.752370,1468
2024-01-02 14:49:00,13.752370,13.761544,13.733190,13.755941,601
2024-01-02 14:50:00,13.755941,13.787798,13.747824,13.776894,325
2024-01-02 14:51:00,13.776894,13.790997,13.757859,13.787095,4064
2024-01-02 14:52:00,13.787095,13.794406,13.760854,13.780736,9744
2024-01-02 14:53:00,13.780736,13.798524,13.772391,13.791621,311
2024-01-02 14:54:00,13.791621,13.803544,13.766002,13.784646,9970
2024-01-02 14:55:00,13.784646,13.801461,13.767755,13.778921,6885
2024-01-02 14:56:00,13.778921,13.782100,13.753673,13.767799,1524
2024-01-02 14:57:00,13.767799,13.793167,13.752820,13.785511,2932
2024-01-02 14:58:00,13.785511,13.794553,13.782237,13.790755,5048
2024-01-02 14:59:00,13.790755,13.836491,13.774867,13.833031,7779
2024-01-02 15:00:00,13.833031,13.856630,13.825208,13.847260,7290
2024-01-03 09:31:00,14.065439,14.096356,14.047372,14.079430,6157
2024-01-03 09:32:00,14.079430,14.090659,14.059713,14.083379,4027
2024-01-03 09:33:00,14.083379,14.097790,14.070455,14.082222,7865
2024-01-03 09:34:00,14.082222,14.085553,14.070217,14.080706,1831
2024-01-03 09:35:00,14.080706,14.090360,14.061328,14.080356,3389
2024-01-03 09:36:00,14.080356,14.112745,14.064066,14.096456,3660
2024-01-03 09:37:00,14.096456,14.098995,14.084590,14.092003,2944
2024-01-03 09:38:00,14.092003,14.108155,14.075437,14.083681,1375
2024-01-03 09:39:00,14.083681,14.113811,14.067251,14.098367,3141
2024-01-03 09:40:00,14.098367,14.127311,14.083340,14.108377,6007
2024-01-03 09:41:00,14.108377,14.144496,14.105734,14.126180,1215
2024-01-03 09:42:00,14.126180,14.129477,14.089898,14.106977,6356
2024-01-03 09:43:00,14.106977,14.136946,14.095459,14.125832,4523
2024-01-03 09:44:00,14.125832,14.131422,14.118837,14.122914,9882
2024-01-03 09:45:00,14.122914,14.140195,14.100861,14.107272,2759
2024-01-03 09:46:00,14.107272,14.139757,14.100438,14.120233,4202
2024-01-03 09:47:00,14.120233,14.133792,14.106432,14.125855,5000
2024-01-03 09:48:00,14.125855,14.134002,14.088371,14.107561,7115
2024-01-03 09:49:00,14.107561,14.122910,14.094836,14.103589,4447
2024-01-03 09:50:00,14.103589,14.122446,14.096338,14.114377,257
2024-01-03 09:51:00,14.114377,14.117137,14.080772,14.084461,2396
2024-01-03 09:52:00,14.084461,14.097956,14.070232,14.093667,7738
2024-01-03 09:53:00,14.093667,14.105663,14.078299,14.090135,9913
2024-01-03 09:54:00,14.090135,14.107016,14.085293,14.098828,2790
2024-01-03 09:55:00,14.098828,14.108485,14.058397,14.061236,553
2024-01-03 09:56:00,14.061236,14.106161,14.055475,14.088212,8649
2024-01-03 09:57:00,14.088212,14.091262,14.062014,14.077871,5408
2024-01-03 09:58:00,14.077871,14.083517,14.053177,14.068004,566
2024-01-03 09:59:00,14.068004,14.083441,14.050559,14.063953,5434
2024-01-03 10:00:00,14.063953,14.088685,14.056494,14.073222,462
2024-01-03 10:01:00,14.073222,14.087088,14.059798,14.070819,9399
2024-01-03 10:02:00,14.070819,14.111150,14.058187,14.097052,4952
2024-01-03 10:03:00,14.097052,14.101903,14.079951,14.093077,7149
2024-01-03 10:04:00,14.093077,14.139991,14.083817,14.120838,749
2024-01-03 10:05:00,14.120838,14.135661,14.114218,14.117408,3745
2024-01-03 10:06:00,14.117408,14.120300,14.105479,14.117516,9156
2024-01-03 10:07:00,14.117516,14.137200,14.083955,14.090646,9646
2024-01-03 10:08:00,14.090646,14.100698,14.057540,14.077056,7638
2024-01-03 10:09:00,14.077056,14.094692,14.060719,14.082032,7813
2024-01-03 10:10:00,14.082032,14.089987,14.053466,14.057497,685
2024-01-03 10:11:00,14.057497,14.089954,14.039038,14.086015,5315
2024-01-03 10:12:00,14.086015,14.095023,14.080291,14.089640,5869
2024-01-03 10:13:00,14.089640,14.101746,14.070686,14.083615,2400
2024-01-03 10:14:00,14.083615,14.097854,14.068229,14.082105,9077
2024-01-03 10:15:00,14.082105,14.126281,14.073821,14.110364,8220
2024-01-03 10:16:00,14.110364,14.133278,14.106531,14.123561,9604
2024-01-03 10:17:00,14.123561,14.139338,14.081897,14.091493,7150
2024-01-03 10:18:00,14.091493,14.100543,14.079985,14.084427,9688
2024-01-03 10:19:00,14.084427,14.104992,14.081068,14.099932,5086
2024-01-03 10:20:00,14.099932,14.109745,14.079937,14.085566,5648
2024-01-03 10:21:00,14.085566,14.108739,14.080983,14.091601,4231
2024-01-03 10:22:00,14.091601,14.098532,14.047279,14.053234,974
2024-01-03 10:23:00,14.053234,14.055869,14.026137,14.043298,358
2024-01-03 10:24:00,14.043298,14.059518,14.038223,14.045159,4060
2024-01-03 10:25:00,14.045159,14.077144,14.038816,14.057415,7537
2024-01-03 10:26:00,14.057415,14.076918,14.029561,14.049266,164
2024-01-03 10:27:00,14.049266,14.083529,14.031835,14.064906,5865
2024-01-03 10:28:00,14.064906,14.067286,14.034226,14.039773,4366
2024-01-03 10:29:00,14.039773,14.043931,14.028256,14.036618,6130
2024-01-03 10:30:00,14.036618,14.054518,14.026448,14.039729,8296
2024-01-03 10:31:00,14.039729,14.058928,14.000963,14.013191,8691
2024-01-03 10:32:00,14.013191,14.042729,13.996441,14.035009,8191
2024-01-03 10:33:00,14.035009,14.046042,14.026784,14.039934,6906
2024-01-03 10:34:00,14.039934,14.050207,14.008081,14.021241,239
2024-01-03 10:35:00,14.021241,14.049159,14.003976,14.030580,9481
2024-01-03 10:36:00,14.030580,14.048390,14.007844,14.016448,6411
2024-01-03 10:37:00,14.016448,14.027287,13.995514,14.005443,1679
2024-01-03 10:38:00,14.005443,14.013200,13.976543,13.982293,923
2024-01-03 10:39:00,13.982293,13.994373,13.971764,13.976188,8543
2024-01-03 10:40:00,13.976188,13.987007,13.932790,13.939070,8641
2024-01-03 10:41:00,13.939070,13.957890,13.925222,13.942710,4844
2024-01-03 10:42:00,13.942710,13.983474,13.936189,13.973972,9787
2024-01-03 10:43:00,13.973972,13.987998,13.952427,13.966438,1053
2024-01-03 10:44:00,13.966438,13.969736,13.921733,13.927524,1596
2024-01-03 10:45:00,13.927524,13.930938,13.903024,13.919418,7610
2024-01-03 10:46:00,13.919418,13.933489,13.904206,13.918239,8506
2024-01-03 10:47:00,13.918239,13.924265,13.900504,13.920802,9862
2024-01-03 10:48:00,13.920802,13.927503,13.904892,13.919684,7548
2024-01-03 10:49:00,13.919684,13.963853,13.900714,13.945374,8688
2024-01-03 10:50:00,13.945374,13.960792,13.925450,13.942188,1082
2024-01-03 10:51:00,13.942188,13.957819,13.927837,13.935488,2887
2024-01-03 10:52:00,13.935488,13.945956,13.926713,13.941376,6460
2024-01-03 10:53:00,13.941376,13.962451,13.925520,13.948879,2811
2024-01-03 10:54:00,13.948879,13.960541,13.934058,13.945268,1548
2024-01-03 10:55:00,13.945268,13.949062,13.921664,13.941146,9424
2024-01-03 10:56:00,13.941146,13.956088,13.920777,13.930147,2610
2024-01-03 10:57:00,13.930147,13.960706,13.923079,13.942453,3730
2024-01-03 10:58:00,13.942453,13.948114,13.900945,13.916202,9341
2024-01-03 10:59:00,13.916202,13.929338,13.899021,13.918172,2095
2024-01-03 11:00:00,13.918172,13.952234,13.914281,13.933152,8901
2024-01-03 11:01:00,13.933152,13.938186,13.926948,13.932195,9192
2024-01-03 11:02:00,13.932195,13.945741,13.897100,13.902782,8746
2024-01-03 11:03:00,13.902782,13.921660,13.892765,13.899999,6694
2024-01-03 11:04:00,13.899999,13.921768,13.885450,13.912268,8100
2024-01-03 11:05:00,13.912268,13.936060,13.897966,13.916103,8079
2024-01-03 11:06:00,13.916103,13.934728,13.891646,13.897801,4725
2024-01-03 11:07:00,13.897801,13.948009,13.882757,13.936376,3500
2024-01-03 11:08:00,13.936376,13.956009,13.916559,13.952084,8450
2024-01-03 11:09:00,13.952084,13.959322,13.945963,13.954658,1938
2024-01-03 11:10:00,13.954658,14.018755,13.936878,14.001460,4455
2024-01-03 11:11:00,14.001460,14.009779,13.991366,13.996520,6568
2024-01-03 11:12:00,13.996520,13.999890,13.953335,13.970996,7268
2024-01-03 11:13:00,13.970996,13.987338,13.950785,13.968174,1017
2024-01-03 11:14:00,13.968174,13.971989,13.950179,13.969313,9501
2024-01-03 11:15:00,13.969313,13.973380,13.933988,13.942756,8256
2024-01-03 11:16:00,13.942756,13.966667,13.939481,13.954427,4156
2024-01-03 11:17:00,13.954427,13.983259,13.942945,13.971057,3958
2024-01-03 11:18:00,13.971057,13.986500,13.929117,13.947033,6772
2024-01-03 11:19:00,13.947033,13.961712,13.927368,13.936036,8262
2024-01-03 11:20:00,13.936036,13.944690,13.912212,13.915345,8233
2024-01-03 11:21:00,13.915345,13.920007,13.888254,13.893308,6360
2024-01-03 11:22:00,13.893308,13.916666,13.875689,13.900739,3412
2024-01-03 11:23:00,13.900739,13.920998,13.885992,13.902261,2140
2024-01-03 11:24:00,13.902261,13.921029,13.890002,13.898524,7957
2024-01-03 11:25:00,13.898524,13.906645,13.890604,13.903724,1088
2024-01-03 11:26:00,13.903724,13.918655,13.893565,13.897163,7851
2024-01-03 11:27:00,13.897163,13.905775,13.877830,13.886145,9692
2024-01-03 11:28:00,13.886145,13.899870,13.872779,13.879395,7707
2024-01-03 11:29:00,13.879395,13.898112,13.862213,13.875180,7818
2024-01-03 11:30:00,13.875180,13.886892,13.870955,13.875482,3453
2024-01-03 13:01:00,13.875482,13.902316,13.864936,13.884108,9866
2024-01-03 13:02:00,13.884108,13.899099,13.862719,13.871722,3529
2024-01-03 13:03:00,13.871722,13.886395,13.855665,13.866764,9205
2024-01-03 13:04:00,13.866764,13.880576,13.854305,13.857026,7475
2024-01-03 13:05:00,13.857026,13.875514,13.832115,13.846447,230
2024-01-03 13:06:00,13.846447,13.861883,13.832906,13.859779,7431
2024-01-03 13:07:00,13.859779,13.870256,13.842809,13.847801,1728
2024-01-03 13:08:00,13.847801,13.861966,13.837169,13.845173,2595
2024-01-03 13:09:00,13.845173,13.850418,13.812095,13.827913,7701
2024-01-03 13:10:00,13.827913,13.842885,13.815416,13.839781,5811
2024-01-03 13:11:00,13.839781,13.875043,13.820330,13.858366,1935
2024-01-03 13:12:00,13.858366,13.879569,13.849789,13.861229,3306
2024-01-03 13:13:00,13.861229,13.899522,13.852995,13.893916,7769
2024-01-03 13:14:00,13.893916,13.910480,13.844980,13.858323,5962
2024-01-03 13:15:00,13.858323,13.875597,13.829433,13.846605,7161
2024-01-03 13:16:00,13.846605,13.868151,13.837126,13.857665,6810
2024-01-03 13:17:00,13.857665,13.869772,13.822441,13.831352,1433
2024-01-03 13:18:00,13.831352,13.834691,13.817169,13.828505,5800
2024-01-03 13:19:00,13.828505,13.836387,13.809888,13.829709,6830
2024-01-03 13:20:00,13.829709,13.849522,13.822792,13.825503,2377
2024-01-03 13:21:00,13.825503,13.833098,13.808960,13.824735,7265
2024-01-03 13:22:00,13.824735,13.843772,13.816295,13.839071,2235
2024-01-03 13:23:00,13.839071,13.862481,13.835777,13.857353,3048
2024-01-03 13:24:00,13.857353,13.860574,13.829899,13.833529,3322
2024-01-03 13:25:00,13.833529,13.848381,13.804422,13.811205,6884
2024-01-03 13:26:00,13.811205,13.821740,13.791889,13.818699,2886
2024-01-03 13:27:00,13.818699,13.830354,13.780815,13.798833,608
2024-01-03 13:28:00,13.798833,13.843414,13.788566,13.831082,4273
2024-01-03 13:29:00,13.831082,13.844538,13.826579,13.829340,2237
2024-01-03 13:30:00,13.829340,13.849352,13.814145,13.833230,6227
2024-01-03 13:31:00,13.833230,13.839110,13.820647,13.830250,6263
2024-01-03 13:32:00,13.830250,13.838117,13.811077,13.824042,8649
2024-01-03 13:33:00,13.824042,13.838350,13.795038,13.811680,6461
2024-01-03 13:34:00,13.811680,13.852884,13.808061,13.840171,5816
2024-01-03 13:35:00,13.840171,13.853903,13.836717,13.846326,6250
2024-01-03 13:36:00,13.846326,13.850320,13.804177,13.812273,835
2024-01-03 13:37:00,13.812273,13.832061,13.784667,13.801527,802
2024-01-03 13:38:00,13.801527,13.815165,13.784991,13.810482,8601
2024-01-03 13:39:00,13.810482,13.823158,13.791125,13.817566,9141
2024-01-03 13:40:00,13.817566,13.851014,13.811608,13.838297,3556
2024-01-03 13:41:00,13.838297,13.852105,13.819750,13.842834,9612
2024-01-03 13:42:00,13.842834,13.856757,13.823534,13.838538,9526
2024-01-03 13:43:00,13.838538,13.858005,13.824141,13.835587,8718
2024-01-03 13:44:00,13.835587,13.844271,13.816525,13.840507,6239
2024-01-03 13:45:00,13.840507,13.862095,13.825578,13.849689,9263
2024-01-03 13:46:00,13.849689,13.864503,13.826555,13.838886,564
2024-01-03 13:47:00,13.838886,13.853360,13.816903,13.833386,3407
2024-01-03 13:48:00,13.833386,13.850926,13.826778,13.843000,859
2024-01-03 13:49:00,13.843000,13.848550,13.828262,13.845428,138
2024-01-03 13:50:00,13.845428,13.850410,13.823746,13.843656,6290
2024-01-03 13:51:00,13.843656,13.872839,13.831564,13.857823,2594
2024-01-03 13:52:00,13.857823,13.871945,13.837974,13.845312,2021
2024-01-03 13:53:00,13.845312,13.872316,13.831684,13.855517,4331
2024-01-03 13:54:00,13.855517,13.881246,13.837910,13.876167,8431
2024-01-03 13:55:00,13.876167,13.888746,13.858237,13.876045,6463
2024-01-03 13:56:00,13.876045,13.892087,13.856374,13.874523,5750
2024-01-03 13:57:00,13.874523,13.887580,13.846427,13.856680,2790
2024-01-03 13:58:00,13.856680,13.871382,13.830521,13.850488,2455
2024-01-03 13:59:00,13.850488,13.852784,13.825946,13.839322,191
2024-01-03 14:00:00,13.839322,13.861343,13.825363,13.856198,5451
2024-01-03 14:01:00,13.856198,13.873524,13.846072,13.851803,6982
2024-01-03 14:02:00,13.851803,13.868881,13.843345,13.846998,3992
2024-01-03 14:03:00,13.846998,13.877227,13.835587,13.865242,8509
2024-01-03 14:04:00,13.865242,13.872158,13.858893,13.863941,3261
2024-01-03 14:05:00,13.863941,13.892042,13.848224,13.873254,8488
2024-01-03 14:06:00,13.873254,13.887001,13.862674,13.867189,9321
2024-01-03 14:07:00,13.867189,13.881151,13.859359,13.873716,6940
2024-01-03 14:08:00,13.873716,13.890893,13.864523,13.870747,2204
2024-01-03 14:09:00,13.870747,13.899767,13.856260,13.892454,9927
2024-01-03 14:10:00,13.892454,13.900510,13.879343,13.896367,3390
2024-01-03 14:11:00,13.896367,13.910290,13.862228,13.872674,9869
2024-01-03 14:12:00,13.872674,13.886462,13.857349,13.864452,1906
2024-01-03 14:13:00,13.864452,13.880235,13.835659,13.843126,7066
2024-01-03 14:14:00,13.843126,13.868883,13.826915,13.852231,9676
2024-01-03 14:15:00,13.852231,13.878312,13.839440,13.865503,3863
2024-01-03 14:16:00,13.865503,13.874018,13.858135,13.869844,4595
2024-01-03 14:17:00,13.869844,13.888811,13.853055,13.861317,7855
2024-01-03 14:18:00,13.861317,13.870393,13.836699,13.842095,4819
2024-01-03 14:19:00,13.842095,13.861795,13.834036,13.841314,5235
2024-01-03 14:20:00,13.841314,13.850707,13.822869,13.830063,6972
2024-01-03 14:21:00,13.830063,13.851859,13.818633,13.845759,9055
2024-01-03 14:22:00,13.845759,13.847839,13.822710,13.839177,9558
2024-01-03 14:23:00,13.839177,13.866540,13.820007,13.846889,3206
2024-01-03 14:24:00,13.846889,13.854227,13.822924,13.838791,5093
2024-01-03 14:25:00,13.838791,13.877152,13.828681,13.857253,2509
2024-01-03 14:26:00,13.857253,13.859711,13.835548,13.840108,6560
2024-01-03 14:27:00,13.840108,13.847962,13.817721,13.834118,109
2024-01-03 14:28:00,13.834118,13.857984,13.831505,13.843910,9859
2024-01-03 14:29:00,13.843910,13.884024,13.841532,13.872201,2225
2024-01-03 14:30:00,13.872201,13.876999,13.839828,13.848042,7434
2024-01-03 14:31:00,13.848042,13.857743,13.813052,13.826583,1598
2024-01-03 14:32:00,13.826583,13.843432,13.813309,13.834520,9669
2024-01-03 14:33:00,13.834520,13.863955,13.821844,13.861180,7051
2024-01-03 14:34:00,13.861180,13.886691,13.854839,13.875360,1759
2024-01-03 14:35:00,13.875360,13.889973,13.860244,13.887453,8595
2024-01-03 14:36:00,13.887453,13.891610,13.863837,13.869444,4713
2024-01-03 14:37:00,13.869444,13.882651,13.857897,13.873865,2833
2024-01-03 14:38:00,13.873865,13.888533,13.856608,13.882491,253
2024-01-03 14:39:00,13.882491,13.902884,13.874808,13.886082,8159
2024-01-03 14:40:00,13.886082,13.897784,13.876805,13.891219,7980
2024-01-03 14:41:00,13.891219,13.923737,13.881647,13.903943,6604
2024-01-03 14:42:00,13.903943,13.921548,13.845151,13.862843,5107
2024-01-03 14:43:00,13.862843,13.871372,13.823873,13.828458,9946
2024-01-03 14:44:00,13.828458,13.848186,13.804326,13.808378,163
2024-01-03 14:45:00,13.808378,13.824436,13.800501,13.809837,7658
2024-01-03 14:46:00,13.809837,13.812009,13.789820,13.803264,9551
2024-01-03 14:47:00,13.803264,13.820086,13.761997,13.780756,6362
2024-01-03 14:48:00,13.780756,13.824916,13.772940,13.808099,4528
2024-01-03 14:49:00,13.808099,13.825849,13.793917,13.804595,5312
2024-01-03 14:50:00,13.804595,13.826788,13.794439,13.807910,6419
2024-01-03 14:51:00,13.807910,13.830219,13.796833,13.823674,9708
2024-01-03 14:52:00,13.823674,13.864671,13.817759,13.859625,9816
2024-01-03 14:53:00,13.859625,13.867563,13.854136,13.858623,6556
2024-01-03 14:54:00,13.858623,13.872974,13.850472,13.861752,5668
2024-01-03 14:55:00,13.861752,13.879290,13.836030,13.840733,8457
2024-01-03 14:56:00,13.840733,13.844644,13.831317,13.839927,8902
2024-01-03 14:57:00,13.839927,13.858839,13.808286,13.818649,5991
2024-01-03 14:58:00,13.818649,13.823929,13.803537,13.810996,9264
2024-01-03 14:59:00,13.810996,13.839199,13.808608,13.823858,8684
2024-01-03 15:00:00,13.823858,13.849853,13.818952,13.829896,4305
2024-01-04 09:31:00,14.123674,14.139819,14.091899,14.109105,2177
2024-01-04 09:32:00,14.109105,14.117952,14.095114,14.098108,4788
2024-01-04 09:33:00,14.098108,14.128545,14.092089,14.111590,1446
2024-01-04 09:34:00,14.111590,14.127192,14.097459,14.118701,4231
2024-01-04 09:35:00,14.118701,14.135152,14.115220,14.121846,4271
2024-01-04 09:36:00,14.121846,14.125646,14.086854,14.099183,4773
2024-01-04 09:37:00,14.099183,14.143939,14.081581,14.130013,6098
2024-01-04 09:38:00,14.130013,14.133027,14.120077,14.129868,5506
2024-01-04 09:39:00,14.129868,14.142286,14.115800,14.124378,8499
2024-01-04 09:40:00,14.124378,14.153490,14.110325,14.134584,1976
2024-01-04 09:41:00,14.134584,14.147330,14.116917,14.144791,2786
2024-01-04 09:42:00,14.144791,14.159919,14.139461,14.141718,860
2024-01-04 09:43:00,14.141718,14.164212,14.134565,14.151786,5802
2024-01-04 09:44:00,14.151786,14.194092,14.149324,14.183744,2083
2024-01-04 09:45:00,14.183744,14.205577,14.179257,14.192540,2729
2024-01-04 09:46:00,14.192540,14.209726,14.176767,14.187711,8623
2024-01-04 09:47:00,14.187711,14.201548,14.154492,14.168706,4233
2024-01-04 09:48:00,14.168706,14.178725,14.143108,14.149472,7236
2024-01-04 09:49:00,14.149472,14.155103,14.115938,14.134972,7244
2024-01-04 09:50:00,14.134972,14.144495,14.111329,14.123442,4651
2024-01-04 09:51:00,14.123442,14.131568,14.095273,14.101272,1967
2024-01-04 09:52:00,14.101272,14.108175,14.077729,14.095233,5678
2024-01-04 09:53:00,14.095233,14.099826,14.079827,14.091610,6682
2024-01-04 09:54:00,14.091610,14.110255,14.060651,14.072809,4142
2024-01-04 09:55:00,14.072809,14.085268,14.037938,14.042539,4286
2024-01-04 09:56:00,14.042539,14.063715,14.024181,14.056964,1750
2024-01-04 09:57:00,14.056964,14.076038,14.038503,14.068382,6798
2024-01-04 09:58:00,14.068382,14.079775,14.043404,14.061800,1988
2024-01-04 09:59:00,14.061800,14.070097,14.049445,14.061332,1456
2024-01-04 10:00:00,14.061332,14.078840,14.044573,14.062745,6176
2024-01-04 10:01:00,14.062745,14.089573,14.058163,14.073779,123
2024-01-04 10:02:00,14.073779,14.091183,14.069168,14.082256,3462
2024-01-04 10:03:00,14.082256,14.088868,14.064687,14.078903,3574
2024-01-04 10:04:00,14.078903,14.096512,14.054233,14.070303,9013
2024-01-04 10:05:00,14.070303,14.085042,14.037276,14.056365,2521
2024-01-04 10:06:00,14.056365,14.077875,14.046997,14.064434,6549
2024-01-04 10:07:00,14.064434,14.098982,14.061102,14.093884,4887
2024-01-04 10:08:00,14.093884,14.096974,14.084780,14.094574,7497
2024-01-04 10:09:00,14.094574,14.120581,14.088553,14.107114,7023
2024-01-04 10:10:00,14.107114,14.142991,14.093222,14.125511,9301
2024-01-04 10:11:00,14.125511,14.139764,14.110192,14.123841,4082
2024-01-04 10:12:00,14.123841,14.131752,14.089205,14.091670,1421
2024-01-04 10:13:00,14.091670,14.100736,14.065784,14.079707,3415
2024-01-04 10:14:00,14.079707,14.102284,14.064289,14.096116,780
2024-01-04 10:15:00,14.096116,14.098212,14.077876,14.092224,2978
2024-01-04 10:16:00,14.092224,14.126318,14.072247,14.110560,6345
2024-01-04 10:17:00,14.110560,14.116660,14.085032,14.095395,5428
2024-01-04 10:18:00,14.095395,14.119562,14.078599,14.104091,8573
2024-01-04 10:19:00,14.104091,14.120701,14.081867,14.090779,1453
2024-01-04 10:20:00,14.090779,14.093233,14.062294,14.078358,8174
2024-01-04 10:21:00,14.078358,14.098619,14.062167,14.089270,6812
2024-01-04 10:22:00,14.089270,14.117809,14.073735,14.099429,6711
2024-01-04 10:23:00,14.099429,14.109344,14.066784,14.075520,8781
2024-01-04 10:24:00,14.075520,14.094021,14.068198,14.087543,2191
2024-01-04 10:25:00,14.087543,14.092424,14.079238,14.088615,1253
2024-01-04 10:26:00,14.088615,14.119448,14.085432,14.099775,5815
2024-01-04 10:27:00,14.099775,14.125900,14.086285,14.112295,5638
2024-01-04 10:28:00,14.112295,14.135788,14.105308,14.115809,7585
2024-01-04 10:29:00,14.115809,14.149092,14.100420,14.132567,3500
2024-01-04 10:30:00,14.132567,14.142180,14.110345,14.125009,205
2024-01-04 10:31:00,14.125009,14.157454,14.122878,14.140591,2914
2024-01-04 10:32:00,14.140591,14.155130,14.086809,14.103571,6916
2024-01-04 10:33:00,14.103571,14.119047,14.081894,14.100823,2531
2024-01-04 10:34:00,14.100823,14.118917,14.083008,14.090041,3631
2024-01-04 10:35:00,14.090041,14.108806,14.073621,14.090714,4486
2024-01-04 10:36:00,14.090714,14.120966,14.081936,14.114539,3002
2024-01-04 10:37:00,14.114539,14.145538,14.097385,14.137785,6356
2024-01-04 10:38:00,14.137785,14.159920,14.129190,14.154950,8124
2024-01-04 10:39:00,14.154950,14.164673,14.141774,14.156904,3027
2024-01-04 10:40:00,14.156904,14.174388,14.119381,14.125251,2710
2024-01-04 10:41:00,14.125251,14.134964,14.119970,14.130559,8423
2024-01-04 10:42:00,14.130559,14.147998,14.119345,14.134463,430
2024-01-04 10:43:00,14.134463,14.153301,14.108547,14.125956,6029
2024-01-04 10:44:00,14.125956,14.140049,14.108609,14.117420,2682
2024-01-04 10:45:00,14.117420,14.151163,14.097619,14.146267,5578
2024-01-04 10:46:00,14.146267,14.180279,14.141689,14.165739,3711
2024-01-04 10:47:00,14.165739,14.184127,14.140898,14.158059,1208
2024-01-04 10:48:00,14.158059,14.178252,14.155190,14.172432,5645
2024-01-04 10:49:00,14.172432,14.189965,14.168974,14.180634,8091
2024-01-04 10:50:00,14.180634,14.184205,14.176310,14.179230,2112
2024-01-04 10:51:00,14.179230,14.186228,14.157903,14.167026,9019
2024-01-04 10:52:00,14.167026,14.175365,14.156763,14.168788,5479
2024-01-04 10:53:00,14.168788,14.187068,14.153164,14.165093,6943
2024-01-04 10:54:00,14.165093,14.174100,14.130463,14.133218,4186
2024-01-04 10:55:00,14.133218,14.138528,14.115645,14.132279,9864
2024-01-04 10:56:00,14.132279,14.165430,14.122628,14.160459,1832
2024-01-04 10:57:00,14.160459,14.173071,14.121215,14.139930,3401
2024-01-04 10:58:00,14.139930,14.156199,14.120282,14.149195,7973
2024-01-04 10:59:00,14.149195,14.175576,14.131354,14.162841,7088
2024-01-04 11:00:00,14.162841,14.171472,14.145465,14.153496,4625
2024-01-04 11:01:00,14.153496,14.184177,14.150337,14.164568,7562
2024-01-04 11:02:00,14.164568,14.213239,14.160326,14.199499,7926
2024-01-04 11:03:00,14.199499,14.217769,14.183900,14.206824,370
2024-01-04 11:04:00,14.206824,14.223263,14.193688,14.209542,7840
2024-01-04 11:05:00,14.209542,14.216218,14.191301,14.210034,3872
2024-01-04 11:06:00,14.210034,14.241216,14.201436,14.227582,9435
2024-01-04 11:07:00,14.227582,14.247563,14.217277,14.235197,5000
2024-01-04 11:08:00,14.235197,14.260045,14.230538,14.245025,9169
2024-01-04 11:09:00,14.245025,14.251376,14.215386,14.234646,124
2024-01-04 11:10:00,14.234646,14.242063,14.208459,14.227451,9062
2024-01-04 11:11:00,14.227451,14.246211,14.210610,14.242641,5855
2024-01-04 11:12:00,14.242641,14.292956,14.230532,14.280671,5056
2024-01-04 11:13:00,14.280671,14.308835,14.277209,14.301993,5716
2024-01-04 11:14:00,14.301993,14.320761,14.299660,14.315594,6195
2024-01-04 11:15:00,14.315594,14.331719,14.300065,14.302394,3123
2024-01-04 11:16:00,14.302394,14.321194,14.298350,14.312076,4220
2024-01-04 11:17:00,14.312076,14.322589,14.292337,14.302375,6402
2024-01-04 11:18:00,14.302375,14.330619,14.292832,14.324291,528
2024-01-04 11:19:00,14.324291,14.333251,14.298317,14.316416,8330
2024-01-04 11:20:00,14.316416,14.333474,14.267331,14.280682,3997
2024-01-04 11:21:00,14.280682,14.342089,14.270906,14.324890,6226
2024-01-04 11:22:00,14.324890,14.339493,14.320871,14.332022,7465
2024-01-04 11:23:00,14.332022,14.350821,14.326773,14.329005,327
2024-01-04 11:24:00,14.329005,14.353325,14.309349,14.337540,4409
2024-01-04 11:25:00,14.337540,14.340803,14.299110,14.309343,9762
2024-01-04 11:26:00,14.309343,14.317024,14.292880,14.303386,2211
2024-01-04 11:27:00,14.303386,14.321870,14.267873,14.287285,8788
2024-01-04 11:28:00,14.287285,14.293672,14.253115,14.271328,9260
2024-01-04 11:29:00,14.271328,14.280016,14.240879,14.258200,9675
2024-01-04 11:30:00,14.258200,14.287635,14.254929,14.271005,958
2024-01-04 13:01:00,14.271005,14.283829,14.256359,14.274074,616
2024-01-04 13:02:00,14.274074,14.290897,14.265876,14.273340,8927
2024-01-04 13:03:00,14.273340,14.290513,14.253826,14.262585,9698
2024-01-04 13:04:00,14.262585,14.281889,14.246722,14.254812,2914
2024-01-04 13:05:00,14.254812,14.265010,14.244150,14.246575,5985
2024-01-04 13:06:00,14.246575,14.264230,14.234361,14.252117,3591
2024-01-04 13:07:00,14.252117,14.269796,14.236198,14.262908,1339
2024-01-04 13:08:00,14.262908,14.279771,14.252771,14.264270,203
2024-01-04 13:09:00,14.264270,14.280631,14.253486,14.262778,330
2024-01-04 13:10:00,14.262778,14.282631,14.245983,14.276722,579
2024-01-04 13:11:00,14.276722,14.295644,14.269163,14.292585,7647
2024-01-04 13:12:00,14.292585,14.306963,14.270945,14.286382,9173
2024-01-04 13:13:00,14.286382,14.292259,14.274313,14.282561,8448
2024-01-04 13:14:00,14.282561,14.307612,14.276394,14.295109,1236
2024-01-04 13:15:00,14.295109,14.326358,14.282690,14.319392,8790
2024-01-04 13:16:00,14.319392,14.345975,14.300095,14.335497,3196
2024-01-04 13:17:00,14.335497,14.357918,14.323465,14.346354,6383
2024-01-04 13:18:00,14.346354,14.364030,14.326846,14.353165,7119
2024-01-04 13:19:00,14.353165,14.364713,14.324100,14.334937,4756
2024-01-04 13:20:00,14.334937,14.343657,14.311860,14.320177,3331
2024-01-04 13:21:00,14.320177,14.328333,14.310924,14.323737,2672
2024-01-04 13:22:00,14.323737,14.340935,14.305013,14.318566,3641
2024-01-04 13:23:00,14.318566,14.344034,14.314618,14.326639,3805
2024-01-04 13:24:00,14.326639,14.353646,14.323656,14.333711,3584
2024-01-04 13:25:00,14.333711,14.352230,14.328779,14.349145,6190
2024-01-04 13:26:00,14.349145,14.365815,14.316101,14.333564,6241
2024-01-04 13:27:00,14.333564,14.342873,14.316761,14.337311,4933
2024-01-04 13:28:00,14.337311,14.348729,14.299166,14.309806,5635
2024-01-04 13:29:00,14.309806,14.311937,14.292221,14.304027,6552
2024-01-04 13:30:00,14.304027,14.325899,14.291025,14.321205,7223
2024-01-04 13:31:00,14.321205,14.327596,14.295183,14.305377,8706
2024-01-04 13:32:00,14.305377,14.310209,14.296837,14.302482,9162
2024-01-04 13:33:00,14.302482,14.315414,14.267579,14.283120,910
2024-01-04 13:34:00,14.283120,14.294059,14.266391,14.287357,6425
2024-01-04 13:35:00,14.287357,14.327451,14.269809,14.322257,8572
2024-01-04 13:36:00,14.322257,14.326305,14.298097,14.300588,3500
2024-01-04 13:37:00,14.300588,14.313567,14.275189,14.294264,5497
2024-01-04 13:38:00,14.294264,14.314845,14.290166,14.305159,4131
2024-01-04 13:39:00,14.305159,14.335481,14.290418,14.323752,2980
2024-01-04 13:40:00,14.323752,14.337340,14.304286,14.331097,5540
2024-01-04 13:41:00,14.331097,14.362555,14.313418,14.345689,9182
2024-01-04 13:42:00,14.345689,14.351266,14.319817,14.331392,9246
2024-01-04 13:43:00,14.331392,14.347652,14.328199,14.334593,1883
2024-01-04 13:44:00,14.334593,14.353300,14.319660,14.330403,4848
2024-01-04 13:45:00,14.330403,14.345659,14.306050,14.314626,8294
2024-01-04 13:46:00,14.314626,14.332379,14.307697,14.312563,1138
2024-01-04 13:47:00,14.312563,14.329723,14.290969,14.299415,9462
2024-01-04 13:48:00,14.299415,14.305088,14.277505,14.281763,5088
2024-01-04 13:49:00,14.281763,14.286866,14.277794,14.284806,1165
2024-01-04 13:50:00,14.284806,14.326688,14.274826,14.317175,841
2024-01-04 13:51:00,14.317175,14.331839,14.276433,14.295194,6183
2024-01-04 13:52:00,14.295194,14.299782,14.271947,14.275058,7901
2024-01-04 13:53:00,14.275058,14.287844,14.268262,14.279398,5490
2024-01-04 13:54:00,14.279398,14.286654,14.234213,14.252720,897
2024-01-04 13:55:00,14.252720,14.256650,14.231970,14.239551,5925
2024-01-04 13:56:00,14.239551,14.250338,14.226054,14.248128,7243
2024-01-04 13:57:00,14.248128,14.266586,14.220797,14.237404,2353
2024-01-04 13:58:00,14.237404,14.256774,14.234007,14.236866,507
2024-01-04 13:59:00,14.236866,14.282731,14.231091,14.264459,6629
2024-01-04 14:00:00,14.264459,14.293825,14.249892,14.274622,4902
2024-01-04 14:01:00,14.274622,14.292129,14.245956,14.250778,7248
2024-01-04 14:02:00,14.250778,14.253091,14.232177,14.240532,1979
2024-01-04 14:03:00,14.240532,14.278133,14.220970,14.269962,7385
2024-01-04 14:04:00,14.269962,14.276921,14.264824,14.268286,8445
2024-01-04 14:05:00,14.268286,14.286961,14.227990,14.245670,883
2024-01-04 14:06:00,14.245670,14.265286,14.239877,14.254123,8961
2024-01-04 14:07:00,14.254123,14.276624,14.249695,14.262936,4242
2024-01-04 14:08:00,14.262936,14.302614,14.244651,14.294159,1048
2024-01-04 14:09:00,14.294159,14.320437,14.284160,14.301705,5227
2024-01-04 14:10:00,14.301705,14.335360,14.290148,14.315876,4941
2024-01-04 14:11:00,14.315876,14.350911,14.312126,14.338177,9535
2024-01-04 14:12:00,14.338177,14.345506,14.304385,14.311336,5843
2024-01-04 14:13:00,14.311336,14.317732,14.299230,14.309288,2260
2024-01-04 14:14:00,14.309288,14.316050,14.287913,14.305204,1502
2024-01-04 14:15:00,14.305204,14.324079,14.300065,14.303548,8115
2024-01-04 14:16:00,14.303548,14.309699,14.294766,14.300402,481
2024-01-04 14:17:00,14.300402,14.318099,14.273321,14.292871,4563
2024-01-04 14:18:00,14.292871,14.313422,14.273715,14.308373,3763
2024-01-04 14:19:00,14.308373,14.320970,14.282434,14.300129,2188
2024-01-04 14:20:00,14.300129,14.334174,14.289148,14.322727,6382
2024-01-04 14:21:00,14.322727,14.334490,14.296162,14.306193,742
2024-01-04 14:22:00,14.306193,14.319380,14.289874,14.295672,975
2024-01-04 14:23:00,14.295672,14.313329,14.240641,14.257909,4044
2024-01-04 14:24:00,14.257909,14.269333,14.220996,14.232168,4371
2024-01-04 14:25:00,14.232168,14.278026,14.225799,14.264603,4997
2024-01-04 14:26:00,14.264603,14.275332,14.228299,14.243869,381
2024-01-04 14:27:00,14.243869,14.263234,14.240513,14.245468,6816
2024-01-04 14:28:00,14.245468,14.267327,14.228555,14.256970,5924
2024-01-04 14:29:00,14.256970,14.281451,14.250810,14.264020,9670
2024-01-04 14:30:00,14.264020,14.301802,14.249732,14.287819,912
2024-01-04 14:31:00,14.287819,14.337632,14.278089,14.328071,2415
2024-01-04 14:32:00,14.328071,14.338554,14.314380,14.324246,7533
2024-01-04 14:33:00,14.324246,14.326881,14.300197,14.319004,7710
2024-01-04 14:34:00,14.319004,14.344608,14.308644,14.336821,7059
2024-01-04 14:35:00,14.336821,14.346452,14.313641,14.325470,7888
2024-01-04 14:36:00,14.325470,14.338162,14.288174,14.297123,3799
2024-01-04 14:37:00,14.297123,14.304455,14.290016,14.302411,9657
2024-01-04 14:38:00,14.302411,14.318543,14.282639,14.290880,4827
2024-01-04 14:39:00,14.290880,14.298678,14.267419,14.282732,8785
2024-01-04 14:40:00,14.282732,14.286534,14.257947,14.271664,7802
2024-01-04 14:41:00,14.271664,14.283455,14.264082,14.267212,5219
2024-01-04 14:42:00,14.267212,14.276308,14.248976,14.271666,4507
2024-01-04 14:43:00,14.271666,14.286521,14.251819,14.255608,920
2024-01-04 14:44:00,14.255608,14.312980,14.249741,14.306672,3253
2024-01-04 14:45:00,14.306672,14.321094,14.254257,14.267588,2300
2024-01-04 14:46:00,14.267588,14.310018,14.258453,14.290068,5777
2024-01-04 14:47:00,14.290068,14.301026,14.279526,14.284762,2080
2024-01-04 14:48:00,14.284762,14.286972,14.260410,14.272356,1983
2024-01-04 14:49:00,14.272356,14.277343,14.260147,14.268286,8958
2024-01-04 14:50:00,14.268286,14.292837,14.251319,14.284955,1371
2024-01-04 14:51:00,14.284955,14.296274,14.258877,14.278246,117
2024-01-04 14:52:00,14.278246,14.293840,14.273740,14.275957,5621
2024-01-04 14:53:00,14.275957,14.287530,14.266187,14.271690,1399
2024-01-04 14:54:00,14.271690,14.287885,14.254408,14.256786,4388
2024-01-04 14:55:00,14.256786,14.280890,14.238144,14.275424,9750
2024-01-04 14:56:00,14.275424,14.292934,14.258545,14.286465,259
2024-01-04 14:57:00,14.286465,14.296379,14.273183,14.289808,2171
2024-01-04 14:58:00,14.289808,14.315725,14.271944,14.307013,2250
2024-01-04 14:59:00,14.307013,14.335130,14.298397,14.322791,4928
2024-01-04 15:00:00,14.322791,14.334604,14.307420,14.327882,5299
2024-01-05 09:31:00,14.168294,14.178519,14.162552,14.170275,691
2024-01-05 09:32:00,14.170275,14.199673,14.168162,14.186076,5176
2024-01-05 09:33:00,14.186076,14.214223,14.173545,14.204354,5985
2024-01-05 09:34:00,14.204354,14.215948,14.175093,14.183727,9798
2024-01-05 09:35:00,14.183727,14.232298,14.170855,14.229463,1287
2024-01-05 09:36:00,14.229463,14.261642,14.209503,14.246269,1745
2024-01-05 09:37:00,14.246269,14.248815,14.237165,14.240984,731
2024-01-05 09:38:00,14.240984,14.250899,14.228190,14.248060,6614
2024-01-05 09:39:00,14.248060,14.278960,14.236658,14.271261,792
2024-01-05 09:40:00,14.271261,14.287966,14.250319,14.258724,1637
2024-01-05 09:41:00,14.258724,14.273589,14.251291,14.254521,3032
2024-01-05 09:42:00,14.254521,14.258094,14.234923,14.245191,195
2024-01-05 09:43:00,14.245191,14.249658,14.218096,14.221531,3557
2024-01-05 09:44:00,14.221531,14.224581,14.212128,14.215202,9488
2024-01-05 09:45:00,14.215202,14.217285,14.203629,14.211573,5305
2024-01-05 09:46:00,14.211573,14.215462,14.174883,14.191367,2518
2024-01-05 09:47:00,14.191367,14.196358,14.172928,14.189964,7886
2024-01-05 09:48:00,14.189964,14.203106,14.183250,14.191311,908
2024-01-05 09:49:00,14.191311,14.198134,14.166090,14.185534,5749
2024-01-05 09:50:00,14.185534,14.211766,14.178083,14.196391,8628
2024-01-05 09:51:00,14.196391,14.207307,14.160426,14.176868,681
2024-01-05 09:52:00,14.176868,14.192277,14.161600,14.185884,1921
2024-01-05 09:53:00,14.185884,14.200723,14.114443,14.127829,8439
2024-01-05 09:54:00,14.127829,14.170058,14.117729,14.165463,6614
2024-01-05 09:55:00,14.165463,14.181418,14.153205,14.165357,9927
2024-01-05 09:56:00,14.165357,14.169084,14.151609,14.156476,6171
2024-01-05 09:57:00,14.156476,14.179989,14.152684,14.166901,8714
2024-01-05 09:58:00,14.166901,14.176165,14.156664,14.163989,3504
2024-01-05 09:59:00,14.163989,14.167611,14.142692,14.159975,4462
2024-01-05 10:00:00,14.159975,14.165967,14.141132,14.159470,871
2024-01-05 10:01:00,14.159470,14.186751,14.150720,14.169589,6749
2024-01-05 10:02:00,14.169589,14.182799,14.133238,14.149955,9936
2024-01-05 10:03:00,14.149955,14.164505,14.138469,14.162233,378
2024-01-05 10:04:00,14.162233,14.164296,14.149731,14.154438,112
2024-01-05 10:05:00,14.154438,14.181497,14.147159,14.164286,1072
2024-01-05 10:06:00,14.164286,14.166822,14.139519,14.149598,7209
2024-01-05 10:07:00,14.149598,14.163142,14.124816,14.130191,2051
2024-01-05 10:08:00,14.130191,14.137558,14.114687,14.128026,4179
2024-01-05 10:09:00,14.128026,14.139748,14.090025,14.109558,8826
2024-01-05 10:10:00,14.109558,14.116166,14.087207,14.098968,6586
2024-01-05 10:11:00,14.098968,14.117285,14.086761,14.112132,5918
2024-01-05 10:12:00,14.112132,14.129567,14.106673,14.124137,5504
2024-01-05 10:13:00,14.124137,14.129364,14.096672,14.114156,4865
2024-01-05 10:14:00,14.114156,14.131539,14.103287,14.109734,7819
2024-01-05 10:15:00,14.109734,14.122555,14.095360,14.116447,1942
2024-01-05 10:16:00,14.116447,14.124700,14.098957,14.102771,156
2024-01-05 10:17:00,14.102771,14.120446,14.055718,14.073498,3899
2024-01-05 10:18:00,14.073498,14.091756,14.046336,14.056061,3704
2024-01-05 10:19:00,14.056061,14.080953,14.051922,14.073990,9477
2024-01-05 10:20:00,14.073990,14.106792,14.066340,14.102643,569
2024-01-05 10:21:00,14.102643,14.127197,14.084778,14.109074,3208
2024-01-05 10:22:00,14.109074,14.116702,14.069245,14.086991,3078
2024-01-05 10:23:00,14.086991,14.107570,14.070296,14.092835,3783
2024-01-05 10:24:00,14.092835,14.114968,14.077417,14.099590,9153
2024-01-05 10:25:00,14.099590,14.109999,14.092969,14.107078,4151
2024-01-05 10:26:00,14.107078,14.140283,14.098441,14.136681,9177
2024-01-05 10:27:00,14.136681,14.174814,14.118347,14.154856,609
2024-01-05 10:28:00,14.154856,14.195190,14.137174,14.176587,4888
2024-01-05 10:29:00,14.176587,14.195409,14.155862,14.165027,7330
2024-01-05 10:30:00,14.165027,14.177030,14.146478,14.160155,4692
2024-01-05 10:31:00,14.160155,14.171830,14.151679,14.160971,9167
2024-01-05 10:32:00,14.160971,14.178034,14.158645,14.175298,9852
2024-01-05 10:33:00,14.175298,14.179002,14.156777,14.175316,4718
2024-01-05 10:34:00,14.175316,14.191429,14.171723,14.188342,3787
2024-01-05 10:35:00,14.188342,14.209451,14.176135,14.206583,3697
2024-01-05 10:36:00,14.206583,14.218007,14.195544,14.214069,3761
2024-01-05 10:37:00,14.214069,14.252073,14.210085,14.246664,3495
2024-01-05 10:38:00,14.246664,14.262937,14.241095,14.244084,8048
2024-01-05 10:39:00,14.244084,14.266809,14.241206,14.257264,2650
2024-01-05 10:40:00,14.257264,14.270875,14.235550,14.245115,5337
2024-01-05 10:41:00,14.245115,14.263572,14.235869,14.247657,3543
2024-01-05 10:42:00,14.247657,14.276071,14.235349,14.264983,1182
2024-01-05 10:43:00,14.264983,14.303615,14.259703,14.296191,2632
2024-01-05 10:44:00,14.296191,14.308213,14.285639,14.305139,4120
2024-01-05 10:45:00,14.305139,14.347623,14.290320,14.333412,8850
2024-01-05 10:46:00,14.333412,14.388091,14.325555,14.371148,950
2024-01-05 10:47:00,14.371148,14.383784,14.362584,14.380166,7496
2024-01-05 10:48:00,14.380166,14.425464,14.363713,14.413179,5078
2024-01-05 10:49:00,14.413179,14.461031,14.407815,14.452475,7643
2024-01-05 10:50:00,14.452475,14.485080,14.438647,14.465924,315
2024-01-05 10:51:00,14.465924,14.510141,14.462208,14.499104,2156
2024-01-05 10:52:00,14.499104,14.516465,14.485244,14.491981,4237
2024-01-05 10:53:00,14.491981,14.499944,14.469984,14.486972,8873
2024-01-05 10:54:00,14.486972,14.517839,14.472802,14.499191,1254
2024-01-05 10:55:00,14.499191,14.560002,14.493858,14.542057,8131
2024-01-05 10:56:00,14.542057,14.615330,14.533031,14.596504,119
2024-01-05 10:57:00,14.596504,14.621629,14.577043,14.613720,8667
2024-01-05 10:58:00,14.613720,14.670010,14.595255,14.662532,7098
2024-01-05 10:59:00,14.662532,14.727105,14.646845,14.717330,1504
2024-01-05 11:00:00,14.717330,14.770815,14.699797,14.757576,1953
2024-01-05 11:01:00,14.757576,14.832098,14.754682,14.817147,6150
2024-01-05 11:02:00,14.817147,14.920916,14.804439,14.902172,1781
2024-01-05 11:03:00,14.902172,14.985032,14.898125,14.971436,6669
2024-01-05 11:04:00,14.971436,15.068992,14.967348,15.057643,831
2024-01-05 11:05:00,15.057643,15.153138,15.048367,15.139698,4107
2024-01-05 11:06:00,15.139698,15.221850,15.131387,15.214670,7624
2024-01-05 11:07:00,15.214670,15.291255,15.210913,15.273351,6366
2024-01-05 11:08:00,15.273351,15.349300,15.269266,15.333425,5470
2024-01-05 11:09:00,15.333425,15.381016,15.318571,15.362818,7868
2024-01-05 11:10:00,15.362818,15.437463,15.344929,15.422250,7610
2024-01-05 11:11:00,15.422250,15.495382,15.411027,15.481298,7094
2024-01-05 11:12:00,15.481298,15.493520,15.471267,15.477532,2136
2024-01-05 11:13:00,15.477532,15.491543,15.452568,15.464059,4648
2024-01-05 11:14:00,15.464059,15.481827,15.440627,15.457850,674
2024-01-05 11:15:00,15.457850,15.467746,15.399675,15.418685,7390
2024-01-05 11:16:00,15.418685,15.430203,15.397277,15.400374,6555
2024-01-05 11:17:00,15.400374,15.407035,15.331940,15.341125,7066
2024-01-05 11:18:00,15.341125,15.358518,15.329981,15.333964,6560
2024-01-05 11:19:00,15.333964,15.341783,15.303090,15.312782,5687
2024-01-05 11:20:00,15.312782,15.331613,15.253018,15.264365,4265
2024-01-05 11:21:00,15.264365,15.267475,15.174527,15.191034,7679
2024-01-05 11:22:00,15.191034,15.200515,15.138869,15.143760,540
2024-01-05 11:23:00,15.143760,15.148109,15.056433,15.067591,9513
2024-01-05 11:24:00,15.067591,15.084450,14.971974,14.982540,8327
2024-01-05 11:25:00,14.982540,14.987194,14.864801,14.881246,7041
2024-01-05 11:26:00,14.881246,14.888357,14.781550,14.801213,6728
2024-01-05 11:27:00,14.801213,14.815408,14.759000,14.765963,821
2024-01-05 11:28:00,14.765963,14.771635,14.726633,14.733673,6243
2024-01-05 11:29:00,14.733673,14.746470,14.683923,14.691389,1413
2024-01-05 11:30:00,14.691389,14.707237,14.635128,14.643416,3673
2024-01-05 13:01:00,14.643416,14.647916,14.567582,14.575794,5353
2024-01-05 13:02:00,14.575794,14.594768,14.521320,14.528121,6268
2024-01-05 13:03:00,14.528121,14.545774,14.479582,14.487063,1435
2024-01-05 13:04:00,14.487063,14.506731,14.440154,14.456140,5698
2024-01-05 13:05:00,14.456140,14.461864,14.407996,14.416699,8665
2024-01-05 13:06:00,14.416699,14.429175,14.404608,14.409119,8065
2024-01-05 13:07:00,14.409119,14.414750,14.376357,14.380808,905
2024-01-05 13:08:00,14.380808,14.385221,14.352465,14.357414,3848
2024-01-05 13:09:00,14.357414,14.367143,14.340197,14.356865,5501
2024-01-05 13:10:00,14.356865,14.376026,14.350719,14.355982,6959
2024-01-05 13:11:00,14.355982,14.381913,14.341119,14.368040,2340
2024-01-05 13:12:00,14.368040,14.375532,14.338664,14.349461,252
2024-01-05 13:13:00,14.349461,14.364594,14.345640,14.360125,7800
2024-01-05 13:14:00,14.360125,14.377672,14.314869,14.328038,7986
2024-01-05 13:15:00,14.328038,14.342999,14.310193,14.321120,6100
2024-01-05 13:16:00,14.321120,14.338707,14.287343,14.301047,2288
2024-01-05 13:17:00,14.301047,14.314423,14.286879,14.296780,7472
2024-01-05 13:18:00,14.296780,14.326815,14.278125,14.318296,7742
2024-01-05 13:19:00,14.318296,14.322974,14.259707,14.278629,8966
2024-01-05 13:20:00,14.278629,14.306750,14.263163,14.300494,5227
2024-01-05 13:21:00,14.300494,14.324817,14.287776,14.321071,693
2024-01-05 13:22:00,14.321071,14.328549,14.304956,14.312980,9320
2024-01-05 13:23:00,14.312980,14.318558,14.281787,14.298169,846
2024-01-05 13:24:00,14.298169,14.306582,14.292258,14.302829,8408
2024-01-05 13:25:00,14.302829,14.320965,14.264672,14.270211,4103
2024-01-05 13:26:00,14.270211,14.312087,14.263169,14.292917,9998
2024-01-05 13:27:00,14.292917,14.332172,14.286597,14.324264,394
2024-01-05 13:28:00,14.324264,14.340765,14.301496,14.310576,5116
2024-01-05 13:29:00,14.310576,14.321969,14.296514,14.300529,3167
2024-01-05 13:30:00,14.300529,14.327334,14.289195,14.310738,6934
2024-01-05 13:31:00,14.310738,14.326404,14.279709,14.296675,1819
2024-01-05 13:32:00,14.296675,14.303830,14.278658,14.284751,2897
2024-01-05 13:33:00,14.284751,14.308884,14.276472,14.297357,1846
2024-01-05 13:34:00,14.297357,14.300564,14.276893,14.296617,5626
2024-01-05 13:35:00,14.296617,14.317115,14.284364,14.308027,4275
2024-01-05 13:36:00,14.308027,14.346132,14.297267,14.333096,2983
2024-01-05 13:37:00,14.333096,14.340973,14.308477,14.317918,8955
2024-01-05 13:38:00,14.317918,14.332837,14.307315,14.321419,7968
2024-01-05 13:39:00,14.321419,14.328022,14.282554,14.301210,7543
2024-01-05 13:40:00,14.301210,14.336372,14.295854,14.318193,8264
2024-01-05 13:41:00,14.318193,14.326716,14.303279,14.315863,9929
2024-01-05 13:42:00,14.315863,14.334625,14.300810,14.318961,4784
2024-01-05 13:43:00,14.318961,14.345154,14.304350,14.342939,3624
2024-01-05 13:44:00,14.342939,14.355314,14.312411,14.317345,563
2024-01-05 13:45:00,14.317345,14.332363,14.302191,14.323292,9957
2024-01-05 13:46:00,14.323292,14.335148,14.284790,14.304120,1474
2024-01-05 13:47:00,14.304120,14.315070,14.293267,14.312484,4861
2024-01-05 13:48:00,14.312484,14.325737,14.271177,14.280300,9764
2024-01-05 13:49:00,14.280300,14.299786,14.252355,14.272118,4834
2024-01-05 13:50:00,14.272118,14.285029,14.248819,14.264321,9587
2024-01-05 13:51:00,14.264321,14.294954,14.248189,14.284792,1131
2024-01-05 13:52:00,14.284792,14.296516,14.280000,14.291488,8725
2024-01-05 13:53:00,14.291488,14.308270,14.265015,14.270731,777
2024-01-05 13:54:00,14.270731,14.288003,14.240743,14.258634,8404
2024-01-05 13:55:00,14.258634,14.289024,14.250669,14.276847,9369
2024-01-05 13:56:00,14.276847,14.282188,14.261636,14.270967,9891
2024-01-05 13:57:00,14.270967,14.292195,14.266379,14.274096,6031
2024-01-05 13:58:00,14.274096,14.286076,14.256288,14.265438,5321
2024-01-05 13:59:00,14.265438,14.290912,14.256589,14.280189,4735
2024-01-05 14:00:00,14.280189,14.317697,14.277816,14.298286,7526
2024-01-05 14:01:00,14.298286,14.351618,14.286674,14.336033,114
2024-01-05 14:02:00,14.336033,14.349152,14.305681,14.324553,2098
2024-01-05 14:03:00,14.324553,14.327729,14.304198,14.313174,2979
2024-01-05 14:04:00,14.313174,14.329099,14.300948,14.315604,5193
2024-01-05 14:05:00,14.315604,14.318045,14.295235,14.308764,3607
2024-01-05 14:06:00,14.308764,14.313083,14.275173,14.281587,960
2024-01-05 14:07:00,14.281587,14.299544,14.279485,14.296969,9620
2024-01-05 14:08:00,14.296969,14.321847,14.280260,14.315593,1445
2024-01-05 14:09:00,14.315593,14.325659,14.275261,14.290573,7392
2024-01-05 14:10:00,14.290573,14.307060,14.268737,14.282198,1648
2024-01-05 14:11:00,14.282198,14.307614,14.263634,14.301760,1957
2024-01-05 14:12:00,14.301760,14.321655,14.248700,14.264420,1873
2024-01-05 14:13:00,14.264420,14.274791,14.256848,14.266630,8220
2024-01-05 14:14:00,14.266630,14.274935,14.260145,14.269667,9959
2024-01-05 14:15:00,14.269667,14.289140,14.246788,14.259074,8781
2024-01-05 14:16:00,14.259074,14.275217,14.256975,14.264568,1244
2024-01-05 14:17:00,14.264568,14.279073,14.258373,14.272143,8788
2024-01-05 14:18:00,14.272143,14.285757,14.243845,14.247344,7500
2024-01-05 14:19:00,14.247344,14.277989,14.232291,14.264824,6167
2024-01-05 14:20:00,14.264824,14.276677,14.241982,14.260996,4390
2024-01-05 14:21:00,14.260996,14.297588,14.254886,14.286500,5276
2024-01-05 14:22:00,14.286500,14.300623,14.247508,14.262373,8335
2024-01-05 14:23:00,14.262373,14.272953,14.246727,14.253886,1602
2024-01-05 14:24:00,14.253886,14.271654,14.235035,14.240379,5362
2024-01-05 14:25:00,14.240379,14.252930,14.221912,14.230032,3373
2024-01-05 14:26:00,14.230032,14.275978,14.227570,14.267216,6042
2024-01-05 14:27:00,14.267216,14.272832,14.243577,14.259637,8888
2024-01-05 14:28:00,14.259637,14.267795,14.245995,14.259213,7613
2024-01-05 14:29:00,14.259213,14.265044,14.244561,14.256650,3295
2024-01-05 14:30:00,14.256650,14.264006,14.230588,14.247665,5638
2024-01-05 14:31:00,14.247665,14.257735,14.228252,14.236421,8923
2024-01-05 14:32:00,14.236421,14.257062,14.220149,14.247754,8159
2024-01-05 14:33:00,14.247754,14.252365,14.219268,14.234639,9617
2024-01-05 14:34:00,14.234639,14.250080,14.223008,14.240886,9982
2024-01-05 14:35:00,14.240886,14.259250,14.229970,14.251618,8163
2024-01-05 14:36:00,14.251618,14.260512,14.235309,14.247365,7505
2024-01-05 14:37:00,14.247365,14.269141,14.233485,14.252201,5701
2024-01-05 14:38:00,14.252201,14.262279,14.235572,14.238526,9180
2024-01-05 14:39:00,14.238526,14.256491,14.229563,14.235746,5391
2024-01-05 14:40:00,14.235746,14.246291,14.189808,14.207268,3651
2024-01-05 14:41:00,14.207268,14.225107,14.177244,14.192040,286
2024-01-05 14:42:00,14.192040,14.213838,14.173311,14.196094,6916
2024-01-05 14:43:00,14.196094,14.222610,14.176966,14.219740,9282
2024-01-05 14:44:00,14.219740,14.232903,14.216496,14.228385,7384
2024-01-05 14:45:00,14.228385,14.238247,14.224378,14.235831,9868
2024-01-05 14:46:00,14.235831,14.258385,14.224468,14.248546,178
2024-01-05 14:47:00,14.248546,14.256200,14.222265,14.234496,2592
2024-01-05 14:48:00,14.234496,14.236532,14.221543,14.229446,7971
2024-01-05 14:49:00,14.229446,14.240170,14.207242,14.222102,5998
2024-01-05 14:50:00,14.222102,14.241143,14.179320,14.192122,1503
2024-01-05 14:51:00,14.192122,14.202606,14.163178,14.168444,8969
2024-01-05 14:52:00,14.168444,14.181695,14.163172,14.174625,6792
2024-01-05 14:53:00,14.174625,14.210339,14.158503,14.194428,8809
2024-01-05 14:54:00,14.194428,14.208492,14.175477,14.200090,7707
2024-01-05 14:55:00,14.200090,14.208240,14.165829,14.180899,3011
2024-01-05 14:56:00,14.180899,14.207181,14.173597,14.197462,7567
2024-01-05 14:57:00,14.197462,14.216980,14.186390,14.188528,4535
2024-01-05 14:58:00,14.188528,14.194238,14.153006,14.165397,7203
2024-01-05 14:59:00,14.165397,14.181025,14.153196,14.176038,3390
2024-01-05 15:00:00,14.176038,14.206849,14.161222,14.187758,3729
2024-01-08 09:31:00,14.194388,14.204764,14.166622,14.170724,5031
2024-01-08 09:32:00,14.170724,14.190765,14.165309,14.174499,1573
2024-01-08 09:33:00,14.174499,14.182810,14.123722,14.143584,9416
2024-01-08 09:34:00,14.143584,14.160306,14.125313,14.155693,2026
2024-01-08 09:35:00,14.155693,14.202885,14.142758,14.187098,209
2024-01-08 09:36:00,14.187098,14.198757,14.170685,14.179170,2470
2024-01-08 09:37:00,14.179170,14.196741,14.165325,14.185491,3261
2024-01-08 09:38:00,14.185491,14.196668,14.181877,14.189275,4834
2024-01-08 09:39:00,14.189275,14.204529,14.159288,14.172745,8322
2024-01-08 09:40:00,14.172745,14.189295,14.152503,14.165074,4031
2024-01-08 09:41:00,14.165074,14.169908,14.142242,14.154648,7889
2024-01-08 09:42:00,14.154648,14.156815,14.134583,14.147647,1221
2024-01-08 09:43:00,14.147647,14.153924,14.119870,14.123302,2910
2024-01-08 09:44:00,14.123302,14.150309,14.114922,14.131743,6662
2024-01-08 09:45:00,14.131743,14.135736,14.125927,14.132519,3444
2024-01-08 09:46:00,14.132519,14.155940,14.126692,14.146254,1443
2024-01-08 09:47:00,14.146254,14.186854,14.137286,14.168949,8733
2024-01-08 09:48:00,14.168949,14.183217,14.159611,14.180301,2209
2024-01-08 09:49:00,14.180301,14.197389,14.143859,14.156717,176
2024-01-08 09:50:00,14.156717,14.180436,14.145060,14.165400,3315
2024-01-08 09:51:00,14.165400,14.199136,14.149165,14.187165,2560
2024-01-08 09:52:00,14.187165,14.224462,14.178987,14.217691,2718
2024-01-08 09:53:00,14.217691,14.244894,14.208098,14.229415,9580
2024-01-08 09:54:00,14.229415,14.246313,14.211028,14.230361,9512
2024-01-08 09:55:00,14.230361,14.245244,14.189323,14.200332,8547
2024-01-08 09:56:00,14.200332,14.230818,14.186739,14.219193,2513
2024-01-08 09:57:00,14.219193,14.231876,14.207749,14.224629,3752
2024-01-08 09:58:00,14.224629,14.229174,14.182600,14.196136,3374
2024-01-08 09:59:00,14.196136,14.201059,14.171563,14.175749,1198
2024-01-08 10:00:00,14.175749,14.194246,14.148560,14.158524,1312
2024-01-08 10:01:00,14.158524,14.171233,14.148285,14.166968,9494
2024-01-08 10:02:00,14.166968,14.174941,14.140688,14.148976,9446
2024-01-08 10:03:00,14.148976,14.160299,14.143127,14.150938,2100
2024-01-08 10:04:00,14.150938,14.160129,14.135347,14.155877,1708
2024-01-08 10:05:00,14.155877,14.166216,14.136233,14.161822,4998
2024-01-08 10:06:00,14.161822,14.181213,14.152498,14.163808,6376
2024-01-08 10:07:00,14.163808,14.181529,14.150042,14.154751,8458
2024-01-08 10:08:00,14.154751,14.185446,14.140601,14.168399,7314
2024-01-08 10:09:00,14.168399,14.181269,14.133255,14.153100,2896
2024-01-08 10:10:00,14.153100,14.160785,14.127875,14.147867,881
2024-01-08 10:11:00,14.147867,14.161485,14.115656,14.129204,1748
2024-01-08 10:12:00,14.129204,14.167967,14.114852,14.149518,6913
2024-01-08 10:13:00,14.149518,14.166175,14.115857,14.128801,6330
2024-01-08 10:14:00,14.128801,14.154417,14.117104,14.148780,5462
2024-01-08 10:15:00,14.148780,14.172821,14.129466,14.165975,3206
2024-01-08 10:16:00,14.165975,14.183869,14.151381,14.178414,7298
2024-01-08 10:17:00,14.178414,14.187533,14.173900,14.180147,7513
2024-01-08 10:18:00,14.180147,14.186438,14.174093,14.183511,7289
2024-01-08 10:19:00,14.183511,14.192655,14.153312,14.172824,576
2024-01-08 10:20:00,14.172824,14.187398,14.124673,14.136670,4730
2024-01-08 10:21:00,14.136670,14.151288,14.116792,14.149099,7041
2024-01-08 10:22:00,14.149099,14.179245,14.137869,14.165040,8226
2024-01-08 10:23:00,14.165040,14.180257,14.146713,14.168042,3309
2024-01-08 10:24:00,14.168042,14.177260,14.158283,14.163502,1304
2024-01-08 10:25:00,14.163502,14.174656,14.123732,14.129810,1516
2024-01-08 10:26:00,14.129810,14.153912,14.127067,14.147057,8396
2024-01-08 10:27:00,14.147057,14.152770,14.112741,14.131040,115
2024-01-08 10:28:00,14.131040,14.147316,14.128773,14.133019,6591
2024-01-08 10:29:00,14.133019,14.148665,14.116342,14.121886,1870
2024-01-08 10:30:00,14.121886,14.134445,14.097398,14.108793,5139
2024-01-08 10:31:00,14.108793,14.139892,14.090220,14.129862,6582
2024-01-08 10:32:00,14.129862,14.141597,14.103212,14.122808,1639
2024-01-08 10:33:00,14.122808,14.133098,14.118966,14.127358,2753
2024-01-08 10:34:00,14.127358,14.156442,14.111170,14.136857,5225
2024-01-08 10:35:00,14.136857,14.141339,14.100779,14.113458,1797
2024-01-08 10:36:00,14.113458,14.126347,14.085336,14.104362,2321
2024-01-08 10:37:00,14.104362,14.125292,14.093957,14.105826,2127
2024-01-08 10:38:00,14.105826,14.115885,14.088812,14.099121,8100
2024-01-08 10:39:00,14.099121,14.108784,14.076646,14.089156,2777
2024-01-08 10:40:00,14.089156,14.105797,14.050612,14.070201,5129
2024-01-08 10:41:00,14.070201,14.074957,14.051682,14.063484,7241
2024-01-08 10:42:00,14.063484,14.069148,14.042845,14.056354,6909
2024-01-08 10:43:00,14.056354,14.079618,14.047517,14.062421,2250
2024-01-08 10:44:00,14.062421,14.087692,14.051361,14.083287,9420
2024-01-08 10:45:00,14.083287,14.122344,14.076422,14.108271,1145
2024-01-08 10:46:00,14.108271,14.177498,14.097888,14.163664,9175
2024-01-08 10:47:00,14.163664,14.208646,14.154229,14.189617,9273
2024-01-08 10:48:00,14.189617,14.200444,14.170464,14.189026,6495
2024-01-08 10:49:00,14.189026,14.218474,14.175132,14.212596,6830
2024-01-08 10:50:00,14.212596,14.252714,14.196504,14.240624,8194
2024-01-08 10:51:00,14.240624,14.268104,14.237555,14.252842,2749
2024-01-08 10:52:00,14.252842,14.267580,14.225763,14.239291,4861
2024-01-08 10:53:00,14.239291,14.270282,14.219950,14.254926,4595
2024-01-08 10:54:00,14.254926,14.272004,14.250222,14.256641,5300
2024-01-08 10:55:00,14.256641,14.272630,14.207349,14.211979,1767
2024-01-08 10:56:00,14.211979,14.231722,14.193941,14.219307,9396
2024-01-08 10:57:00,14.219307,14.242790,14.200229,14.228352,5456
2024-01-08 10:58:00,14.228352,14.240019,14.212867,14.231443,397
2024-01-08 10:59:00,14.231443,14.240511,14.216351,14.234962,8658
2024-01-08 11:00:00,14.234962,14.247697,14.220779,14.236539,3777
2024-01-08 11:01:00,14.236539,14.243797,14.217125,14.236571,9824
2024-01-08 11:02:00,14.236571,14.286287,14.233212,14.270865,4432
2024-01-08 11:03:00,14.270865,14.274775,14.236997,14.243305,6945
2024-01-08 11:04:00,14.243305,14.255377,14.228058,14.247845,1539
2024-01-08 11:05:00,14.247845,14.264230,14.244773,14.252982,8392
2024-01-08 11:06:00,14.252982,14.261655,14.245650,14.255466,2392
2024-01-08 11:07:00,14.255466,14.285868,14.240913,14.267502,7947
2024-01-08 11:08:00,14.267502,14.283088,14.250580,14.278253,6338
2024-01-08 11:09:00,14.278253,14.286141,14.245577,14.265288,5140
2024-01-08 11:10:00,14.265288,14.283969,14.240635,14.251306,9188
2024-01-08 11:11:00,14.251306,14.261799,14.245509,14.249435,1950
2024-01-08 11:12:00,14.249435,14.254336,14.222832,14.241886,5285
2024-01-08 11:13:00,14.241886,14.261864,14.223007,14.255838,2699
2024-01-08 11:14:00,14.255838,14.270627,14.226009,14.243877,3643
2024-01-08 11:15:00,14.243877,14.254796,14.228095,14.237883,8631
2024-01-08 11:16:00,14.237883,14.247514,14.219647,14.236938,436
2024-01-08 11:17:00,14.236938,14.255144,14.223848,14.236981,5056
2024-01-08 11:18:00,14.236981,14.266034,14.225540,14.248543,9582
2024-01-08 11:19:00,14.248543,14.260925,14.216514,14.224084,765
2024-01-08 11:20:00,14.224084,14.240190,14.214095,14.219480,9636
2024-01-08 11:21:00,14.219480,14.221949,14.179848,14.199363,6371
2024-01-08 11:22:00,14.199363,14.227672,14.182956,14.215391,298
2024-01-08 11:23:00,14.215391,14.225499,14.192763,14.201375,9004
2024-01-08 11:24:00,14.201375,14.221391,14.182688,14.215023,4811
2024-01-08 11:25:00,14.215023,14.220809,14.205858,14.214119,7283
2024-01-08 11:26:00,14.214119,14.244180,14.200327,14.229153,9133
2024-01-08 11:27:00,14.229153,14.238823,14.213214,14.228639,8776
2024-01-08 11:28:00,14.228639,14.244713,14.225306,14.242608,9889
2024-01-08 11:29:00,14.242608,14.259023,14.222825,14.254245,5875
2024-01-08 11:30:00,14.254245,14.272443,14.230013,14.248240,7888
2024-01-08 13:01:00,14.248240,14.264094,14.238996,14.247094,4968
2024-01-08 13:02:00,14.247094,14.253465,14.240971,14.245730,727
2024-01-08 13:03:00,14.245730,14.271884,14.229648,14.268954,3771
2024-01-08 13:04:00,14.268954,14.311552,14.254111,14.299125,5380
2024-01-08 13:05:00,14.299125,14.320449,14.286929,14.309482,895
2024-01-08 13:06:00,14.309482,14.322071,14.304130,14.313432,6528
2024-01-08 13:07:00,14.313432,14.320465,14.293335,14.301389,8598
2024-01-08 13:08:00,14.301389,14.305614,14.280592,14.286575,1786
2024-01-08 13:09:00,14.286575,14.301526,14.271790,14.287635,7700
2024-01-08 13:10:00,14.287635,14.314739,14.270714,14.309355,276
2024-01-08 13:11:00,14.309355,14.325998,14.274780,14.278952,578
2024-01-08 13:12:00,14.278952,14.300146,14.271610,14.295316,7330
2024-01-08 13:13:00,14.295316,14.322042,14.285648,14.309160,5268
2024-01-08 13:14:00,14.309160,14.320605,14.304132,14.317528,1169
2024-01-08 13:15:00,14.317528,14.336071,14.297027,14.311372,5494
2024-01-08 13:16:00,14.311372,14.327544,14.295670,14.304435,4389
2024-01-08 13:17:00,14.304435,14.320433,14.277132,14.294102,9998
2024-01-08 13:18:00,14.294102,14.307087,14.226375,14.244888,7227
2024-01-08 13:19:00,14.244888,14.255048,14.234673,14.248995,6784
2024-01-08 13:20:00,14.248995,14.294204,14.246255,14.276948,9139
2024-01-08 13:21:00,14.276948,14.291895,14.257394,14.282488,125
2024-01-08 13:22:00,14.282488,14.287390,14.259499,14.267569,6395
2024-01-08 13:23:00,14.267569,14.278503,14.247625,14.267700,5731
2024-01-08 13:24:00,14.267700,14.297636,14.252264,14.293757,2958
2024-01-08 13:25:00,14.293757,14.303847,14.260452,14.275042,9429
2024-01-08 13:26:00,14.275042,14.287971,14.242823,14.261313,5240
2024-01-08 13:27:00,14.261313,14.287184,14.250112,14.267929,4157
2024-01-08 13:28:00,14.267929,14.291314,14.253129,14.280148,4626
2024-01-08 13:29:00,14.280148,14.286563,14.265573,14.282943,6235
2024-01-08 13:30:00,14.282943,14.287807,14.252280,14.259482,351
2024-01-08 13:31:00,14.259482,14.261609,14.230441,14.249987,5526
2024-01-08 13:32:00,14.249987,14.257547,14.234600,14.237610,9137
2024-01-08 13:33:00,14.237610,14.248142,14.209984,14.216093,7473
2024-01-08 13:34:00,14.216093,14.224415,14.176939,14.187822,6476
2024-01-08 13:35:00,14.187822,14.203107,14.165440,14.179550,2455
2024-01-08 13:36:00,14.179550,14.184112,14.154819,14.165032,2051
2024-01-08 13:37:00,14.165032,14.176241,14.138421,14.154923,5724
2024-01-08 13:38:00,14.154923,14.171497,14.115915,14.129626,1558
2024-01-08 13:39:00,14.129626,14.141296,14.126580,14.131347,3342
2024-01-08 13:40:00,14.131347,14.142744,14.128551,14.131781,6228
2024-01-08 13:41:00,14.131781,14.150978,14.101103,14.113285,7044
2024-01-08 13:42:00,14.113285,14.123491,14.090436,14.105181,1537
2024-01-08 13:43:00,14.105181,14.116319,14.078213,14.095204,6043
2024-01-08 13:44:00,14.095204,14.138044,14.089560,14.118172,9254
2024-01-08 13:45:00,14.118172,14.133009,14.113153,14.123670,6633
2024-01-08 13:46:00,14.123670,14.145939,14.114708,14.137160,247
2024-01-08 13:47:00,14.137160,14.161971,14.125776,14.153222,2601
2024-01-08 13:48:00,14.153222,14.178693,14.142281,14.169873,9153
2024-01-08 13:49:00,14.169873,14.191956,14.159324,14.177086,8223
2024-01-08 13:50:00,14.177086,14.180186,14.116618,14.133618,9884
2024-01-08 13:51:00,14.133618,14.142091,14.116754,14.133843,3432
2024-01-08 13:52:00,14.133843,14.143815,14.131296,14.138862,7913
2024-01-08 13:53:00,14.138862,14.141447,14.121562,14.123652,7742
2024-01-08 13:54:00,14.123652,14.159684,14.112970,14.139686,103
2024-01-08 13:55:00,14.139686,14.159100,14.120041,14.135944,1773
2024-01-08 13:56:00,14.135944,14.141883,14.125988,14.129817,875
2024-01-08 13:57:00,14.129817,14.178343,14.116408,14.166785,3519
2024-01-08 13:58:00,14.166785,14.182674,14.147210,14.161683,4342
2024-01-08 13:59:00,14.161683,14.185976,14.147203,14.172415,9372
2024-01-08 14:00:00,14.172415,14.218286,14.155723,14.210902,7464
2024-01-08 14:01:00,14.210902,14.246840,14.205998,14.227141,1323
2024-01-08 14:02:00,14.227141,14.235350,14.195799,14.212806,2316
2024-01-08 14:03:00,14.212806,14.222659,14.170410,14.185074,1127
2024-01-08 14:04:00,14.185074,14.194052,14.137324,14.155546,7683
2024-01-08 14:05:00,14.155546,14.179289,14.150253,14.163208,3237
2024-01-08 14:06:00,14.163208,14.185696,14.150187,14.171021,5374
2024-01-08 14:07:00,14.171021,14.183168,14.155543,14.164354,1296
2024-01-08 14:08:00,14.164354,14.174540,14.154633,14.168086,6993
2024-01-08 14:09:00,14.168086,14.180459,14.145762,14.165538,4358
2024-01-08 14:10:00,14.165538,14.184931,14.158279,14.164039,8638
2024-01-08 14:11:00,14.164039,14.204725,14.144499,14.188288,362
2024-01-08 14:12:00,14.188288,14.207417,14.173376,14.177932,7881
2024-01-08 14:13:00,14.177932,14.182376,14.155297,14.159972,8690
2024-01-08 14:14:00,14.159972,14.184470,14.147408,14.165133,7879
2024-01-08 14:15:00,14.165133,14.202017,14.155283,14.199947,9181
2024-01-08 14:16:00,14.199947,14.203432,14.168681,14.185887,2454
2024-01-08 14:17:00,14.185887,14.191712,14.171270,14.182966,249
2024-01-08 14:18:00,14.182966,14.199257,14.157058,14.175512,6640
2024-01-08 14:19:00,14.175512,14.202873,14.165143,14.183039,5051
2024-01-08 14:20:00,14.183039,14.201021,14.163423,14.180918,9488
2024-01-08 14:21:00,14.180918,14.200028,14.163782,14.186880,4358
2024-01-08 14:22:00,14.186880,14.199984,14.163780,14.172621,831
2024-01-08 14:23:00,14.172621,14.178805,14.152538,14.170122,3780
2024-01-08 14:24:00,14.170122,14.184654,14.127138,14.141636,888
2024-01-08 14:25:00,14.141636,14.157075,14.103951,14.106141,8573
2024-01-08 14:26:00,14.106141,14.117632,14.088589,14.099674,6905
2024-01-08 14:27:00,14.099674,14.112743,14.097424,14.103645,7886
2024-01-08 14:28:00,14.103645,14.111958,14.087812,14.090835,8291
2024-01-08 14:29:00,14.090835,14.117906,14.082869,14.112285,8538
2024-01-08 14:30:00,14.112285,14.126990,14.103170,14.108319,1870
2024-01-08 14:31:00,14.108319,14.120912,14.087583,14.099634,9808
2024-01-08 14:32:00,14.099634,14.128879,14.081454,14.109045,9827
2024-01-08 14:33:00,14.109045,14.120228,14.104555,14.112695,6857
2024-01-08 14:34:00,14.112695,14.121286,14.083738,14.095409,9836
2024-01-08 14:35:00,14.095409,14.109245,14.065025,14.075550,3770
2024-01-08 14:36:00,14.075550,14.132277,14.072298,14.129081,1366
2024-01-08 14:37:00,14.129081,14.161335,14.115212,14.147936,3781
2024-01-08 14:38:00,14.147936,14.167061,14.130281,14.142564,2827
2024-01-08 14:39:00,14.142564,14.174142,14.127751,14.154901,6460
2024-01-08 14:40:00,14.154901,14.164592,14.147696,14.159360,2666
2024-01-08 14:41:00,14.159360,14.196693,14.152041,14.190619,6312
2024-01-08 14:42:00,14.190619,14.208262,14.180385,14.194434,4549
2024-01-08 14:43:00,14.194434,14.215658,14.183449,14.200649,1900
2024-01-08 14:44:00,14.200649,14.252321,14.186721,14.233477,3676
2024-01-08 14:45:00,14.233477,14.251760,14.197375,14.210289,7168
2024-01-08 14:46:00,14.210289,14.246200,14.202726,14.232137,8065
2024-01-08 14:47:00,14.232137,14.244599,14.191329,14.205578,1388
2024-01-08 14:48:00,14.205578,14.241981,14.194932,14.224320,6527
2024-01-08 14:49:00,14.224320,14.244025,14.189895,14.193182,5241
2024-01-08 14:50:00,14.193182,14.205870,14.174898,14.187285,1217
2024-01-08 14:51:00,14.187285,14.198836,14.173136,14.185194,8421
2024-01-08 14:52:00,14.185194,14.207942,14.173558,14.190805,8185
2024-01-08 14:53:00,14.190805,14.197805,14.184668,14.192716,7128
2024-01-08 14:54:00,14.192716,14.205461,14.184473,14.186885,2583
2024-01-08 14:55:00,14.186885,14.192422,14.147776,14.151634,6367
2024-01-08 14:56:00,14.151634,14.192287,14.144842,14.177432,5259
2024-01-08 14:57:00,14.177432,14.183113,14.153566,14.172422,7708
2024-01-08 14:58:00,14.172422,14.185860,14.156680,14.174379,7601
2024-01-08 14:59:00,14.174379,14.194330,14.151947,14.156692,5500
2024-01-08 15:00:00,14.156692,14.185900,14.140786,14.171410,7738
2024-01-09 09:31:00,14.199082,14.221607,14.182372,14.208552,6277
2024-01-09 09:32:00,14.208552,14.233412,14.203565,14.217495,399
2024-01-09 09:33:00,14.217495,14.222391,14.180887,14.194128,6153
2024-01-09 09:34:00,14.194128,14.244244,14.180146,14.234692,4238
2024-01-09 09:35:00,14.234692,14.259374,14.221862,14.252593,1550
2024-01-09 09:36:00,14.252593,14.254908,14.239545,14.252648,1299
2024-01-09 09:37:00,14.252648,14.270925,14.236991,14.257671,5040
2024-01-09 09:38:00,14.257671,14.265485,14.238375,14.260690,1394
2024-01-09 09:39:00,14.260690,14.286449,14.252559,14.280974,7528
2024-01-09 09:40:00,14.280974,14.284126,14.269251,14.276909,8724
2024-01-09 09:41:00,14.276909,14.279013,14.254135,14.267278,5645
2024-01-09 09:42:00,14.267278,14.281502,14.261149,14.267341,6470
2024-01-09 09:43:00,14.267341,14.282387,14.238862,14.242122,2437
2024-01-09 09:44:00,14.242122,14.245627,14.169510,14.185966,2787
2024-01-09 09:45:00,14.185966,14.192344,14.182445,14.185027,7613
2024-01-09 09:46:00,14.185027,14.217289,14.172215,14.199157,6825
2024-01-09 09:47:00,14.199157,14.212318,14.148404,14.166036,8004
2024-01-09 09:48:00,14.166036,14.176658,14.140636,14.149544,9922
2024-01-09 09:49:00,14.149544,14.154330,14.121473,14.137150,8900
2024-01-09 09:50:00,14.137150,14.156921,14.122152,14.144424,189
2024-01-09 09:51:00,14.144424,14.180070,14.125260,14.161712,6498
2024-01-09 09:52:00,14.161712,14.182856,14.158601,14.168622,7236
2024-01-09 09:53:00,14.168622,14.182484,14.154528,14.165863,6914
2024-01-09 09:54:00,14.165863,14.174276,14.154590,14.170156,9154
2024-01-09 09:55:00,14.170156,14.195732,14.167680,14.184768,8685
2024-01-09 09:56:00,14.184768,14.201676,14.182556,14.193363,7621
2024-01-09 09:57:00,14.193363,14.207289,14.167543,14.184861,5918
2024-01-09 09:58:00,14.184861,14.202385,14.137436,14.156432,3768
2024-01-09 09:59:00,14.156432,14.203457,14.149125,14.188078,4349
2024-01-09 10:00:00,14.188078,14.202575,14.144874,14.152297,1985
2024-01-09 10:01:00,14.152297,14.197227,14.137198,14.181418,495
2024-01-09 10:02:00,14.181418,14.190161,14.166266,14.181511,607
2024-01-09 10:03:00,14.181511,14.202041,14.175752,14.192185,3174
2024-01-09 10:04:00,14.192185,14.212854,14.187166,14.200385,8828
2024-01-09 10:05:00,14.200385,14.211218,14.195465,14.206169,7474
2024-01-09 10:06:00,14.206169,14.228539,14.195605,14.215371,337
2024-01-09 10:07:00,14.215371,14.230887,14.186151,14.203290,2242
2024-01-09 10:08:00,14.203290,14.215705,14.183493,14.210748,2845
2024-01-09 10:09:00,14.210748,14.226621,14.166046,14.181158,5392
2024-01-09 10:10:00,14.181158,14.202900,14.169375,14.198807,5201
2024-01-09 10:11:00,14.198807,14.211600,14.149884,14.168909,6193
2024-01-09 10:12:00,14.168909,14.188216,14.151405,14.156379,8465
2024-01-09 10:13:00,14.156379,14.184036,14.152334,14.166742,7404
2024-01-09 10:14:00,14.166742,14.202025,14.150262,14.195500,4956
2024-01-09 10:15:00,14.195500,14.208655,14.189471,14.205310,3803
2024-01-09 10:16:00,14.205310,14.224360,14.156320,14.168848,584
2024-01-09 10:17:00,14.168848,14.191845,14.153880,14.173493,1944
2024-01-09 10:18:00,14.173493,14.185993,14.149311,14.163715,6691
2024-01-09 10:19:00,14.163715,14.167047,14.146488,14.164713,6281
2024-01-09 10:20:00,14.164713,14.207154,14.162264,14.195692,8975
2024-01-09 10:21:00,14.195692,14.218852,14.193017,14.202840,5445
2024-01-09 10:22:00,14.202840,14.216071,14.187700,14.198571,610
2024-01-09 10:23:00,14.198571,14.213201,14.156744,14.171928,9881
2024-01-09 10:24:00,14.171928,14.181780,14.143573,14.149320,4028
2024-01-09 10:25:00,14.149320,14.159003,14.127764,14.146720,6874
2024-01-09 10:26:00,14.146720,14.171529,14.133879,14.155983,5997
2024-01-09 10:27:00,14.155983,14.169901,14.147888,14.158204,9157
2024-01-09 10:28:00,14.158204,14.169390,14.124937,14.142828,3806
2024-01-09 10:29:00,14.142828,14.163332,14.127119,14.156816,6364
2024-01-09 10:30:00,14.156816,14.176370,14.137026,14.139295,7184
2024-01-09 10:31:00,14.139295,14.141917,14.124406,14.136354,6916
2024-01-09 10:32:00,14.136354,14.177987,14.131867,14.158756,2655
2024-01-09 10:33:00,14.158756,14.163883,14.133923,14.143133,7343
2024-01-09 10:34:00,14.143133,14.147044,14.129168,14.139073,3870
2024-01-09 10:35:00,14.139073,14.148828,14.130965,14.145774,1829
2024-01-09 10:36:00,14.145774,14.158476,14.092492,14.110469,8731
2024-01-09 10:37:00,14.110469,14.116629,14.097773,14.112717,448
2024-01-09 10:38:00,14.112717,14.128980,14.098525,14.115743,4521
2024-01-09 10:39:00,14.115743,14.121657,14.066366,14.085223,2918
2024-01-09 10:40:00,14.085223,14.095767,14.071351,14.089406,4018
2024-01-09 10:41:00,14.089406,14.105910,14.043845,14.059820,2199
2024-01-09 10:42:00,14.059820,14.092400,14.044772,14.084894,9425
2024-01-09 10:43:00,14.084894,14.092132,14.073847,14.086627,8313
2024-01-09 10:44:00,14.086627,14.105144,14.050267,14.065413,4241
2024-01-09 10:45:00,14.065413,14.076301,14.022045,14.031235,5809
2024-01-09 10:46:00,14.031235,14.074998,14.014823,14.062748,3803
2024-01-09 10:47:00,14.062748,14.080829,14.043947,14.063761,3003
2024-01-09 10:48:00,14.063761,14.098106,14.056677,14.093454,1424
2024-01-09 10:49:00,14.093454,14.106253,14.055312,14.065055,3490
2024-01-09 10:50:00,14.065055,14.077860,14.060879,14.070191,6427
2024-01-09 10:51:00,14.070191,14.086611,14.052814,14.078978,8716
2024-01-09 10:52:00,14.078978,14.096287,14.069685,14.073843,6148
2024-01-09 10:53:00,14.073843,14.083384,14.033089,14.051738,4218
2024-01-09 10:54:00,14.051738,14.066704,14.038697,14.053203,6755
2024-01-09 10:55:00,14.053203,14.071421,14.034170,14.048074,9960
2024-01-09 10:56:00,14.048074,14.072148,14.038459,14.069356,9839
2024-01-09 10:57:00,14.069356,14.081574,14.058454,14.062241,7074
2024-01-09 10:58:00,14.062241,14.067526,14.043259,14.061318,8729
2024-01-09 10:59:00,14.061318,14.076797,14.050886,14.063447,6851
2024-01-09 11:00:00,14.063447,14.091840,14.047354,14.088920,2608
2024-01-09 11:01:00,14.088920,14.113056,14.085102,14.099679,9159
2024-01-09 11:02:00,14.099679,14.118829,14.094276,14.111578,9714
2024-01-09 11:03:00,14.111578,14.123332,14.085030,14.089890,5326
2024-01-09 11:04:00,14.089890,14.136525,14.084831,14.124920,4617
2024-01-09 11:05:00,14.124920,14.132673,14.085832,14.101821,5388
2024-01-09 11:06:00,14.101821,14.122148,14.098885,14.103880,7271
2024-01-09 11:07:00,14.103880,14.117324,14.074707,14.080968,4182
2024-01-09 11:08:00,14.080968,14.115579,14.076298,14.098739,2935
2024-01-09 11:09:00,14.098739,14.112711,14.071951,14.084390,7839
2024-01-09 11:10:00,14.084390,14.090973,14.055245,14.058297,4574
2024-01-09 11:11:00,14.058297,14.060531,14.035932,14.051903,8691
2024-01-09 11:12:00,14.051903,14.080150,14.035704,14.062792,9784
2024-01-09 11:13:00,14.062792,14.075045,14.049834,14.072999,7972
2024-01-09 11:14:00,14.072999,14.083912,14.030826,14.035856,7964
2024-01-09 11:15:00,14.035856,14.051529,14.002197,14.007013,8777
2024-01-09 11:16:00,14.007013,14.022217,14.002439,14.007670,6915
2024-01-09 11:17:00,14.007670,14.051369,14.003526,14.031995,5472
2024-01-09 11:18:00,14.031995,14.054122,14.016853,14.043573,8949
2024-01-09 11:19:00,14.043573,14.058606,14.004436,14.021169,6244
2024-01-09 11:20:00,14.021169,14.032492,13.981471,13.991671,2349
2024-01-09 11:21:00,13.991671,14.010407,13.978450,13.980606,607
2024-01-09 11:22:00,13.980606,13.988704,13.958108,13.964467,872
2024-01-09 11:23:00,13.964467,13.997715,13.945206,13.981272,3752
2024-01-09 11:24:00,13.981272,13.998712,13.976212,13.990881,2938
2024-01-09 11:25:00,13.990881,14.010372,13.951409,13.963326,4644
2024-01-09 11:26:00,13.963326,13.967067,13.946635,13.958912,7079
2024-01-09 11:27:00,13.958912,13.975077,13.932410,13.950353,6752
2024-01-09 11:28:00,13.950353,13.959775,13.933087,13.939839,8713
2024-01-09 11:29:00,13.939839,13.972221,13.920936,13.959424,1684
2024-01-09 11:30:00,13.959424,13.968627,13.945106,13.964654,2459
2024-01-09 13:01:00,13.964654,13.985432,13.949115,13.982581,1137
2024-01-09 13:02:00,13.982581,13.997615,13.973782,13.978100,4850
2024-01-09 13:03:00,13.978100,14.007947,13.960961,14.002637,8832
2024-01-09 13:04:00,14.002637,14.016215,13.959094,13.961394,7194
2024-01-09 13:05:00,13.961394,13.973428,13.922669,13.938675,1817
2024-01-09 13:06:00,13.938675,13.945637,13.913609,13.924562,5544
2024-01-09 13:07:00,13.924562,13.929447,13.902686,13.913037,5558
2024-01-09 13:08:00,13.913037,13.926151,13.892864,13.906293,8933
2024-01-09 13:09:00,13.906293,13.929036,13.903657,13.914407,4384
2024-01-09 13:10:00,13.914407,13.929501,13.906395,13.919480,9591
2024-01-09 13:11:00,13.919480,13.949677,13.911157,13.934553,4379
2024-01-09 13:12:00,13.934553,13.948668,13.928076,13.930637,180
2024-01-09 13:13:00,13.930637,13.946975,13.908811,13.920905,9575
2024-01-09 13:14:00,13.920905,13.933075,13.899921,13.904701,6678
2024-01-09 13:15:00,13.904701,13.936534,13.902099,13.917163,3494
2024-01-09 13:16:00,13.917163,13.935012,13.909746,13.932606,3015
2024-01-09 13:17:00,13.932606,13.966354,13.922306,13.946576,1885
2024-01-09 13:18:00,13.946576,13.950526,13.915590,13.920485,5095
2024-01-09 13:19:00,13.920485,13.933368,13.903763,13.925553,551
2024-01-09 13:20:00,13.925553,13.945764,13.911703,13.933130,4841
2024-01-09 13:21:00,13.933130,13.952829,13.928156,13.944228,6612
2024-01-09 13:22:00,13.944228,13.949938,13.933993,13.939421,1435
2024-01-09 13:23:00,13.939421,13.971979,13.926305,13.960277,1128
2024-01-09 13:24:00,13.960277,13.983592,13.953329,13.972375,595
2024-01-09 13:25:00,13.972375,13.995287,13.957273,13.975322,557
2024-01-09 13:26:00,13.975322,13.981699,13.946346,13.961439,296
2024-01-09 13:27:00,13.961439,13.973204,13.908348,13.912591,3970
2024-01-09 13:28:00,13.912591,13.948953,13.900639,13.933297,3951
2024-01-09 13:29:00,13.933297,13.950568,13.914301,13.932279,8841
2024-01-09 13:30:00,13.932279,13.955089,13.915429,13.939517,7794
2024-01-09 13:31:00,13.939517,13.958831,13.935133,13.947851,446
2024-01-09 13:32:00,13.947851,13.957210,13.934219,13.948220,7612
2024-01-09 13:33:00,13.948220,13.961973,13.942312,13.952888,5862
2024-01-09 13:34:00,13.952888,13.963287,13.938896,13.941750,8479
2024-01-09 13:35:00,13.941750,13.984226,13.933920,13.965235,9721
2024-01-09 13:36:00,13.965235,14.017297,13.958391,13.997703,5281
2024-01-09 13:37:00,13.997703,14.022482,13.992889,14.012077,3458
2024-01-09 13:38:00,14.012077,14.024579,13.986243,13.999921,6821
2024-01-09 13:39:00,13.999921,14.007412,13.952037,13.965458,9846
2024-01-09 13:40:00,13.965458,13.987803,13.963061,13.985615,1788
2024-01-09 13:41:00,13.985615,13.993848,13.962348,13.979375,3312
2024-01-09 13:42:00,13.979375,13.997092,13.947184,13.960774,4640
2024-01-09 13:43:00,13.960774,13.967034,13.950902,13.963480,2311
2024-01-09 13:44:00,13.963480,13.993135,13.958113,13.980689,6286
2024-01-09 13:45:00,13.980689,13.992363,13.973470,13.988628,8665
2024-01-09 13:46:00,13.988628,14.008908,13.974878,13.997579,5540
2024-01-09 13:47:00,13.997579,14.042963,13.980413,14.030711,1134
2024-01-09 13:48:00,14.030711,14.051011,14.018303,14.032681,1644
2024-01-09 13:49:00,14.032681,14.047142,14.017058,14.031531,6940
2024-01-09 13:50:00,14.031531,14.056733,14.025724,14.039224,8680
2024-01-09 13:51:00,14.039224,14.053386,14.024747,14.031565,6943
2024-01-09 13:52:00,14.031565,14.048021,14.025654,14.040553,4879
2024-01-09 13:53:00,14.040553,14.089010,14.036724,14.076764,9446
2024-01-09 13:54:00,14.076764,14.084608,14.066391,14.080618,9131
2024-01-09 13:55:00,14.080618,14.100766,14.061193,14.087642,4825
2024-01-09 13:56:00,14.087642,14.105895,14.069961,14.072393,6330
2024-01-09 13:57:00,14.072393,14.090183,14.043632,14.050520,8173
2024-01-09 13:58:00,14.050520,14.066651,14.043753,14.063981,5088
2024-01-09 13:59:00,14.063981,14.066030,14.018677,14.033123,1800
2024-01-09 14:00:00,14.033123,14.068162,14.016144,14.048715,4689
2024-01-09 14:01:00,14.048715,14.068435,14.042419,14.053650,8372
2024-01-09 14:02:00,14.053650,14.074256,14.038502,14.072045,3905
2024-01-09 14:03:00,14.072045,14.075189,14.034088,14.037815,8549
2024-01-09 14:04:00,14.037815,14.064719,14.028503,14.051967,8261
2024-01-09 14:05:00,14.051967,14.081557,14.035052,14.074959,7991
2024-01-09 14:06:00,14.074959,14.083602,14.061249,14.069535,6299
2024-01-09 14:07:00,14.069535,14.080306,14.045570,14.062904,2390
2024-01-09 14:08:00,14.062904,14.079825,14.034272,14.051911,7957
2024-01-09 14:09:00,14.051911,14.075937,14.042244,14.067365,8355
2024-01-09 14:10:00,14.067365,14.129234,14.049082,14.109675,6574
2024-01-09 14:11:00,14.109675,14.128761,14.101676,14.108497,1050
2024-01-09 14:12:00,14.108497,14.133001,14.103165,14.122117,2064
2024-01-09 14:13:00,14.122117,14.140565,14.113456,14.117924,9452
2024-01-09 14:14:00,14.117924,14.120256,14.096934,14.099600,838
2024-01-09 14:15:00,14.099600,14.109279,14.083737,14.098704,4995
2024-01-09 14:16:00,14.098704,14.118695,14.080373,14.087263,1148
2024-01-09 14:17:00,14.087263,14.101165,14.062619,14.078265,3759
2024-01-09 14:18:00,14.078265,14.080267,14.052445,14.063265,4667
2024-01-09 14:19:00,14.063265,14.078788,14.053731,14.071607,3890
2024-01-09 14:20:00,14.071607,14.094613,14.053510,14.085321,6340
2024-01-09 14:21:00,14.085321,14.092566,14.064028,14.080992,9913
2024-01-09 14:22:00,14.080992,14.139884,14.063714,14.126467,6568
2024-01-09 14:23:00,14.126467,14.141877,14.104995,14.111734,2019
2024-01-09 14:24:00,14.111734,14.116181,14.077143,14.080952,2307
2024-01-09 14:25:00,14.080952,14.095858,14.063740,14.075008,293
2024-01-09 14:26:00,14.075008,14.094750,14.066390,14.069778,1435
2024-01-09 14:27:00,14.069778,14.086394,14.046934,14.049877,6001
2024-01-09 14:28:00,14.049877,14.083463,14.031379,14.080019,7091
2024-01-09 14:29:00,14.080019,14.106683,14.060278,14.086856,6989
2024-01-09 14:30:00,14.086856,14.119823,14.083769,14.102392,825
2024-01-09 14:31:00,14.102392,14.119774,14.070742,14.073624,3372
2024-01-09 14:32:00,14.073624,14.113102,14.060477,14.102291,4014
2024-01-09 14:33:00,14.102291,14.111648,14.070155,14.075703,6183
2024-01-09 14:34:00,14.075703,14.103859,14.058119,14.085032,3326
2024-01-09 14:35:00,14.085032,14.096215,14.057469,14.069124,5324
2024-01-09 14:36:00,14.069124,14.083377,14.062912,14.077187,8241
2024-01-09 14:37:00,14.077187,14.089128,14.067372,14.079709,898
2024-01-09 14:38:00,14.079709,14.120686,14.063096,14.101887,1011
2024-01-09 14:39:00,14.101887,14.116805,14.082251,14.098558,2408
2024-01-09 14:40:00,14.098558,14.103075,14.075669,14.086597,5088
2024-01-09 14:41:00,14.086597,14.104221,14.064858,14.082598,6402
2024-01-09 14:42:00,14.082598,14.089666,14.049646,14.064291,3198
2024-01-09 14:43:00,14.064291,14.092408,14.061056,14.080976,6091
2024-01-09 14:44:00,14.080976,14.088791,14.062529,14.080066,5566
2024-01-09 14:45:00,14.080066,14.097922,14.062778,14.091332,2000
2024-01-09 14:46:00,14.091332,14.128644,14.078324,14.112423,2975
2024-01-09 14:47:00,14.112423,14.118682,14.075676,14.090465,1903
2024-01-09 14:48:00,14.090465,14.118780,14.075786,14.102660,2329
2024-01-09 14:49:00,14.102660,14.118968,14.084013,14.091220,9182
2024-01-09 14:50:00,14.091220,14.098942,14.081916,14.084747,7185
2024-01-09 14:51:00,14.084747,14.092071,14.067701,14.085676,2712
2024-01-09 14:52:00,14.085676,14.105474,14.060484,14.067478,8289
2024-01-09 14:53:00,14.067478,14.079449,14.024093,14.041217,437
2024-01-09 14:54:00,14.041217,14.058469,14.030002,14.038542,1196
2024-01-09 14:55:00,14.038542,14.056789,14.017968,14.037358,1054
2024-01-09 14:56:00,14.037358,14.060933,14.033053,14.054391,8893
2024-01-09 14:57:00,14.054391,14.070795,14.032249,14.046772,7414
2024-01-09 14:58:00,14.046772,14.065529,14.026466,14.029260,4909
2024-01-09 14:59:00,14.029260,14.034009,14.026481,14.028856,8145
2024-01-09 15:00:00,14.028856,14.039037,14.007878,14.011842,349
2024-01-10 09:31:00,14.181859,14.199059,14.170121,14.175931,4130
2024-01-10 09:32:00,14.175931,14.202764,14.159148,14.185606,9030
2024-01-10 09:33:00,14.185606,14.188211,14.164901,14.181909,1537
2024-01-10 09:34:00,14.181909,14.191656,14.161823,14.170094,9123
2024-01-10 09:35:00,14.170094,14.186401,14.160626,14.177971,6738
2024-01-10 09:36:00,14.177971,14.201772,14.167000,14.184844,1433
2024-01-10 09:37:00,14.184844,14.197427,14.165139,14.178598,9204
2024-01-10 09:38:00,14.178598,14.207334,14.173270,14.200957,8318
2024-01-10 09:39:00,14.200957,14.215838,14.174923,14.177586,7674
2024-01-10 09:40:00,14.177586,14.183883,14.158948,14.176398,666
2024-01-10 09:41:00,14.176398,14.189199,14.158734,14.179150,1714
2024-01-10 09:42:00,14.179150,14.198460,14.156475,14.164861,3599
2024-01-10 09:43:00,14.164861,14.172077,14.142276,14.156307,5671
2024-01-10 09:44:00,14.156307,14.182809,14.140421,14.165334,3638
2024-01-10 09:45:00,14.165334,14.172915,14.154113,14.167192,9748
2024-01-10 09:46:00,14.167192,14.171252,14.150077,14.169190,7639
2024-01-10 09:47:00,14.169190,14.184032,14.157996,14.166036,8789
2024-01-10 09:48:00,14.166036,14.183559,14.131316,14.148107,1720
2024-01-10 09:49:00,14.148107,14.172544,14.145395,14.156173,6267
2024-01-10 09:50:00,14.156173,14.176516,14.141322,14.162676,6901
2024-01-10 09:51:00,14.162676,14.171105,14.125847,14.143107,1151
2024-01-10 09:52:00,14.143107,14.157505,14.114907,14.126076,9811
2024-01-10 09:53:00,14.126076,14.150252,14.116325,14.136341,8416
2024-01-10 09:54:00,14.136341,14.145344,14.100615,14.112375,4916
2024-01-10 09:55:00,14.112375,14.141299,14.104131,14.137732,4294
2024-01-10 09:56:00,14.137732,14.168646,14.118774,14.152941,3449
2024-01-10 09:57:00,14.152941,14.155853,14.122666,14.125423,3890
2024-01-10 09:58:00,14.125423,14.143586,14.114554,14.131834,7204
2024-01-10 09:59:00,14.131834,14.150538,14.120220,14.140599,6964
2024-01-10 10:00:00,14.140599,14.146952,14.099335,14.116692,3672
2024-01-10 10:01:00,14.116692,14.150373,14.106294,14.132031,5666
2024-01-10 10:02:00,14.132031,14.138163,14.096994,14.113715,6833
2024-01-10 10:03:00,14.113715,14.127493,14.086969,14.098212,8600
2024-01-10 10:04:00,14.098212,14.129389,14.081666,14.126018,4145
2024-01-10 10:05:00,14.126018,14.140048,14.105740,14.123801,7440
2024-01-10 10:06:00,14.123801,14.144724,14.113330,14.133849,5112
2024-01-10 10:07:00,14.133849,14.149777,14.119732,14.123831,5783
2024-01-10 10:08:00,14.123831,14.143526,14.112467,14.124927,6696
2024-01-10 10:09:00,14.124927,14.141871,14.111790,14.135764,8394
2024-01-10 10:10:00,14.135764,14.144617,14.108640,14.117927,5335
2024-01-10 10:11:00,14.117927,14.159868,14.113127,14.141584,4591
2024-01-10 10:12:00,14.141584,14.181057,14.123772,14.177655,2993
2024-01-10 10:13:00,14.177655,14.186095,14.161907,14.173384,7391
2024-01-10 10:14:00,14.173384,14.187342,14.154897,14.178324,993
2024-01-10 10:15:00,14.178324,14.220132,14.163344,14.200603,8873
2024-01-10 10:16:00,14.200603,14.228876,14.181722,14.218006,8836
2024-01-10 10:17:00,14.218006,14.220105,14.206755,14.210115,7038
2024-01-10 10:18:00,14.210115,14.238704,14.196165,14.222695,6912
2024-01-10 10:19:00,14.222695,14.225310,14.189644,14.193326,3419
2024-01-10 10:20:00,14.193326,14.216771,14.189360,14.213885,552
2024-01-10 10:21:00,14.213885,14.222722,14.196014,14.200315,6814
2024-01-10 10:22:00,14.200315,14.205755,14.185615,14.203222,9687
2024-01-10 10:23:00,14.203222,14.254480,14.186234,14.235510,1607
2024-01-10 10:24:00,14.235510,14.265751,14.220211,14.248459,1316
2024-01-10 10:25:00,14.248459,14.294113,14.234857,14.276730,4380
2024-01-10 10:26:00,14.276730,14.280982,14.247264,14.263859,6044
2024-01-10 10:27:00,14.263859,14.283524,14.244849,14.248484,3210
2024-01-10 10:28:00,14.248484,14.263938,14.232203,14.242623,7544
2024-01-10 10:29:00,14.242623,14.250924,14.236735,14.244053,5342
2024-01-10 10:30:00,14.244053,14.302076,14.237689,14.284140,7447
2024-01-10 10:31:00,14.284140,14.299078,14.271355,14.279614,7311
2024-01-10 10:32:00,14.279614,14.300592,14.272451,14.283856,9462
2024-01-10 10:33:00,14.283856,14.324409,14.278923,14.305120,5578
2024-01-10 10:34:00,14.305120,14.313291,14.265423,14.281494,7723
2024-01-10 10:35:00,14.281494,14.284409,14.262176,14.273686,4952
2024-01-10 10:36:00,14.273686,14.290735,14.228223,14.239672,5354
2024-01-10 10:37:00,14.239672,14.242185,14.225866,14.228902,3195
2024-01-10 10:38:00,14.228902,14.243173,14.220834,14.224849,7439
2024-01-10 10:39:00,14.224849,14.258300,14.210686,14.255063,2348
2024-01-10 10:40:00,14.255063,14.266105,14.234119,14.252249,5538
2024-01-10 10:41:00,14.252249,14.271952,14.226114,14.245205,2090
2024-01-10 10:42:00,14.245205,14.253935,14.193499,14.210680,4614
2024-01-10 10:43:00,14.210680,14.218902,14.205160,14.210726,325
2024-01-10 10:44:00,14.210726,14.233568,14.206061,14.227004,1386
2024-01-10 10:45:00,14.227004,14.248687,14.207702,14.241234,8511
2024-01-10 10:46:00,14.241234,14.253058,14.220982,14.235858,8159
2024-01-10 10:47:00,14.235858,14.287013,14.233232,14.284230,1163
2024-01-10 10:48:00,14.284230,14.299467,14.257836,14.260526,6808
2024-01-10 10:49:00,14.260526,14.292131,14.250314,14.276284,7204
2024-01-10 10:50:00,14.276284,14.316640,14.273872,14.306087,670
2024-01-10 10:51:00,14.306087,14.324969,14.302786,14.313155,7515
2024-01-10 10:52:00,14.313155,14.341426,14.306082,14.328702,3289
2024-01-10 10:53:00,14.328702,14.363649,14.315966,14.345305,3137
2024-01-10 10:54:00,14.345305,14.388834,14.334796,14.370169,6566
2024-01-10 10:55:00,14.370169,14.428861,14.359141,14.415054,2804
2024-01-10 10:56:00,14.415054,14.486867,14.403863,14.481488,2328
2024-01-10 10:57:00,14.481488,14.559869,14.466112,14.555707,404
2024-01-10 10:58:00,14.555707,14.632631,14.545830,14.622526,1133
2024-01-10 10:59:00,14.622526,14.686794,14.605995,14.679986,6520
2024-01-10 11:00:00,14.679986,14.748132,14.668295,14.745484,9479
2024-01-10 11:01:00,14.745484,14.866006,14.736797,14.852877,9784
2024-01-10 11:02:00,14.852877,14.936627,14.833157,14.919472,7170
2024-01-10 11:03:00,14.919472,14.990584,14.905797,14.984954,6068
2024-01-10 11:04:00,14.984954,15.060507,14.980586,15.054050,793
2024-01-10 11:05:00,15.054050,15.136690,15.035520,15.129322,3928
2024-01-10 11:06:00,15.129322,15.200717,15.116194,15.193434,8234
2024-01-10 11:07:00,15.193434,15.283727,15.188018,15.266396,7758
2024-01-10 11:08:00,15.266396,15.325659,15.247497,15.323118,7049
2024-01-10 11:09:00,15.323118,15.367582,15.311626,15.355176,2734
2024-01-10 11:10:00,15.355176,15.372439,15.343344,15.370347,1977
2024-01-10 11:11:00,15.370347,15.411223,15.353713,15.404423,8319
2024-01-10 11:12:00,15.404423,15.428494,15.392588,15.412224,9017
2024-01-10 11:13:00,15.412224,15.450557,15.395423,15.445952,3670
2024-01-10 11:14:00,15.445952,15.459164,15.417764,15.437594,2826
2024-01-10 11:15:00,15.437594,15.442729,15.398702,15.417672,7668
2024-01-10 11:16:00,15.417672,15.437068,15.396862,15.401090,3472
2024-01-10 11:17:00,15.401090,15.410108,15.352076,15.370257,1399
2024-01-10 11:18:00,15.370257,15.382424,15.296036,15.304758,6697
2024-01-10 11:19:00,15.304758,15.307884,15.223052,15.229873,6264
2024-01-10 11:20:00,15.229873,15.237477,15.153528,15.157730,3755
2024-01-10 11:21:00,15.157730,15.175263,15.067375,15.083713,2152
2024-01-10 11:22:00,15.083713,15.086409,15.002477,15.008100,7124
2024-01-10 11:23:00,15.008100,15.016458,14.918491,14.932567,9272
2024-01-10 11:24:00,14.932567,14.935806,14.824394,14.837967,8397
2024-01-10 11:25:00,14.837967,14.845219,14.743403,14.751296,9336
2024-01-10 11:26:00,14.751296,14.755949,14.665770,14.683482,7200
2024-01-10 11:27:00,14.683482,14.699616,14.588471,14.605842,587
2024-01-10 11:28:00,14.605842,14.615107,14.540514,14.545732,2758
2024-01-10 11:29:00,14.545732,14.549555,14.505682,14.509750,5079
2024-01-10 11:30:00,14.509750,14.522820,14.450943,14.464606,7043
2024-01-10 13:01:00,14.464606,14.471944,14.398136,14.406410,6393
2024-01-10 13:02:00,14.406410,14.431169,14.396201,14.411397,691
2024-01-10 13:03:00,14.411397,14.416626,14.349049,14.368371,1666
2024-01-10 13:04:00,14.368371,14.376211,14.326805,14.333185,8251
2024-01-10 13:05:00,14.333185,14.352409,14.299199,14.308264,1414
2024-01-10 13:06:00,14.308264,14.318654,14.261382,14.272943,2963
2024-01-10 13:07:00,14.272943,14.277221,14.255546,14.263026,507
2024-01-10 13:08:00,14.263026,14.288010,14.250076,14.273793,2967
2024-01-10 13:09:00,14.273793,14.291485,14.245838,14.253494,2487
2024-01-10 13:10:00,14.253494,14.263544,14.228864,14.241808,6052
2024-01-10 13:11:00,14.241808,14.251875,14.219260,14.236445,9912
2024-01-10 13:12:00,14.236445,14.252837,14.170080,14.187112,1319
2024-01-10 13:13:00,14.187112,14.192914,14.163631,14.169883,4692
2024-01-10 13:14:00,14.169883,14.174970,14.163467,14.171841,9683
2024-01-10 13:15:00,14.171841,14.181518,14.152809,14.163410,8365
2024-01-10 13:16:00,14.163410,14.167731,14.135652,14.138495,4625
2024-01-10 13:17:00,14.138495,14.148074,14.118196,14.130854,9823
2024-01-10 13:18:00,14.130854,14.133170,14.098690,14.108586,4160
2024-01-10 13:19:00,14.108586,14.135249,14.099983,14.128580,4039
2024-01-10 13:20:00,14.128580,14.136742,14.110229,14.116206,3604
2024-01-10 13:21:00,14.116206,14.127117,14.108174,14.123813,8030
2024-01-10 13:22:00,14.123813,14.140409,14.103646,14.115522,1376
2024-01-10 13:23:00,14.115522,14.119231,14.108762,14.116640,5254
2024-01-10 13:24:00,14.116640,14.135488,14.101713,14.130384,6709
2024-01-10 13:25:00,14.130384,14.134707,14.107195,14.125307,2623
2024-01-10 13:26:00,14.125307,14.140565,14.117288,14.135110,6592
2024-01-10 13:27:00,14.135110,14.143230,14.116410,14.121756,5620
2024-01-10 13:28:00,14.121756,14.143829,14.105820,14.124330,5088
2024-01-10 13:29:00,14.124330,14.155775,14.121258,14.141484,3597
2024-01-10 13:30:00,14.141484,14.159185,14.133859,14.145615,8559
2024-01-10 13:31:00,14.145615,14.157631,14.137729,14.147129,6176
2024-01-10 13:32:00,14.147129,14.159501,14.113015,14.118161,8408
2024-01-10 13:33:00,14.118161,14.134027,14.104608,14.129699,986
2024-01-10 13:34:00,14.129699,14.185917,14.113579,14.181653,2177
2024-01-10 13:35:00,14.181653,14.198038,14.175474,14.193922,877
2024-01-10 13:36:00,14.193922,14.211128,14.185702,14.198998,4836
2024-01-10 13:37:00,14.198998,14.236354,14.186998,14.216898,9392
2024-01-10 13:38:00,14.216898,14.245709,14.197819,14.233507,9957
2024-01-10 13:39:00,14.233507,14.250518,14.215915,14.247345,7363
2024-01-10 13:40:00,14.247345,14.267953,14.233008,14.252631,9475
2024-01-10 13:41:00,14.252631,14.258907,14.220538,14.230264,613
2024-01-10 13:42:00,14.230264,14.244186,14.217708,14.237763,9573
2024-01-10 13:43:00,14.237763,14.254816,14.228099,14.242174,5609
2024-01-10 13:44:00,14.242174,14.275422,14.231341,14.258276,6985
2024-01-10 13:45:00,14.258276,14.280129,14.240465,14.260337,5513
2024-01-10 13:46:00,14.260337,14.264324,14.232666,14.246873,8463
2024-01-10 13:47:00,14.246873,14.257555,14.240821,14.248923,9504
2024-01-10 13:48:00,14.248923,14.256225,14.220411,14.231250,8370
2024-01-10 13:49:00,14.231250,14.237852,14.203503,14.220715,1503
2024-01-10 13:50:00,14.220715,14.252320,14.215974,14.237309,1751
2024-01-10 13:51:00,14.237309,14.254321,14.185894,14.189970,2498
2024-01-10 13:52:00,14.189970,14.208299,14.172314,14.189182,480
2024-01-10 13:53:00,14.189182,14.192312,14.173303,14.182734,4014
2024-01-10 13:54:00,14.182734,14.196956,14.172207,14.190683,9746
2024-01-10 13:55:00,14.190683,14.242548,14.173816,14.225527,882
2024-01-10 13:56:00,14.225527,14.242552,14.218543,14.235231,1036
2024-01-10 13:57:00,14.235231,14.254412,14.228263,14.246718,3605
2024-01-10 13:58:00,14.246718,14.266406,14.235954,14.259496,4683
2024-01-10 13:59:00,14.259496,14.262711,14.219237,14.232432,6602
2024-01-10 14:00:00,14.232432,14.251847,14.219511,14.248025,5087
2024-01-10 14:01:00,14.248025,14.255292,14.231637,14.251439,1746
2024-01-10 14:02:00,14.251439,14.258293,14.225209,14.234052,4544
2024-01-10 14:03:00,14.234052,14.274862,14.220985,14.272398,3763
2024-01-10 14:04:00,14.272398,14.282475,14.257236,14.273777,9274
2024-01-10 14:05:00,14.273777,14.283514,14.242191,14.249784,6258
2024-01-10 14:06:00,14.249784,14.259970,14.226589,14.242942,7430
2024-01-10 14:07:00,14.242942,14.261789,14.232258,14.242603,1617
2024-01-10 14:08:00,14.242603,14.264670,14.239514,14.259260,1982
2024-01-10 14:09:00,14.259260,14.274793,14.246278,14.254406,8082
2024-01-10 14:10:00,14.254406,14.272624,14.244449,14.266104,2200
2024-01-10 14:11:00,14.266104,14.269006,14.248630,14.252644,8354
2024-01-10 14:12:00,14.252644,14.259130,14.242493,14.254318,1339
2024-01-10 14:13:00,14.254318,14.264366,14.242667,14.248015,2362
2024-01-10 14:14:00,14.248015,14.265415,14.200935,14.214162,2795
2024-01-10 14:15:00,14.214162,14.239472,14.199702,14.228751,7032
2024-01-10 14:16:00,14.228751,14.232521,14.197216,14.212680,6189
2024-01-10 14:17:00,14.212680,14.217452,14.174335,14.191132,5503
2024-01-10 14:18:00,14.191132,14.209273,14.172485,14.197980,3367
2024-01-10 14:19:00,14.197980,14.219731,14.190024,14.204590,8484
2024-01-10 14:20:00,14.204590,14.213550,14.199330,14.210377,3833
2024-01-10 14:21:00,14.210377,14.219005,14.196847,14.213375,1435
2024-01-10 14:22:00,14.213375,14.243168,14.195816,14.230384,1198
2024-01-10 14:23:00,14.230384,14.243412,14.189646,14.201150,9689
2024-01-10 14:24:00,14.201150,14.221626,14.193832,14.205240,7014
2024-01-10 14:25:00,14.205240,14.234144,14.198346,14.216586,4859
2024-01-10 14:26:00,14.216586,14.226094,14.155337,14.173234,7776
2024-01-10 14:27:00,14.173234,14.187140,14.153010,14.170577,3561
2024-01-10 14:28:00,14.170577,14.181188,14.131644,14.149146,7823
2024-01-10 14:29:00,14.149146,14.154576,14.113618,14.132968,9294
2024-01-10 14:30:00,14.132968,14.143003,14.116451,14.127275,1135
2024-01-10 14:31:00,14.127275,14.153416,14.117717,14.135770,7813
2024-01-10 14:32:00,14.135770,14.170750,14.130414,14.158667,5956
2024-01-10 14:33:00,14.158667,14.164342,14.108381,14.125599,3513
2024-01-10 14:34:00,14.125599,14.141305,14.073822,14.085698,2914
2024-01-10 14:35:00,14.085698,14.134805,14.081666,14.115652,7486
2024-01-10 14:36:00,14.115652,14.135512,14.088935,14.105036,4963
2024-01-10 14:37:00,14.105036,14.119251,14.094269,14.102014,7347
2024-01-10 14:38:00,14.102014,14.123705,14.089217,14.119078,2998
2024-01-10 14:39:00,14.119078,14.142470,14.101078,14.130324,3059
2024-01-10 14:40:00,14.130324,14.134684,14.108173,14.111312,9559
2024-01-10 14:41:00,14.111312,14.124485,14.101448,14.110687,3045
2024-01-10 14:42:00,14.110687,14.125285,14.093943,14.110838,8885
2024-01-10 14:43:00,14.110838,14.124965,14.105433,14.113979,2884
2024-01-10 14:44:00,14.113979,14.138905,14.106681,14.127337,5862
2024-01-10 14:45:00,14.127337,14.144954,14.107399,14.111119,5815
2024-01-10 14:46:00,14.111119,14.127455,14.105286,14.119125,4446
2024-01-10 14:47:00,14.119125,14.133799,14.073783,14.087417,8092
2024-01-10 14:48:00,14.087417,14.090743,14.046570,14.066148,9405
2024-01-10 14:49:00,14.066148,14.088696,14.049487,14.072371,204
2024-01-10 14:50:00,14.072371,14.103105,14.067717,14.096499,1975
2024-01-10 14:51:00,14.096499,14.113599,14.088617,14.109482,8520
2024-01-10 14:52:00,14.109482,14.113135,14.084517,14.090751,4164
2024-01-10 14:53:00,14.090751,14.106679,14.079784,14.103633,6593
2024-01-10 14:54:00,14.103633,14.115785,14.087085,14.103214,7351
2024-01-10 14:55:00,14.103214,14.137841,14.099161,14.125910,989
2024-01-10 14:56:00,14.125910,14.128905,14.112607,14.121534,224
2024-01-10 14:57:00,14.121534,14.153994,14.117547,14.136933,4579
2024-01-10 14:58:00,14.136933,14.142831,14.066511,14.084962,2907
2024-01-10 14:59:00,14.084962,14.101692,14.073372,14.079695,8006
2024-01-10 15:00:00,14.079695,14.088240,14.056523,14.076024,4098
2024-01-11 09:31:00,14.144617,14.151575,14.104444,14.123289,9625
2024-01-11 09:32:00,14.123289,14.160826,14.113050,14.141207,8782
2024-01-11 09:33:00,14.141207,14.169314,14.122530,14.151068,9787
2024-01-11 09:34:00,14.151068,14.183471,14.148983,14.168483,8029
2024-01-11 09:35:00,14.168483,14.170485,14.128995,14.148412,4399
2024-01-11 09:36:00,14.148412,14.184428,14.132491,14.178647,2148
2024-01-11 09:37:00,14.178647,14.187366,14.138415,14.150448,6506
2024-01-11 09:38:00,14.150448,14.168989,14.141860,14.144302,5823
2024-01-11 09:39:00,14.144302,14.155273,14.108641,14.124579,9677
2024-01-11 09:40:00,14.124579,14.159282,14.115921,14.141583,8452
2024-01-11 09:41:00,14.141583,14.163482,14.135059,14.159859,6719
2024-01-11 09:42:00,14.159859,14.164045,14.122244,14.138488,1358
2024-01-11 09:43:00,14.138488,14.162966,14.134713,14.160884,1894
2024-01-11 09:44:00,14.160884,14.174904,14.144673,14.171247,1030
2024-01-11 09:45:00,14.171247,14.185816,14.168856,14.180414,933
2024-01-11 09:46:00,14.180414,14.198414,14.142476,14.160787,7926
2024-01-11 09:47:00,14.160787,14.184914,14.141343,14.178460,7553
2024-01-11 09:48:00,14.178460,14.204491,14.161345,14.188991,799
2024-01-11 09:49:00,14.188991,14.191361,14.147316,14.163150,9469
2024-01-11 09:50:00,14.163150,14.211402,14.151805,14.201896,886
2024-01-11 09:51:00,14.201896,14.221410,14.192678,14.196616,9151
2024-01-11 09:52:00,14.196616,14.218524,14.186101,14.201480,2581
2024-01-11 09:53:00,14.201480,14.208525,14.173265,14.187127,7096
2024-01-11 09:54:00,14.187127,14.213659,14.177856,14.207220,9389
2024-01-11 09:55:00,14.207220,14.225556,14.194671,14.223427,2406
2024-01-11 09:56:00,14.223427,14.229050,14.183460,14.199591,3660
2024-01-11 09:57:00,14.199591,14.210406,14.179061,14.192489,2867
2024-01-11 09:58:00,14.192489,14.210113,14.168439,14.187441,1224
2024-01-11 09:59:00,14.187441,14.206766,14.177435,14.195903,6226
2024-01-11 10:00:00,14.195903,14.216158,14.187477,14.211312,7615
2024-01-11 10:01:00,14.211312,14.226181,14.164405,14.182947,4284
2024-01-11 10:02:00,14.182947,14.204377,14.171649,14.190151,8858
2024-01-11 10:03:00,14.190151,14.218529,14.176066,14.200569,7719
2024-01-11 10:04:00,14.200569,14.214053,14.179751,14.192670,3311
2024-01-11 10:05:00,14.192670,14.210688,14.169314,14.186858,2947
2024-01-11 10:06:00,14.186858,14.230556,14.173781,14.225146,5094
2024-01-11 10:07:00,14.225146,14.233585,14.186311,14.197964,2152
2024-01-11 10:08:00,14.197964,14.217995,14.195177,14.210601,2695
2024-01-11 10:09:00,14.210601,14.240034,14.197330,14.225230,3264
2024-01-11 10:10:00,14.225230,14.250943,14.217937,14.240363,7539
2024-01-11 10:11:00,14.240363,14.244417,14.227231,14.231675,8252
2024-01-11 10:12:00,14.231675,14.249433,14.222897,14.227472,5981
2024-01-11 10:13:00,14.227472,14.245086,14.211621,14.232988,9490
2024-01-11 10:14:00,14.232988,14.244616,14.206881,14.210397,9411
2024-01-11 10:15:00,14.210397,14.228680,14.178541,14.193671,9096
2024-01-11 10:16:00,14.193671,14.212709,14.177611,14.195638,9881
2024-01-11 10:17:00,14.195638,14.199256,14.173562,14.192800,2719
2024-01-11 10:18:00,14.192800,14.203111,14.166818,14.178262,8325
2024-01-11 10:19:00,14.178262,14.183018,14.167460,14.177798,4214
2024-01-11 10:20:00,14.177798,14.185877,14.173174,14.183706,8392
2024-01-11 10:21:00,14.183706,14.191387,14.138081,14.148528,2111
2024-01-11 10:22:00,14.148528,14.176574,14.129492,14.157391,5674
2024-01-11 10:23:00,14.157391,14.171145,14.130593,14.149798,6535
2024-01-11 10:24:00,14.149798,14.205491,14.140460,14.186721,6681
2024-01-11 10:25:00,14.186721,14.196057,14.176919,14.191680,5214
2024-01-11 10:26:00,14.191680,14.199022,14.182515,14.190478,9705
2024-01-11 10:27:00,14.190478,14.214442,14.184289,14.201014,1443
2024-01-11 10:28:00,14.201014,14.222255,14.183620,14.211910,8342
2024-01-11 10:29:00,14.211910,14.223220,14.198636,14.209596,5121
2024-01-11 10:30:00,14.209596,14.215939,14.183183,14.199251,4326
2024-01-11 10:31:00,14.199251,14.228350,14.190471,14.210374,2315
2024-01-11 10:32:00,14.210374,14.220409,14.201300,14.210911,5778
2024-01-11 10:33:00,14.210911,14.239671,14.208282,14.223861,3212
2024-01-11 10:34:00,14.223861,14.226955,14.212495,14.222978,3032
2024-01-11 10:35:00,14.222978,14.238348,14.212853,14.227942,8453
2024-01-11 10:36:00,14.227942,14.244453,14.207295,14.226073,4292
2024-01-11 10:37:00,14.226073,14.244241,14.208403,14.222532,7224
2024-01-11 10:38:00,14.222532,14.225556,14.193903,14.202083,5237
2024-01-11 10:39:00,14.202083,14.217908,14.168618,14.186331,4322
2024-01-11 10:40:00,14.186331,14.204193,14.179753,14.191751,6978
2024-01-11 10:41:00,14.191751,14.212351,14.186161,14.202654,3932
2024-01-11 10:42:00,14.202654,14.205803,14.169250,14.187596,7570
2024-01-11 10:43:00,14.187596,14.206593,14.172097,14.190409,3285
2024-01-11 10:44:00,14.190409,14.225788,14.186026,14.213862,890
2024-01-11 10:45:00,14.213862,14.230527,14.185676,14.197445,2919
2024-01-11 10:46:00,14.197445,14.199737,14.176789,14.190717,5686
2024-01-11 10:47:00,14.190717,14.205895,14.187638,14.200664,8982
2024-01-11 10:48:00,14.200664,14.214894,14.194891,14.212391,6705
2024-01-11 10:49:00,14.212391,14.226772,14.195568,14.212860,6510
2024-01-11 10:50:00,14.212860,14.221777,14.191297,14.198057,1504
2024-01-11 10:51:00,14.198057,14.213068,14.181947,14.190155,9508
2024-01-11 10:52:00,14.190155,14.202027,14.170357,14.189901,4020
2024-01-11 10:53:00,14.189901,14.239129,14.174451,14.220762,2108
2024-01-11 10:54:00,14.220762,14.238359,14.218167,14.231623,3830
2024-01-11 10:55:00,14.231623,14.250521,14.226236,14.229820,720
2024-01-11 10:56:00,14.229820,14.257278,14.210187,14.244212,2916
2024-01-11 10:57:00,14.244212,14.249328,14.203516,14.215073,8046
2024-01-11 10:58:00,14.215073,14.256657,14.201890,14.240475,2001
2024-01-11 10:59:00,14.240475,14.275901,14.238096,14.257957,8650
2024-01-11 11:00:00,14.257957,14.277039,14.234777,14.251621,174
2024-01-11 11:01:00,14.251621,14.256588,14.223211,14.241282,8476
2024-01-11 11:02:00,14.241282,14.246147,14.202856,14.221865,2857
2024-01-11 11:03:00,14.221865,14.241584,14.190369,14.205755,1239
2024-01-11 11:04:00,14.205755,14.224458,14.192768,14.207209,2100
2024-01-11 11:05:00,14.207209,14.214465,14.155640,14.164851,7034
2024-01-11 11:06:00,14.164851,14.204720,14.152030,14.201729,3928
2024-01-11 11:07:00,14.201729,14.227629,14.197079,14.214540,4767
2024-01-11 11:08:00,14.214540,14.276937,14.195431,14.257104,8766
2024-01-11 11:09:00,14.257104,14.271910,14.238514,14.256227,357
2024-01-11 11:10:00,14.256227,14.287200,14.251899,14.277417,7168
2024-01-11 11:11:00,14.277417,14.282478,14.268979,14.280033,8157
2024-01-11 11:12:00,14.280033,14.292704,14.269009,14.279917,819
2024-01-11 11:13:00,14.279917,14.289775,14.267451,14.276694,9286
2024-01-11 11:14:00,14.276694,14.287830,14.255885,14.259982,8817
2024-01-11 11:15:00,14.259982,14.279970,14.256305,14.274977,748
2024-01-11 11:16:00,14.274977,14.304015,14.259661,14.285409,7125
2024-01-11 11:17:00,14.285409,14.318090,14.282913,14.298877,8972
2024-01-11 11:18:00,14.298877,14.319192,14.292834,14.301386,3815
2024-01-11 11:19:00,14.301386,14.322184,14.289105,14.303800,1692
2024-01-11 11:20:00,14.303800,14.309859,14.287442,14.296777,8696
2024-01-11 11:21:00,14.296777,14.339064,14.279992,14.323160,1823
2024-01-11 11:22:00,14.323160,14.336645,14.312973,14.315176,5547
2024-01-11 11:23:00,14.315176,14.331586,14.294805,14.301713,295
2024-01-11 11:24:00,14.301713,14.317894,14.283318,14.314907,656
2024-01-11 11:25:00,14.314907,14.333661,14.304042,14.315713,2881
2024-01-11 11:26:00,14.315713,14.330935,14.304823,14.309530,5081
2024-01-11 11:27:00,14.309530,14.325077,14.292815,14.309313,202
2024-01-11 11:28:00,14.309313,14.319059,14.290718,14.303415,4543
2024-01-11 11:29:00,14.303415,14.327689,14.283835,14.315688,5122
2024-01-11 11:30:00,14.315688,14.326855,14.293530,14.296553,3452
2024-01-11 13:01:00,14.296553,14.308901,14.286807,14.292652,5598
2024-01-11 13:02:00,14.292652,14.315108,14.276680,14.295130,6425
2024-01-11 13:03:00,14.295130,14.317498,14.290356,14.312029,8786
2024-01-11 13:04:00,14.312029,14.329070,14.273189,14.276993,2155
2024-01-11 13:05:00,14.276993,14.293703,14.258893,14.278067,3340
2024-01-11 13:06:00,14.278067,14.290254,14.263218,14.287369,1900
2024-01-11 13:07:00,14.287369,14.300075,14.247940,14.263938,9805
2024-01-11 13:08:00,14.263938,14.269280,14.254942,14.262680,4728
2024-01-11 13:09:00,14.262680,14.271228,14.240976,14.259239,4701
2024-01-11 13:10:00,14.259239,14.263357,14.226259,14.232298,7131
2024-01-11 13:11:00,14.232298,14.237553,14.221587,14.225346,8230
2024-01-11 13:12:00,14.225346,14.232337,14.221259,14.225213,2709
2024-01-11 13:13:00,14.225213,14.231363,14.216879,14.222545,1978
2024-01-11 13:14:00,14.222545,14.237393,14.211585,14.228402,785
2024-01-11 13:15:00,14.228402,14.242898,14.213943,14.223438,2672
2024-01-11 13:16:00,14.223438,14.229003,14.184214,14.192988,9677
2024-01-11 13:17:00,14.192988,14.202866,14.173558,14.179116,5523
2024-01-11 13:18:00,14.179116,14.189116,14.167231,14.180896,2653
2024-01-11 13:19:00,14.180896,14.198087,14.172756,14.175470,5657
2024-01-11 13:20:00,14.175470,14.189225,14.163036,14.174374,2887
2024-01-11 13:21:00,14.174374,14.183250,14.160449,14.164154,6456
2024-01-11 13:22:00,14.164154,14.175635,14.140367,14.148688,1045
2024-01-11 13:23:00,14.148688,14.169240,14.139421,14.151292,1626
2024-01-11 13:24:00,14.151292,14.172362,14.135859,14.169135,9214
2024-01-11 13:25:00,14.169135,14.171476,14.151600,14.153904,404
2024-01-11 13:26:00,14.153904,14.166263,14.136884,14.151826,5727
2024-01-11 13:27:00,14.151826,14.162183,14.133034,14.154841,7265
2024-01-11 13:28:00,14.154841,14.179152,14.135934,14.164313,9308
2024-01-11 13:29:00,14.164313,14.173743,14.140821,14.148581,1353
2024-01-11 13:30:00,14.148581,14.179945,14.131113,14.167729,3559
2024-01-11 13:31:00,14.167729,14.178832,14.141812,14.159925,2588
2024-01-11 13:32:00,14.159925,14.169872,14.130738,14.144967,1721
2024-01-11 13:33:00,14.144967,14.147902,14.132909,14.135811,572
2024-01-11 13:34:00,14.135811,14.162891,14.128283,14.144987,7947
2024-01-11 13:35:00,14.144987,14.177602,14.142498,14.158274,3556
2024-01-11 13:36:00,14.158274,14.207510,14.148731,14.193040,1929
2024-01-11 13:37:00,14.193040,14.230416,14.189100,14.210917,1492
2024-01-11 13:38:00,14.210917,14.232042,14.201104,14.215858,3331
2024-01-11 13:39:00,14.215858,14.225875,14.188662,14.203086,7238
2024-01-11 13:40:00,14.203086,14.213499,14.185420,14.189621,8031
2024-01-11 13:41:00,14.189621,14.217813,14.182845,14.202937,6325
2024-01-11 13:42:00,14.202937,14.213794,14.189319,14.194206,1836
2024-01-11 13:43:00,14.194206,14.197115,14.180352,14.190605,1208
2024-01-11 13:44:00,14.190605,14.199492,14.167410,14.178782,2398
2024-01-11 13:45:00,14.178782,14.190147,14.146029,14.149296,408
2024-01-11 13:46:00,14.149296,14.162842,14.137531,14.145766,3080
2024-01-11 13:47:00,14.145766,14.164279,14.122693,14.141219,4276
2024-01-11 13:48:00,14.141219,14.154865,14.122948,14.137428,8270
2024-01-11 13:49:00,14.137428,14.155923,14.107964,14.126406,4529
2024-01-11 13:50:00,14.126406,14.162848,14.108733,14.143794,4353
2024-01-11 13:51:00,14.143794,14.164248,14.126270,14.152101,1396
2024-01-11 13:52:00,14.152101,14.161200,14.111658,14.117729,1343
2024-01-11 13:53:00,14.117729,14.136308,14.084511,14.097095,1822
2024-01-11 13:54:00,14.097095,14.099765,14.037208,14.052201,6380
2024-01-11 13:55:00,14.052201,14.076032,14.049628,14.070706,5683
2024-01-11 13:56:00,14.070706,14.089319,14.060017,14.082835,2492
2024-01-11 13:57:00,14.082835,14.096851,14.075671,14.078544,1008
2024-01-11 13:58:00,14.078544,14.100632,14.076314,14.080851,4566
2024-01-11 13:59:00,14.080851,14.085393,14.069824,14.079193,7714
2024-01-11 14:00:00,14.079193,14.088255,14.036760,14.053112,133
2024-01-11 14:01:00,14.053112,14.080884,14.046251,14.063679,1304
2024-01-11 14:02:00,14.063679,14.084424,14.054593,14.078797,357
2024-01-11 14:03:00,14.078797,14.096120,14.072922,14.081581,3659
2024-01-11 14:04:00,14.081581,14.099100,14.076258,14.091336,1548
2024-01-11 14:05:00,14.091336,14.106216,14.082562,14.099322,8118
2024-01-11 14:06:00,14.099322,14.139537,14.082431,14.126026,1555
2024-01-11 14:07:00,14.126026,14.138182,14.095231,14.100556,8182
2024-01-11 14:08:00,14.100556,14.116472,14.057970,14.068519,7970
2024-01-11 14:09:00,14.068519,14.081557,14.057341,14.076102,9328
2024-01-11 14:10:00,14.076102,14.104801,14.072899,14.097096,5042
2024-01-11 14:11:00,14.097096,14.103090,14.060962,14.077315,8679
2024-01-11 14:12:00,14.077315,14.099178,14.069226,14.087977,4122
2024-01-11 14:13:00,14.087977,14.115778,14.068872,14.101692,6421
2024-01-11 14:14:00,14.101692,14.109905,14.059138,14.071512,3453
2024-01-11 14:15:00,14.071512,14.076560,14.053326,14.061705,5493
2024-01-11 14:16:00,14.061705,14.074330,14.032468,14.048315,6235
2024-01-11 14:17:00,14.048315,14.066683,14.046097,14.051577,791
2024-01-11 14:18:00,14.051577,14.072825,14.043769,14.052842,1194
2024-01-11 14:19:00,14.052842,14.095387,14.040563,14.077486,5231
2024-01-11 14:20:00,14.077486,14.094191,14.055659,14.066149,4991
2024-01-11 14:21:00,14.066149,14.086908,14.060892,14.081381,753
2024-01-11 14:22:00,14.081381,14.101077,14.064892,14.095415,6655
2024-01-11 14:23:00,14.095415,14.107422,14.075277,14.087774,472
2024-01-11 14:24:00,14.087774,14.125584,14.077208,14.110340,7537
2024-01-11 14:25:00,14.110340,14.121113,14.106466,14.112244,8682
2024-01-11 14:26:00,14.112244,14.119893,14.084353,14.098810,8839
2024-01-11 14:27:00,14.098810,14.129772,14.092577,14.111176,5238
2024-01-11 14:28:00,14.111176,14.130167,14.085240,14.087590,5637
2024-01-11 14:29:00,14.087590,14.094150,14.084260,14.092098,8126
2024-01-11 14:30:00,14.092098,14.102464,14.064231,14.070020,7621
2024-01-11 14:31:00,14.070020,14.084494,14.054841,14.080832,3032
2024-01-11 14:32:00,14.080832,14.084367,14.061275,14.077240,2299
2024-01-11 14:33:00,14.077240,14.088902,14.043029,14.061010,5054
2024-01-11 14:34:00,14.061010,14.080782,14.039217,14.048440,4051
2024-01-11 14:35:00,14.048440,14.069039,14.032958,14.065525,1572
2024-01-11 14:36:00,14.065525,14.074718,14.026668,14.031355,4528
2024-01-11 14:37:00,14.031355,14.072141,14.020666,14.059469,2808
2024-01-11 14:38:00,14.059469,14.074748,14.041278,14.046763,2527
2024-01-11 14:39:00,14.046763,14.062732,14.030786,14.040064,8766
2024-01-11 14:40:00,14.040064,14.072850,14.036417,14.059076,8290
2024-01-11 14:41:00,14.059076,14.082569,14.049066,14.076580,2475
2024-01-11 14:42:00,14.076580,14.080148,14.053041,14.065549,1730
2024-01-11 14:43:00,14.065549,14.072028,14.046517,14.065934,9010
2024-01-11 14:44:00,14.065934,14.086184,14.054430,14.074841,6858
2024-01-11 14:45:00,14.074841,14.087522,14.064339,14.078895,8179
2024-01-11 14:46:00,14.078895,14.090627,14.044524,14.059750,7681
2024-01-11 14:47:00,14.059750,14.075023,14.051026,14.059611,4134
2024-01-11 14:48:00,14.059611,14.062225,14.020509,14.033765,4285
2024-01-11 14:49:00,14.033765,14.039596,13.998819,14.017949,4762
2024-01-11 14:50:00,14.017949,14.033679,14.008901,14.024974,5221
2024-01-11 14:51:00,14.024974,14.037106,13.989015,14.002842,3527
2024-01-11 14:52:00,14.002842,14.011886,13.973502,13.991347,9386
2024-01-11 14:53:00,13.991347,14.021535,13.988715,14.014524,7888
2024-01-11 14:54:00,14.014524,14.039112,14.005943,14.023947,9230
2024-01-11 14:55:00,14.023947,14.026903,14.006621,14.015410,7913
2024-01-11 14:56:00,14.015410,14.019681,13.998036,14.013544,3393
2024-01-11 14:57:00,14.013544,14.025255,14.007811,14.022493,2857
2024-01-11 14:58:00,14.022493,14.052283,14.017096,14.044445,2831
2024-01-11 14:59:00,14.044445,14.049939,14.010055,14.028427,3890
2024-01-11 15:00:00,14.028427,14.042518,14.020535,14.024132,9304
2024-01-12 09:31:00,14.091455,14.096349,14.080294,14.088660,2185
2024-01-12 09:32:00,14.088660,14.106544,14.063199,14.083022,3990
2024-01-12 09:33:00,14.083022,14.111622,14.080597,14.100946,8395
2024-01-12 09:34:00,14.100946,14.114997,14.075569,14.088996,6577
2024-01-12 09:35:00,14.088996,14.110077,14.080298,14.096091,3994
2024-01-12 09:36:00,14.096091,14.102812,14.076967,14.095912,9028
2024-01-12 09:37:00,14.095912,14.104897,14.089102,14.094102,6801
2024-01-12 09:38:00,14.094102,14.132034,14.088362,14.119079,6025
2024-01-12 09:39:00,14.119079,14.132361,14.100742,14.126916,5421
2024-01-12 09:40:00,14.126916,14.147972,14.115842,14.137659,6215
2024-01-12 09:41:00,14.137659,14.156188,14.132598,14.145345,1254
2024-01-12 09:42:00,14.145345,14.163841,14.122193,14.135891,2909
2024-01-12 09:43:00,14.135891,14.152948,14.119090,14.137667,9381
2024-01-12 09:44:00,14.137667,14.167615,14.117706,14.158202,6450
2024-01-12 09:45:00,14.158202,14.177865,14.141963,14.156438,192
2024-01-12 09:46:00,14.156438,14.167087,14.151208,14.153835,2069
2024-01-12 09:47:00,14.153835,14.162527,14.124951,14.140109,9802
2024-01-12 09:48:00,14.140109,14.143648,14.090405,14.105559,9049
2024-01-12 09:49:00,14.105559,14.120483,14.071756,14.084116,524
2024-01-12 09:50:00,14.084116,14.103806,14.061435,14.079742,119
2024-01-12 09:51:00,14.079742,14.105165,14.071392,14.094263,7974
2024-01-12 09:52:00,14.094263,14.116670,14.085076,14.110511,1087
2024-01-12 09:53:00,14.110511,14.128512,14.098678,14.119758,3141
2024-01-12 09:54:00,14.119758,14.139150,14.107881,14.111463,3698
2024-01-12 09:55:00,14.111463,14.116952,14.074327,14.080079,3867
2024-01-12 09:56:00,14.080079,14.098328,14.074480,14.079175,2977
2024-01-12 09:57:00,14.079175,14.098008,14.061345,14.070375,894
2024-01-12 09:58:00,14.070375,14.074581,14.029727,14.044865,6597
2024-01-12 09:59:00,14.044865,14.056016,14.028279,14.040958,2231
2024-01-12 10:00:00,14.040958,14.067165,14.030357,14.065033,9325
2024-01-12 10:01:00,14.065033,14.069273,14.060861,14.064996,1070
2024-01-12 10:02:00,14.064996,14.080068,14.056663,14.061824,7308
2024-01-12 10:03:00,14.061824,14.087114,14.054757,14.080981,3502
2024-01-12 10:04:00,14.080981,14.105959,14.072290,14.090044,6814
2024-01-12 10:05:00,14.090044,14.096916,14.059504,14.067164,1792
2024-01-12 10:06:00,14.067164,14.082446,14.033321,14.049141,8140
2024-01-12 10:07:00,14.049141,14.081660,14.045463,14.066138,1808
2024-01-12 10:08:00,14.066138,14.072124,14.030392,14.040558,4494
2024-01-12 10:09:00,14.040558,14.055083,14.021324,14.048015,6040
2024-01-12 10:10:00,14.048015,14.063477,14.030105,14.044510,8985
2024-01-12 10:11:00,14.044510,14.050383,14.040719,14.044456,327
2024-01-12 10:12:00,14.044456,14.066393,14.034401,14.062987,4111
2024-01-12 10:13:00,14.062987,14.075433,14.040933,14.057984,5648
2024-01-12 10:14:00,14.057984,14.075157,14.043713,14.068293,8983
2024-01-12 10:15:00,14.068293,14.076389,14.034096,14.049042,2580
2024-01-12 10:16:00,14.049042,14.052448,14.017704,14.036757,5512
2024-01-12 10:17:00,14.036757,14.068007,14.016875,14.058755,4186
2024-01-12 10:18:00,14.058755,14.069781,14.041381,14.050400,3001
2024-01-12 10:19:00,14.050400,14.102871,14.033556,14.084369,4330
2024-01-12 10:20:00,14.084369,14.102982,14.069836,14.073462,9479
2024-01-12 10:21:00,14.073462,14.085473,14.025753,14.034714,8564
2024-01-12 10:22:00,14.034714,14.050805,13.997718,14.011301,3829
2024-01-12 10:23:00,14.011301,14.014970,13.993510,14.001518,1905
2024-01-12 10:24:00,14.001518,14.011459,13.980660,14.000569,9692
2024-01-12 10:25:00,14.000569,14.006219,13.951209,13.964692,1452
2024-01-12 10:26:00,13.964692,13.988335,13.947664,13.971869,327
2024-01-12 10:27:00,13.971869,13.979566,13.965861,13.970216,8755
2024-01-12 10:28:00,13.970216,13.975410,13.947582,13.960656,2388
2024-01-12 10:29:00,13.960656,14.003327,13.947304,13.991682,5768
2024-01-12 10:30:00,13.991682,14.000674,13.984417,13.993910,3029
2024-01-12 10:31:00,13.993910,14.003205,13.973902,13.993191,3391
2024-01-12 10:32:00,13.993191,13.999692,13.942371,13.957203,9285
2024-01-12 10:33:00,13.957203,14.004582,13.952767,13.989926,957
2024-01-12 10:34:00,13.989926,14.005480,13.980015,13.982240,4198
2024-01-12 10:35:00,13.982240,14.002115,13.965862,13.989333,3630
2024-01-12 10:36:00,13.989333,13.998014,13.981256,13.986775,2480
2024-01-12 10:37:00,13.986775,13.996369,13.971530,13.983129,7117
2024-01-12 10:38:00,13.983129,14.003569,13.968139,13.991397,6805
2024-01-12 10:39:00,13.991397,14.002228,13.958735,13.968236,9186
2024-01-12 10:40:00,13.968236,13.998081,13.957183,13.992901,3164
2024-01-12 10:41:00,13.992901,14.013212,13.988282,14.004529,4054
2024-01-12 10:42:00,14.004529,14.011127,13.988274,14.007998,3959
2024-01-12 10:43:00,14.007998,14.048223,13.990952,14.034827,3507
2024-01-12 10:44:00,14.034827,14.053363,14.005606,14.015428,8329
2024-01-12 10:45:00,14.015428,14.019191,14.004841,14.014017,1798
2024-01-12 10:46:00,14.014017,14.044434,14.001913,14.031422,2658
2024-01-12 10:47:00,14.031422,14.052743,14.014428,14.042630,8467
2024-01-12 10:48:00,14.042630,14.070913,14.030531,14.054971,8414
2024-01-12 10:49:00,14.054971,14.058108,14.019393,14.032475,9181
2024-01-12 10:50:00,14.032475,14.051561,13.990658,14.000995,1991
2024-01-12 10:51:00,14.000995,14.018531,13.997889,14.007568,9538
2024-01-12 10:52:00,14.007568,14.017651,13.992618,14.007756,8975
2024-01-12 10:53:00,14.007756,14.015421,13.991819,13.996094,5461
2024-01-12 10:54:00,13.996094,14.029984,13.978665,14.010052,7867
2024-01-12 10:55:00,14.010052,14.022375,13.998189,14.001099,8901
2024-01-12 10:56:00,14.001099,14.010947,13.996856,14.002395,7697
2024-01-12 10:57:00,14.002395,14.027308,13.983117,14.011027,7521
2024-01-12 10:58:00,14.011027,14.050239,13.995182,14.036391,2152
2024-01-12 10:59:00,14.036391,14.060701,14.031698,14.050893,4789
2024-01-12 11:00:00,14.050893,14.072675,14.042859,14.061345,7053
2024-01-12 11:01:00,14.061345,14.074962,14.041505,14.055574,6634
2024-01-12 11:02:00,14.055574,14.080606,14.040035,14.073602,6670
2024-01-12 11:03:00,14.073602,14.083309,14.017751,14.032832,9959
2024-01-12 11:04:00,14.032832,14.043147,14.004861,14.014008,9198
2024-01-12 11:05:00,14.014008,14.033211,13.995642,14.013211,1350
2024-01-12 11:06:00,14.013211,14.035353,14.001432,14.017792,1770
2024-01-12 11:07:00,14.017792,14.034447,13.994784,14.008188,8244
2024-01-12 11:08:00,14.008188,14.050906,13.993614,14.030935,4216
2024-01-12 11:09:00,14.030935,14.054203,14.022735,14.036586,8369
2024-01-12 11:10:00,14.036586,14.050062,14.024331,14.045678,230
2024-01-12 11:11:00,14.045678,14.065106,14.036333,14.044772,7466
2024-01-12 11:12:00,14.044772,14.092133,14.041269,14.077180,6649
2024-01-12 11:13:00,14.077180,14.094566,14.060114,14.092422,9915
2024-01-12 11:14:00,14.092422,14.103937,14.078759,14.097279,5575
2024-01-12 11:15:00,14.097279,14.154898,14.088352,14.147571,9902
2024-01-12 11:16:00,14.147571,14.166550,14.131655,14.140448,9330
2024-01-12 11:17:00,14.140448,14.157225,14.124212,14.147292,7562
2024-01-12 11:18:00,14.147292,14.159692,14.119142,14.133771,2146
2024-01-12 11:19:00,14.133771,14.140733,14.089685,14.108386,8894
2024-01-12 11:20:00,14.108386,14.120381,14.084777,14.103624,4371
2024-01-12 11:21:00,14.103624,14.127304,14.097084,14.117062,4114
2024-01-12 11:22:00,14.117062,14.122296,14.080829,14.088417,5994
2024-01-12 11:23:00,14.088417,14.116250,14.075330,14.096589,5429
2024-01-12 11:24:00,14.096589,14.105718,14.059944,14.078783,5456
2024-01-12 11:25:00,14.078783,14.101934,14.072608,14.085272,4558
2024-01-12 11:26:00,14.085272,14.091904,14.045192,14.063653,3872
2024-01-12 11:27:00,14.063653,14.081776,14.044528,14.071942,8609
2024-01-12 11:28:00,14.071942,14.077632,14.033362,14.038077,1070
2024-01-12 11:29:00,14.038077,14.053002,14.026817,14.050661,1936
2024-01-12 11:30:00,14.050661,14.060183,14.039804,14.049423,5596
2024-01-12 13:01:00,14.049423,14.053371,14.025226,14.030475,5113
2024-01-12 13:02:00,14.030475,14.032662,14.011502,14.020344,2698
2024-01-12 13:03:00,14.020344,14.032464,14.016507,14.030444,7295
2024-01-12 13:04:00,14.030444,14.039678,14.021728,14.030762,573
2024-01-12 13:05:00,14.030762,14.036057,13.994356,14.005422,8649
2024-01-12 13:06:00,14.005422,14.017319,14.000102,14.006813,5038
2024-01-12 13:07:00,14.006813,14.009907,13.976278,13.994991,4092
2024-01-12 13:08:00,13.994991,14.007028,13.956516,13.974976,1766
2024-01-12 13:09:00,13.974976,13.996353,13.968950,13.984209,7163
2024-01-12 13:10:00,13.984209,13.998114,13.967336,13.989800,144
2024-01-12 13:11:00,13.989800,14.002177,13.940933,13.950486,3759
2024-01-12 13:12:00,13.950486,13.982752,13.935792,13.979835,8016
2024-01-12 13:13:00,13.979835,13.999396,13.966494,13.989638,4267
2024-01-12 13:14:00,13.989638,13.997377,13.970150,13.991826,5940
2024-01-12 13:15:00,13.991826,13.996613,13.967097,13.973219,1683
2024-01-12 13:16:00,13.973219,13.987257,13.958169,13.971614,7549
2024-01-12 13:17:00,13.971614,13.978840,13.953649,13.966454,8033
2024-01-12 13:18:00,13.966454,13.986039,13.963001,13.982580,5200
2024-01-12 13:19:00,13.982580,14.009334,13.969465,14.004084,908
2024-01-12 13:20:00,14.004084,14.038074,13.988215,14.028767,7750
2024-01-12 13:21:00,14.028767,14.069008,14.016414,14.055120,3667
2024-01-12 13:22:00,14.055120,14.063433,14.048864,14.061270,5918
2024-01-12 13:23:00,14.061270,14.073366,14.058509,14.061558,1912
2024-01-12 13:24:00,14.061558,14.080527,14.034498,14.048407,8768
2024-01-12 13:25:00,14.048407,14.054937,14.015432,14.034448,3806
2024-01-12 13:26:00,14.034448,14.048198,13.991481,14.001295,285
2024-01-12 13:27:00,14.001295,14.011900,13.981830,13.993330,2648
2024-01-12 13:28:00,13.993330,14.005755,13.965500,13.983731,8456
2024-01-12 13:29:00,13.983731,13.986806,13.961126,13.968904,2740
2024-01-12 13:30:00,13.968904,13.981932,13.929275,13.949171,443
2024-01-12 13:31:00,13.949171,13.965377,13.941426,13.951506,8423
2024-01-12 13:32:00,13.951506,13.980731,13.937837,13.961135,3977
2024-01-12 13:33:00,13.961135,13.975825,13.950685,13.969913,5557
2024-01-12 13:34:00,13.969913,14.006636,13.952365,13.992886,7079
2024-01-12 13:35:00,13.992886,13.995582,13.958529,13.962927,8246
2024-01-12 13:36:00,13.962927,13.987132,13.949542,13.983160,2881
2024-01-12 13:37:00,13.983160,14.003873,13.973194,14.001798,8145
2024-01-12 13:38:00,14.001798,14.020999,13.987601,14.003883,1788
2024-01-12 13:39:00,14.003883,14.017803,13.986538,13.996168,4534
2024-01-12 13:40:00,13.996168,14.005520,13.945757,13.961600,9921
2024-01-12 13:41:00,13.961600,13.974354,13.948872,13.964058,9768
2024-01-12 13:42:00,13.964058,13.982102,13.949093,13.970693,4708
2024-01-12 13:43:00,13.970693,13.988749,13.945633,13.958956,5237
2024-01-12 13:44:00,13.958956,13.961999,13.951560,13.959708,3955
2024-01-12 13:45:00,13.959708,13.972162,13.943271,13.958813,8188
2024-01-12 13:46:00,13.958813,13.960884,13.930481,13.946209,7438
2024-01-12 13:47:00,13.946209,13.990506,13.929867,13.981260,717
2024-01-12 13:48:00,13.981260,13.983946,13.928431,13.935273,8277
2024-01-12 13:49:00,13.935273,13.948252,13.900791,13.911723,9722
2024-01-12 13:50:00,13.911723,13.944132,13.906917,13.927541,5376
2024-01-12 13:51:00,13.927541,13.955622,13.917047,13.936175,8864
2024-01-12 13:52:00,13.936175,13.940120,13.908854,13.921812,2071
2024-01-12 13:53:00,13.921812,13.969086,13.906710,13.961807,3137
2024-01-12 13:54:00,13.961807,13.977352,13.936477,13.943047,2749
2024-01-12 13:55:00,13.943047,13.959777,13.933908,13.946960,7224
2024-01-12 13:56:00,13.946960,13.959210,13.922759,13.931523,4316
2024-01-12 13:57:00,13.931523,13.947762,13.918225,13.926844,2182
2024-01-12 13:58:00,13.926844,13.940603,13.915273,13.931271,6154
2024-01-12 13:59:00,13.931271,13.939900,13.909773,13.918914,6089
2024-01-12 14:00:00,13.918914,13.935992,13.897302,13.915814,6814
2024-01-12 14:01:00,13.915814,13.937508,13.906571,13.920275,130
2024-01-12 14:02:00,13.920275,13.936036,13.905849,13.932024,9586
2024-01-12 14:03:00,13.932024,13.940700,13.903592,13.921032,3309
2024-01-12 14:04:00,13.921032,13.927106,13.902982,13.920194,8919
2024-01-12 14:05:00,13.920194,13.961024,13.916885,13.949321,9187
2024-01-12 14:06:00,13.949321,14.007563,13.929450,13.988193,5214
2024-01-12 14:07:00,13.988193,13.996262,13.940838,13.947943,6206
2024-01-12 14:08:00,13.947943,13.950795,13.922126,13.936410,2968
2024-01-12 14:09:00,13.936410,13.946453,13.922174,13.940745,7143
2024-01-12 14:10:00,13.940745,13.958132,13.937325,13.944957,6166
2024-01-12 14:11:00,13.944957,13.951117,13.904969,13.912443,5701
2024-01-12 14:12:00,13.912443,13.931280,13.892877,13.898511,779
2024-01-12 14:13:00,13.898511,13.926710,13.894990,13.910630,2929
2024-01-12 14:14:00,13.910630,13.981021,13.903128,13.965853,4097
2024-01-12 14:15:00,13.965853,14.002368,13.959849,13.984020,2906
2024-01-12 14:16:00,13.984020,14.006185,13.965426,14.000798,2106
2024-01-12 14:17:00,14.000798,14.012631,13.975109,13.990993,4435
2024-01-12 14:18:00,13.990993,13.993285,13.964991,13.975251,1139
2024-01-12 14:19:00,13.975251,13.980038,13.956422,13.978037,3624
2024-01-12 14:20:00,13.978037,14.012491,13.958847,14.003732,6968
2024-01-12 14:21:00,14.003732,14.020327,13.970103,13.985593,2386
2024-01-12 14:22:00,13.985593,13.994241,13.961134,13.979350,3848
2024-01-12 14:23:00,13.979350,13.984851,13.954322,13.971158,9173
2024-01-12 14:24:00,13.971158,13.986220,13.957462,13.967348,5231
2024-01-12 14:25:00,13.967348,13.985318,13.959198,13.975163,1254
2024-01-12 14:26:00,13.975163,13.993242,13.963835,13.975867,3215
2024-01-12 14:27:00,13.975867,13.981972,13.953145,13.958915,4212
2024-01-12 14:28:00,13.958915,13.966726,13.928909,13.945840,5610
2024-01-12 14:29:00,13.945840,13.960272,13.923888,13.943081,9972
2024-01-12 14:30:00,13.943081,13.949065,13.917661,13.933990,3679
2024-01-12 14:31:00,13.933990,13.959264,13.916225,13.942475,648
2024-01-12 14:32:00,13.942475,13.973267,13.940422,13.959606,7085
2024-01-12 14:33:00,13.959606,14.010318,13.957334,14.000367,9277
2024-01-12 14:34:00,14.000367,14.023321,13.996619,14.008823,1717
2024-01-12 14:35:00,14.008823,14.021762,13.966152,13.981941,376
2024-01-12 14:36:00,13.981941,14.009020,13.971472,14.000462,673
2024-01-12 14:37:00,14.000462,14.003599,13.976561,13.980402,431
2024-01-12 14:38:00,13.980402,13.993546,13.952491,13.969624,9985
2024-01-12 14:39:00,13.969624,13.996576,13.962514,13.983307,6343
2024-01-12 14:40:00,13.983307,13.990492,13.971700,13.979574,3447
2024-01-12 14:41:00,13.979574,13.991763,13.958761,13.972619,1822
2024-01-12 14:42:00,13.972619,13.984092,13.918761,13.935165,8669
2024-01-12 14:43:00,13.935165,13.954563,13.919464,13.926888,6480
2024-01-12 14:44:00,13.926888,13.929055,13.906781,13.919314,2103
2024-01-12 14:45:00,13.919314,13.936987,13.891690,13.906980,266
2024-01-12 14:46:00,13.906980,13.926747,13.883956,13.900385,6293
2024-01-12 14:47:00,13.900385,13.919095,13.869441,13.880309,7591
2024-01-12 14:48:00,13.880309,13.897933,13.852336,13.856346,2493
2024-01-12 14:49:00,13.856346,13.871353,13.825653,13.843526,9804
2024-01-12 14:50:00,13.843526,13.859594,13.828858,13.851382,914
2024-01-12 14:51:00,13.851382,13.870283,13.808790,13.815852,1944
2024-01-12 14:52:00,13.815852,13.837434,13.800360,13.826266,6193
2024-01-12 14:53:00,13.826266,13.840621,13.816373,13.836116,9997
2024-01-12 14:54:00,13.836116,13.862043,13.832329,13.856078,3279
2024-01-12 14:55:00,13.856078,13.870796,13.831771,13.846211,2004
2024-01-12 14:56:00,13.846211,13.856759,13.835809,13.845353,103
2024-01-12 14:57:00,13.845353,13.872482,13.831544,13.865749,6425
2024-01-12 14:58:00,13.865749,13.876583,13.844340,13.851365,6643
2024-01-12 14:59:00,13.851365,13.859557,13.805821,13.822677,8308
2024-01-12 15:00:00,13.822677,13.842007,13.814522,13.822427,1458
2024-01-15 09:31:00,14.028224,14.049227,14.018975,14.039370,5995
2024-01-15 09:32:00,14.039370,14.047679,14.010054,14.025293,6932
2024-01-15 09:33:00,14.025293,14.035308,14.004021,14.018732,6788
2024-01-15 09:34:00,14.018732,14.027330,14.001295,14.012746,9683
2024-01-15 09:35:00,14.012746,14.024502,13.995088,14.004770,7899
2024-01-15 09:36:00,14.004770,14.017829,13.992545,14.002788,9762
2024-01-15 09:37:00,14.002788,14.015979,13.998368,14.005991,4737
2024-01-15 09:38:00,14.005991,14.022469,13.954521,13.970835,5322
2024-01-15 09:39:00,13.970835,13.989295,13.958038,13.975047,5696
2024-01-15 09:40:00,13.975047,13.990200,13.963534,13.971644,1504
2024-01-15 09:41:00,13.971644,13.979927,13.935264,13.950272,9636
2024-01-15 09:42:00,13.950272,13.980744,13.941036,13.967464,3704
2024-01-15 09:43:00,13.967464,13.976129,13.957027,13.961815,484
2024-01-15 09:44:00,13.961815,13.968519,13.945925,13.956263,3956
2024-01-15 09:45:00,13.956263,13.975722,13.941211,13.946616,1577
2024-01-15 09:46:00,13.946616,13.964443,13.938645,13.947886,1597
2024-01-15 09:47:00,13.947886,13.950731,13.944338,13.948540,8410
2024-01-15 09:48:00,13.948540,13.963336,13.935010,13.947053,8167
2024-01-15 09:49:00,13.947053,13.977690,13.943661,13.963125,7388
2024-01-15 09:50:00,13.963125,13.977020,13.955845,13.961406,8366
2024-01-15 09:51:00,13.961406,13.965565,13.919623,13.928596,7760
2024-01-15 09:52:00,13.928596,13.940855,13.902047,13.921150,8175
2024-01-15 09:53:00,13.921150,13.938377,13.884688,13.900712,9527
2024-01-15 09:54:00,13.900712,13.906017,13.885536,13.897316,3411
2024-01-15 09:55:00,13.897316,13.933140,13.881681,13.928730,1797
2024-01-15 09:56:00,13.928730,13.937316,13.899893,13.910627,9192
2024-01-15 09:57:00,13.910627,13.923964,13.904904,13.909916,2931
2024-01-15 09:58:00,13.909916,13.919277,13.885890,13.896666,2149
2024-01-15 09:59:00,13.896666,13.912403,13.888592,13.890823,7567
2024-01-15 10:00:00,13.890823,13.913490,13.872663,13.895139,2046
2024-01-15 10:01:00,13.895139,13.920978,13.889053,13.906705,9251
2024-01-15 10:02:00,13.906705,13.919070,13.890834,13.902720,8155
2024-01-15 10:03:00,13.902720,13.911477,13.892726,13.904850,7270
2024-01-15 10:04:00,13.904850,13.936702,13.900228,13.917640,6424
2024-01-15 10:05:00,13.917640,13.921635,13.904460,13.915570,9224
2024-01-15 10:06:00,13.915570,13.956650,13.908016,13.948120,5448
2024-01-15 10:07:00,13.948120,13.980265,13.944780,13.974142,1950
2024-01-15 10:08:00,13.974142,14.001029,13.962109,13.998397,2472
2024-01-15 10:09:00,13.998397,14.019427,13.979231,14.002391,726
2024-01-15 10:10:00,14.002391,14.037398,13.986871,14.020553,3639
2024-01-15 10:11:00,14.020553,14.029500,14.007000,14.024848,7081
2024-01-15 10:12:00,14.024848,14.046733,14.013011,14.039408,4371
2024-01-15 10:13:00,14.039408,14.092515,14.036269,14.073469,5298
2024-01-15 10:14:00,14.073469,14.085809,14.052006,14.064482,9426
2024-01-15 10:15:00,14.064482,14.073593,14.047069,14.054592,8211
2024-01-15 10:16:00,14.054592,14.072813,14.052439,14.070145,1170
2024-01-15 10:17:00,14.070145,14.099033,14.053656,14.093972,4103
2024-01-15 10:18:00,14.093972,14.105976,14.047294,14.060376,8369
2024-01-15 10:19:00,14.060376,14.080251,14.054678,14.061115,7988
2024-01-15 10:20:00,14.061115,14.067933,14.028362,14.046128,1485
2024-01-15 10:21:00,14.046128,14.064020,14.038122,14.041473,7253
2024-01-15 10:22:00,14.041473,14.050475,13.994354,14.011638,7753
2024-01-15 10:23:00,14.011638,14.027469,14.005814,14.018810,6101
2024-01-15 10:24:00,14.018810,14.044466,14.006638,14.038768,6702
2024-01-15 10:25:00,14.038768,14.074629,14.033309,14.063578,4340
2024-01-15 10:26:00,14.063578,14.082680,14.057428,14.067703,4592
2024-01-15 10:27:00,14.067703,14.092178,14.050284,14.075131,601
2024-01-15 10:28:00,14.075131,14.085281,14.047300,14.053686,9225
2024-01-15 10:29:00,14.053686,14.085746,14.035190,14.077385,7488
2024-01-15 10:30:00,14.077385,14.111452,14.059749,14.098054,4802
2024-01-15 10:31:00,14.098054,14.112783,14.076032,14.088925,6481
2024-01-15 10:32:00,14.088925,14.098733,14.048270,14.064367,6556
2024-01-15 10:33:00,14.064367,14.097192,14.058691,14.080198,7955
2024-01-15 10:34:00,14.080198,14.100327,14.068728,14.081838,587
2024-01-15 10:35:00,14.081838,14.085858,14.069644,14.077734,6545
2024-01-15 10:36:00,14.077734,14.110259,14.060890,14.096312,7508
2024-01-15 10:37:00,14.096312,14.112022,14.068093,14.086168,8050
2024-01-15 10:38:00,14.086168,14.097897,14.066582,14.087852,4878
2024-01-15 10:39:00,14.087852,14.125779,14.084296,14.107761,9348
2024-01-15 10:40:00,14.107761,14.121356,14.100612,14.112376,7475
2024-01-15 10:41:00,14.112376,14.133403,14.094416,14.129090,8034
2024-01-15 10:42:00,14.129090,14.159003,14.114297,14.145664,2732
2024-01-15 10:43:00,14.145664,14.184486,14.140899,14.166963,566
2024-01-15 10:44:00,14.166963,14.198209,14.149489,14.178243,2556
2024-01-15 10:45:00,14.178243,14.197006,14.165057,14.190801,173
2024-01-15 10:46:00,14.190801,14.208848,14.182594,14.200852,2362
2024-01-15 10:47:00,14.200852,14.203404,14.173294,14.188469,9261
2024-01-15 10:48:00,14.188469,14.248170,14.180103,14.237872,1169
2024-01-15 10:49:00,14.237872,14.292708,14.228378,14.283953,9040
2024-01-15 10:50:00,14.283953,14.288415,14.272678,14.277781,6736
2024-01-15 10:51:00,14.277781,14.304378,14.258274,14.300902,9632
2024-01-15 10:52:00,14.300902,14.337579,14.286746,14.319704,6152
2024-01-15 10:53:00,14.319704,14.331238,14.306562,14.317936,8999
2024-01-15 10:54:00,14.317936,14.357700,14.306998,14.342921,800
2024-01-15 10:55:00,14.342921,14.346177,14.336006,14.341359,9115
2024-01-15 10:56:00,14.341359,14.438565,14.332788,14.428402,805
2024-01-15 10:57:00,14.428402,14.506508,14.408462,14.487100,7536
2024-01-15 10:58:00,14.487100,14.555387,14.475140,14.541641,8182
2024-01-15 10:59:00,14.541641,14.611330,14.524337,14.602499,8021
2024-01-15 11:00:00,14.602499,14.695039,14.583465,14.682025,1700
2024-01-15 11:01:00,14.682025,14.764860,14.671387,14.761446,4915
2024-01-15 11:02:00,14.761446,14.847341,14.747797,14.832458,6558
2024-01-15 11:03:00,14.832458,14.930486,14.821979,14.919349,9743
2024-01-15 11:04:00,14.919349,14.975812,14.900796,14.956857,6125
2024-01-15 11:05:00,14.956857,15.002851,14.951030,14.982981,8507
2024-01-15 11:06:00,14.982981,15.059481,14.977308,15.043954,6831
2024-01-15 11:07:00,15.043954,15.100581,15.031562,15.094336,719
2024-01-15 11:08:00,15.094336,15.149688,15.082524,15.138864,4967
2024-01-15 11:09:00,15.138864,15.217563,15.126914,15.198385,2630
2024-01-15 11:10:00,15.198385,15.235563,15.181580,15.225222,5432
2024-01-15 11:11:00,15.225222,15.264414,15.214730,15.257955,7393
2024-01-15 11:12:00,15.257955,15.297011,15.248185,15.289991,7042
2024-01-15 11:13:00,15.289991,15.313910,15.271548,15.301184,5950
2024-01-15 11:14:00,15.301184,15.314389,15.293191,15.301607,7381
2024-01-15 11:15:00,15.301607,15.309966,15.296072,15.299977,9091
2024-01-15 11:16:00,15.299977,15.318683,15.253942,15.271806,1342
2024-01-15 11:17:00,15.271806,15.276900,15.196464,15.213196,4946
2024-01-15 11:18:00,15.213196,15.223035,15.150536,15.155769,1121
2024-01-15 11:19:00,15.155769,15.173240,15.122462,15.126265,7540
2024-01-15 11:20:00,15.126265,15.143546,15.077052,15.080070,4508
2024-01-15 11:21:00,15.080070,15.092478,15.033831,15.036889,224
2024-01-15 11:22:00,15.036889,15.043335,14.984844,14.988254,8187
2024-01-15 11:23:00,14.988254,14.996850,14.922931,14.939972,6436
2024-01-15 11:24:00,14.939972,14.948303,14.873722,14.893078,7022
2024-01-15 11:25:00,14.893078,14.897865,14.823724,14.841749,1507
2024-01-15 11:26:00,14.841749,14.853193,14.777364,14.782364,6283
2024-01-15 11:27:00,14.782364,14.796072,14.690635,14.703300,1206
2024-01-15 11:28:00,14.703300,14.719438,14.658849,14.668971,3876
2024-01-15 11:29:00,14.668971,14.682980,14.602567,14.618910,391
2024-01-15 11:30:00,14.618910,14.630913,14.570748,14.573300,6484
2024-01-15 13:01:00,14.573300,14.586830,14.507003,14.514048,3006
2024-01-15 13:02:00,14.514048,14.523257,14.500422,14.510864,1182
2024-01-15 13:03:00,14.510864,14.524509,14.457775,14.470677,6765
2024-01-15 13:04:00,14.470677,14.474147,14.406811,14.421971,9284
2024-01-15 13:05:00,14.421971,14.430108,14.405485,14.413248,4283
2024-01-15 13:06:00,14.413248,14.419125,14.395262,14.404691,3933
2024-01-15 13:07:00,14.404691,14.414880,14.377088,14.379305,3630
2024-01-15 13:08:00,14.379305,14.387414,14.361282,14.385252,4495
2024-01-15 13:09:00,14.385252,14.397143,14.338845,14.353556,8761
2024-01-15 13:10:00,14.353556,14.355659,14.319945,14.338957,5815
2024-01-15 13:11:00,14.338957,14.354961,14.303563,14.316758,8868
2024-01-15 13:12:00,14.316758,14.329110,14.304439,14.325101,8204
2024-01-15 13:13:00,14.325101,14.332758,14.292502,14.297261,5154
2024-01-15 13:14:00,14.297261,14.320484,14.278149,14.315278,5183
2024-01-15 13:15:00,14.315278,14.340970,14.308929,14.326878,5443
2024-01-15 13:16:00,14.326878,14.329062,14.297040,14.301308,6171
2024-01-15 13:17:00,14.301308,14.337670,14.281723,14.331057,7513
2024-01-15 13:18:00,14.331057,14.337957,14.311329,14.328297,7853
2024-01-15 13:19:00,14.328297,14.334299,14.298751,14.314214,166
2024-01-15 13:20:00,14.314214,14.326338,14.307556,14.316059,3578
2024-01-15 13:21:00,14.316059,14.338724,14.304815,14.326569,3939
2024-01-15 13:22:00,14.326569,14.339237,14.296329,14.315461,1252
2024-01-15 13:23:00,14.315461,14.351113,14.298704,14.339423,5239
2024-01-15 13:24:00,14.339423,14.359384,14.309386,14.323300,2480
2024-01-15 13:25:00,14.323300,14.339445,14.291263,14.301429,5064
2024-01-15 13:26:00,14.301429,14.305085,14.292240,14.295370,2216
2024-01-15 13:27:00,14.295370,14.298677,14.286352,14.295585,9288
2024-01-15 13:28:00,14.295585,14.319511,14.284660,14.302593,8442
2024-01-15 13:29:00,14.302593,14.308291,14.285165,14.294624,1605
2024-01-15 13:30:00,14.294624,14.332574,14.285393,14.314340,7143
2024-01-15 13:31:00,14.314340,14.325929,14.261043,14.280029,4831
2024-01-15 13:32:00,14.280029,14.287579,14.263817,14.284615,416
2024-01-15 13:33:00,14.284615,14.294196,14.265260,14.270596,8221
2024-01-15 13:34:00,14.270596,14.284662,14.225278,14.242247,8195
2024-01-15 13:35:00,14.242247,14.282429,14.227775,14.265346,9766
2024-01-15 13:36:00,14.265346,14.284689,14.233211,14.248310,8879
2024-01-15 13:37:00,14.248310,14.268285,14.244684,14.253972,8603
2024-01-15 13:38:00,14.253972,14.273657,14.213526,14.231669,419
2024-01-15 13:39:00,14.231669,14.251194,14.218526,14.244175,5702
2024-01-15 13:40:00,14.244175,14.246534,14.216017,14.221304,4541
2024-01-15 13:41:00,14.221304,14.241726,14.214340,14.238937,1038
2024-01-15 13:42:00,14.238937,14.248347,14.214714,14.232835,8436
2024-01-15 13:43:00,14.232835,14.259491,14.221055,14.244973,2444
2024-01-15 13:44:00,14.244973,14.261657,14.229598,14.241741,5254
2024-01-15 13:45:00,14.241741,14.261726,14.236877,14.248687,9025
2024-01-15 13:46:00,14.248687,14.269314,14.235350,14.262924,1224
2024-01-15 13:47:00,14.262924,14.286112,14.244700,14.268212,9175
2024-01-15 13:48:00,14.268212,14.272432,14.236242,14.249291,3746
2024-01-15 13:49:00,14.249291,14.254453,14.194742,14.203924,2006
2024-01-15 13:50:00,14.203924,14.218255,14.175327,14.187575,3582
2024-01-15 13:51:00,14.187575,14.209517,14.175890,14.199882,3765
2024-01-15 13:52:00,14.199882,14.219222,14.179839,14.196267,7525
2024-01-15 13:53:00,14.196267,14.215918,14.183317,14.190254,6068
2024-01-15 13:54:00,14.190254,14.192457,14.167435,14.175454,2596
2024-01-15 13:55:00,14.175454,14.220957,14.156520,14.217013,5830
2024-01-15 13:56:00,14.217013,14.243248,14.213427,14.225550,4285
2024-01-15 13:57:00,14.225550,14.231352,14.209471,14.216855,8427
2024-01-15 13:58:00,14.216855,14.222039,14.174316,14.188147,3429
2024-01-15 13:59:00,14.188147,14.211307,14.177104,14.201647,2294
2024-01-15 14:00:00,14.201647,14.214059,14.172718,14.191322,7730
2024-01-15 14:01:00,14.191322,14.200983,14.171925,14.197522,202
2024-01-15 14:02:00,14.197522,14.215721,14.158935,14.172601,4566
2024-01-15 14:03:00,14.172601,14.187631,14.112620,14.122514,9902
2024-01-15 14:04:00,14.122514,14.131030,14.115880,14.126119,4544
2024-01-15 14:05:00,14.126119,14.158849,14.112130,14.142450,5834
2024-01-15 14:06:00,14.142450,14.154482,14.132772,14.141239,7716
2024-01-15 14:07:00,14.141239,14.158339,14.123468,14.138037,7315
2024-01-15 14:08:00,14.138037,14.147826,14.124639,14.138363,1958
2024-01-15 14:09:00,14.138363,14.148268,14.114280,14.126036,6012
2024-01-15 14:10:00,14.126036,14.137035,14.118853,14.123846,3594
2024-01-15 14:11:00,14.123846,14.146228,14.110229,14.138830,936
2024-01-15 14:12:00,14.138830,14.148886,14.119275,14.132655,9183
2024-01-15 14:13:00,14.132655,14.150410,14.118906,14.134011,7072
2024-01-15 14:14:00,14.134011,14.145386,14.129500,14.140044,9962
2024-01-15 14:15:00,14.140044,14.154617,14.122623,14.136141,9088
2024-01-15 14:16:00,14.136141,14.149020,14.096964,14.109156,9836
2024-01-15 14:17:00,14.109156,14.126016,14.101076,14.123267,9508
2024-01-15 14:18:00,14.123267,14.142143,14.104810,14.125414,4462
2024-01-15 14:19:00,14.125414,14.136034,14.104131,14.123133,7840
2024-01-15 14:20:00,14.123133,14.131057,14.117367,14.121744,2912
2024-01-15 14:21:00,14.121744,14.146529,14.108496,14.130143,4163
2024-01-15 14:22:00,14.130143,14.133578,14.122968,14.128022,9048
2024-01-15 14:23:00,14.128022,14.147193,14.104259,14.120975,5481
2024-01-15 14:24:00,14.120975,14.133587,14.104174,14.109954,2272
2024-01-15 14:25:00,14.109954,14.149841,14.093214,14.133243,8348
2024-01-15 14:26:00,14.133243,14.143800,14.126638,14.139229,1841
2024-01-15 14:27:00,14.139229,14.154353,14.109568,14.123496,8245
2024-01-15 14:28:00,14.123496,14.132237,14.108051,14.126912,9904
2024-01-15 14:29:00,14.126912,14.152399,14.112963,14.147480,4001
2024-01-15 14:30:00,14.147480,14.215686,14.130509,14.197758,6974
2024-01-15 14:31:00,14.197758,14.217103,14.168064,14.177004,8761
2024-01-15 14:32:00,14.177004,14.196122,14.124281,14.143465,6243
2024-01-15 14:33:00,14.143465,14.177469,14.132600,14.160191,2709
2024-01-15 14:34:00,14.160191,14.177225,14.152675,14.163733,4484
2024-01-15 14:35:00,14.163733,14.172816,14.136429,14.141159,813
2024-01-15 14:36:00,14.141159,14.176413,14.128093,14.159685,4673
2024-01-15 14:37:00,14.159685,14.170398,14.139871,14.156468,7969
2024-01-15 14:38:00,14.156468,14.183752,14.145532,14.175072,4840
2024-01-15 14:39:00,14.175072,14.192861,14.156774,14.189654,8431
2024-01-15 14:40:00,14.189654,14.205051,14.170821,14.201515,5440
2024-01-15 14:41:00,14.201515,14.214475,14.181143,14.189672,8559
2024-01-15 14:42:00,14.189672,14.198177,14.175832,14.183284,7019
2024-01-15 14:43:00,14.183284,14.231467,14.179300,14.229081,457
2024-01-15 14:44:00,14.229081,14.258287,14.216089,14.250002,325
2024-01-15 14:45:00,14.250002,14.260908,14.221547,14.233922,171
2024-01-15 14:46:00,14.233922,14.253156,14.207902,14.220209,3065
2024-01-15 14:47:00,14.220209,14.225949,14.212744,14.220415,8654
2024-01-15 14:48:00,14.220415,14.234217,14.204864,14.207012,6076
2024-01-15 14:49:00,14.207012,14.234001,14.193821,14.218445,4797
2024-01-15 14:50:00,14.218445,14.226148,14.205588,14.214178,9078
2024-01-15 14:51:00,14.214178,14.240572,14.200475,14.222186,9123
2024-01-15 14:52:00,14.222186,14.257086,14.213209,14.241704,4718
2024-01-15 14:53:00,14.241704,14.259516,14.232227,14.254746,7224
2024-01-15 14:54:00,14.254746,14.272400,14.225966,14.230258,4169
2024-01-15 14:55:00,14.230258,14.244021,14.215944,14.230762,9254
2024-01-15 14:56:00,14.230762,14.252281,14.227306,14.241255,1849
2024-01-15 14:57:00,14.241255,14.258318,14.237041,14.247471,9658
2024-01-15 14:58:00,14.247471,14.264797,14.227873,14.244198,6241
2024-01-15 14:59:00,14.244198,14.259983,14.235703,14.251752,2251
2024-01-15 15:00:00,14.251752,14.271131,14.227364,14.235039,9425
2024-01-16 09:31:00,13.961886,13.969661,13.924220,13.933933,4165
2024-01-16 09:32:00,13.933933,13.949062,13.890829,13.906356,9313
2024-01-16 09:33:00,13.906356,13.918542,13.892215,13.903474,1082
2024-01-16 09:34:00,13.903474,13.925131,13.895834,13.920955,2012
2024-01-16 09:35:00,13.920955,13.939090,13.899876,13.910136,4475
2024-01-16 09:36:00,13.910136,13.933491,13.903329,13.927203,6414
2024-01-16 09:37:00,13.927203,13.945775,13.912926,13.941158,6391
2024-01-16 09:38:00,13.941158,13.982152,13.931397,13.971761,3476
2024-01-16 09:39:00,13.971761,13.993989,13.951917,13.983386,4991
2024-01-16 09:40:00,13.983386,14.004247,13.977208,13.985580,2233
2024-01-16 09:41:00,13.985580,13.998311,13.964817,13.983060,4067
2024-01-16 09:42:00,13.983060,14.001280,13.974448,13.993777,4753
2024-01-16 09:43:00,13.993777,14.003571,13.981473,13.990213,6365
2024-01-16 09:44:00,13.990213,14.008274,13.973168,13.982646,3145
2024-01-16 09:45:00,13.982646,13.990099,13.970182,13.983036,4206
2024-01-16 09:46:00,13.983036,14.000372,13.954036,13.962531,3793
2024-01-16 09:47:00,13.962531,13.975971,13.935438,13.940094,4636
2024-01-16 09:48:00,13.940094,13.943174,13.924304,13.939263,5145
2024-01-16 09:49:00,13.939263,13.961196,13.936164,13.943578,6902
2024-01-16 09:50:00,13.943578,13.991265,13.931793,13.971433,5785
2024-01-16 09:51:00,13.971433,13.987912,13.958713,13.983079,7211
2024-01-16 09:52:00,13.983079,13.991004,13.969753,13.976394,4132
2024-01-16 09:53:00,13.976394,13.997731,13.968874,13.986505,5419
2024-01-16 09:54:00,13.986505,13.989526,13.960098,13.980058,4320
2024-01-16 09:55:00,13.980058,14.004932,13.968033,13.995427,5405
2024-01-16 09:56:00,13.995427,14.008154,13.962831,13.971515,5558
2024-01-16 09:57:00,13.971515,13.999308,13.956651,13.988931,4183
2024-01-16 09:58:00,13.988931,14.006048,13.981508,13.985076,7985
2024-01-16 09:59:00,13.985076,13.995909,13.932376,13.945874,8610
2024-01-16 10:00:00,13.945874,13.957018,13.920724,13.939595,3240
2024-01-16 10:01:00,13.939595,13.951273,13.925616,13.941897,3847
2024-01-16 10:02:00,13.941897,13.949632,13.916784,13.918836,4159
2024-01-16 10:03:00,13.918836,13.921080,13.904647,13.911400,6563
2024-01-16 10:04:00,13.911400,13.947664,13.900486,13.929499,7231
2024-01-16 10:05:00,13.929499,13.959859,13.922629,13.946079,1140
2024-01-16 10:06:00,13.946079,13.962999,13.936312,13.945647,4527
2024-01-16 10:07:00,13.945647,13.990667,13.932689,13.983612,8660
2024-01-16 10:08:00,13.983612,14.012798,13.979889,13.992863,6053
2024-01-16 10:09:00,13.992863,13.997875,13.979479,13.994118,4468
2024-01-16 10:10:00,13.994118,14.042197,13.980482,14.026173,9807
2024-01-16 10:11:00,14.026173,14.046959,14.006395,14.034665,6860
2024-01-16 10:12:00,14.034665,14.075083,14.015639,14.057282,5208
2024-01-16 10:13:00,14.057282,14.075452,14.030865,14.043787,2657
2024-01-16 10:14:00,14.043787,14.056872,14.028248,14.042191,5065
2024-01-16 10:15:00,14.042191,14.057550,14.030800,14.049271,4182
2024-01-16 10:16:00,14.049271,14.052325,14.032613,14.040906,5479
2024-01-16 10:17:00,14.040906,14.060485,14.024898,14.044294,4892
2024-01-16 10:18:00,14.044294,14.068123,14.041970,14.064098,9893
2024-01-16 10:19:00,14.064098,14.089406,14.046518,14.084357,5814
2024-01-16 10:20:00,14.084357,14.089370,14.064710,14.085663,6130
2024-01-16 10:21:00,14.085663,14.134433,14.080275,14.132026,5934
2024-01-16 10:22:00,14.132026,14.137912,14.124927,14.135031,5234
2024-01-16 10:23:00,14.135031,14.138812,14.093040,14.105506,861
2024-01-16 10:24:00,14.105506,14.115710,14.079170,14.095925,8921
2024-01-16 10:25:00,14.095925,14.116803,14.091852,14.098553,1103
2024-01-16 10:26:00,14.098553,14.104533,14.068786,14.082092,8755
2024-01-16 10:27:00,14.082092,14.084096,14.051619,14.068253,7787
2024-01-16 10:28:00,14.068253,14.084292,14.051727,14.054165,5092
2024-01-16 10:29:00,14.054165,14.058663,14.045880,14.053123,8846
2024-01-16 10:30:00,14.053123,14.066839,14.013885,14.020695,8004
2024-01-16 10:31:00,14.020695,14.032205,14.001848,14.024119,4249
2024-01-16 10:32:00,14.024119,14.033277,14.019035,14.027028,3300
2024-01-16 10:33:00,14.027028,14.041560,14.003408,14.013213,6961
2024-01-16 10:34:00,14.013213,14.031530,13.993435,14.008453,5115
2024-01-16 10:35:00,14.008453,14.015831,13.979437,13.996845,2860
2024-01-16 10:36:00,13.996845,14.004080,13.964394,13.968602,6905
2024-01-16 10:37:00,13.968602,13.996473,13.956730,13.980262,6624
2024-01-16 10:38:00,13.980262,13.997007,13.958310,13.969555,3870
2024-01-16 10:39:00,13.969555,13.992386,13.950121,13.976270,985
2024-01-16 10:40:00,13.976270,13.979686,13.957196,13.972230,4562
2024-01-16 10:41:00,13.972230,13.982000,13.954818,13.968811,6231
2024-01-16 10:42:00,13.968811,13.976903,13.954931,13.973457,7093
2024-01-16 10:43:00,13.973457,13.977355,13.947751,13.964474,3611
2024-01-16 10:44:00,13.964474,13.967253,13.937367,13.955137,7607
2024-01-16 10:45:00,13.955137,13.969065,13.940694,13.952335,7819
2024-01-16 10:46:00,13.952335,13.965261,13.949346,13.958273,234
2024-01-16 10:47:00,13.958273,13.970612,13.939563,13.943834,3349
2024-01-16 10:48:00,13.943834,13.969141,13.924332,13.951827,7833
2024-01-16 10:49:00,13.951827,13.970449,13.935900,13.956652,8669
2024-01-16 10:50:00,13.956652,13.985801,13.945133,13.965885,2663
2024-01-16 10:51:00,13.965885,13.975053,13.961224,13.964386,2164
2024-01-16 10:52:00,13.964386,13.990092,13.945311,13.971855,8591
2024-01-16 10:53:00,13.971855,13.981325,13.965350,13.977109,1609
2024-01-16 10:54:00,13.977109,14.000430,13.974379,13.993842,6752
2024-01-16 10:55:00,13.993842,14.038770,13.986334,14.033271,4651
2024-01-16 10:56:00,14.033271,14.073829,14.014898,14.055699,3527
2024-01-16 10:57:00,14.055699,14.079387,14.051728,14.062455,5072
2024-01-16 10:58:00,14.062455,14.087333,14.059825,14.070114,6496
2024-01-16 10:59:00,14.070114,14.091153,14.065728,14.081233,5994
2024-01-16 11:00:00,14.081233,14.112868,14.061557,14.095643,9543
2024-01-16 11:01:00,14.095643,14.108119,14.078067,14.104641,705
2024-01-16 11:02:00,14.104641,14.106740,14.086141,14.096396,7062
2024-01-16 11:03:00,14.096396,14.132563,14.078076,14.118030,4782
2024-01-16 11:04:00,14.118030,14.132161,14.102743,14.108560,8189
2024-01-16 11:05:00,14.108560,14.121933,14.095227,14.110746,370
2024-01-16 11:06:00,14.110746,14.130433,14.055948,14.071917,1135
2024-01-16 11:07:00,14.071917,14.088882,14.063099,14.085576,9085
2024-01-16 11:08:00,14.085576,14.090659,14.072692,14.075470,9378
2024-01-16 11:09:00,14.075470,14.079142,14.057314,14.076580,2281
2024-01-16 11:10:00,14.076580,14.091942,14.059343,14.074812,3454
2024-01-16 11:11:00,14.074812,14.087975,14.061840,14.078323,5361
2024-01-16 11:12:00,14.078323,14.088197,14.060111,14.074788,3846
2024-01-16 11:13:00,14.074788,14.105424,14.061359,14.093625,3762
2024-01-16 11:14:00,14.093625,14.131037,14.090438,14.121023,7615
2024-01-16 11:15:00,14.121023,14.139872,14.080220,14.095742,3932
2024-01-16 11:16:00,14.095742,14.099814,14.064541,14.071560,3895
2024-01-16 11:17:00,14.071560,14.080891,14.048456,14.067830,779
2024-01-16 11:18:00,14.067830,14.092667,14.050503,14.086122,1277
2024-01-16 11:19:00,14.086122,14.113116,14.067952,14.102600,9319
2024-01-16 11:20:00,14.102600,14.114544,14.097973,14.109007,6686
2024-01-16 11:21:00,14.109007,14.130951,14.100210,14.122438,1961
2024-01-16 11:22:00,14.122438,14.134576,14.110353,14.125180,920
2024-01-16 11:23:00,14.125180,14.149547,14.108224,14.135053,7397
2024-01-16 11:24:00,14.135053,14.141183,14.100866,14.108854,2842
2024-01-16 11:25:00,14.108854,14.121068,14.064600,14.081078,9146
2024-01-16 11:26:00,14.081078,14.086117,14.063622,14.081753,5130
2024-01-16 11:27:00,14.081753,14.096380,14.065371,14.081433,3729
2024-01-16 11:28:00,14.081433,14.124401,14.065140,14.111036,7215
2024-01-16 11:29:00,14.111036,14.145467,14.100954,14.136805,8403
2024-01-16 11:30:00,14.136805,14.154292,14.111000,14.129675,9698
2024-01-16 13:01:00,14.129675,14.133356,14.102740,14.107697,1438
2024-01-16 13:02:00,14.107697,14.123537,14.100940,14.121433,2934
2024-01-16 13:03:00,14.121433,14.135913,14.108124,14.116795,3465
2024-01-16 13:04:00,14.116795,14.134158,14.113551,14.124335,4385
2024-01-16 13:05:00,14.124335,14.142733,14.110246,14.126392,1699
2024-01-16 13:06:00,14.126392,14.144586,14.115607,14.131070,8976
2024-01-16 13:07:00,14.131070,14.153431,14.112801,14.136973,1418
2024-01-16 13:08:00,14.136973,14.146562,14.122467,14.141084,174
2024-01-16 13:09:00,14.141084,14.148408,14.117051,14.127788,7801
2024-01-16 13:10:00,14.127788,14.138274,14.109467,14.129312,3707
2024-01-16 13:11:00,14.129312,14.158481,14.124922,14.139080,5726
2024-01-16 13:12:00,14.139080,14.160301,14.127298,14.143370,6763
2024-01-16 13:13:00,14.143370,14.157595,14.125162,14.148198,9006
2024-01-16 13:14:00,14.148198,14.190630,14.139690,14.176230,2953
2024-01-16 13:15:00,14.176230,14.188569,14.148922,14.165593,4215
2024-01-16 13:16:00,14.165593,14.184494,14.159083,14.171962,1467
2024-01-16 13:17:00,14.171962,14.174992,14.138950,14.157192,5868
2024-01-16 13:18:00,14.157192,14.177466,14.153439,14.158888,4716
2024-01-16 13:19:00,14.158888,14.200793,14.153798,14.187817,3854
2024-01-16 13:20:00,14.187817,14.202935,14.167293,14.174312,8609
2024-01-16 13:21:00,14.174312,14.211388,14.164565,14.191624,5458
2024-01-16 13:22:00,14.191624,14.202558,14.171727,14.198910,8629
2024-01-16 13:23:00,14.198910,14.214342,14.186104,14.201431,7129
2024-01-16 13:24:00,14.201431,14.229466,14.186198,14.213636,4711
2024-01-16 13:25:00,14.213636,14.228957,14.205904,14.211855,776
2024-01-16 13:26:00,14.211855,14.242182,14.198946,14.223904,4743
2024-01-16 13:27:00,14.223904,14.242506,14.210687,14.222695,583
2024-01-16 13:28:00,14.222695,14.235548,14.171441,14.188466,5380
2024-01-16 13:29:00,14.188466,14.206883,14.155308,14.173120,7811
2024-01-16 13:30:00,14.173120,14.195579,14.168857,14.176984,5117
2024-01-16 13:31:00,14.176984,14.180565,14.161266,14.178504,2369
2024-01-16 13:32:00,14.178504,14.185018,14.155847,14.160118,8705
2024-01-16 13:33:00,14.160118,14.173272,14.137496,14.140391,8152
2024-01-16 13:34:00,14.140391,14.149147,14.128047,14.141627,9685
2024-01-16 13:35:00,14.141627,14.147633,14.122507,14.132199,8227
2024-01-16 13:36:00,14.132199,14.146379,14.093891,14.106692,2353
2024-01-16 13:37:00,14.106692,14.117659,14.088402,14.109956,670
2024-01-16 13:38:00,14.109956,14.127004,14.101170,14.118392,8338
2024-01-16 13:39:00,14.118392,14.175277,14.114745,14.162086,6649
2024-01-16 13:40:00,14.162086,14.165861,14.136285,14.154269,541
2024-01-16 13:41:00,14.154269,14.166538,14.110442,14.129512,5127
2024-01-16 13:42:00,14.129512,14.160632,14.116819,14.144017,7483
2024-01-16 13:43:00,14.144017,14.164095,14.141397,14.151765,3729
2024-01-16 13:44:00,14.151765,14.158235,14.115029,14.122968,2518
2024-01-16 13:45:00,14.122968,14.129586,14.110101,14.115251,7257
2024-01-16 13:46:00,14.115251,14.142424,14.095546,14.136164,8688
2024-01-16 13:47:00,14.136164,14.150241,14.118996,14.127412,4082
2024-01-16 13:48:00,14.127412,14.159290,14.108078,14.149772,5648
2024-01-16 13:49:00,14.149772,14.180108,14.135250,14.162725,7687
2024-01-16 13:50:00,14.162725,14.210292,14.155814,14.193314,8842
2024-01-16 13:51:00,14.193314,14.230222,14.184757,14.211617,9251
2024-01-16 13:52:00,14.211617,14.230816,14.199367,14.217420,428
2024-01-16 13:53:00,14.217420,14.225402,14.204079,14.212522,7942
2024-01-16 13:54:00,14.212522,14.216560,14.190021,14.209047,9444
2024-01-16 13:55:00,14.209047,14.241000,14.203762,14.227404,8632
2024-01-16 13:56:00,14.227404,14.251568,14.213257,14.235036,4271
2024-01-16 13:57:00,14.235036,14.249988,14.211865,14.220307,8005
2024-01-16 13:58:00,14.220307,14.225417,14.199360,14.209008,3175
2024-01-16 13:59:00,14.209008,14.215847,14.171915,14.176553,2929
2024-01-16 14:00:00,14.176553,14.188354,14.168463,14.181687,6638
2024-01-16 14:01:00,14.181687,14.208556,14.178423,14.195482,7544
2024-01-16 14:02:00,14.195482,14.199171,14.185124,14.193457,7711
2024-01-16 14:03:00,14.193457,14.206343,14.188366,14.194551,3694
2024-01-16 14:04:00,14.194551,14.211181,14.189641,14.204324,9183
2024-01-16 14:05:00,14.204324,14.215110,14.166183,14.178591,276
2024-01-16 14:06:00,14.178591,14.188370,14.165260,14.169000,1019
2024-01-16 14:07:00,14.169000,14.194502,14.149306,14.178100,4408
2024-01-16 14:08:00,14.178100,14.187893,14.172677,14.183837,6936
2024-01-16 14:09:00,14.183837,14.195809,14.157633,14.175842,9011
2024-01-16 14:10:00,14.175842,14.187399,14.154894,14.159699,5736
2024-01-16 14:11:00,14.159699,14.179493,14.139347,14.159074,3663
2024-01-16 14:12:00,14.159074,14.162131,14.141008,14.152100,8294
2024-01-16 14:13:00,14.152100,14.161579,14.132269,14.137197,7331
2024-01-16 14:14:00,14.137197,14.156070,14.113582,14.130012,3404
2024-01-16 14:15:00,14.130012,14.135093,14.117654,14.123746,1814
2024-01-16 14:16:00,14.123746,14.128528,14.098601,14.111524,8027
2024-01-16 14:17:00,14.111524,14.116538,14.098875,14.106923,8708
2024-01-16 14:18:00,14.106923,14.119705,14.081040,14.095177,448
2024-01-16 14:19:00,14.095177,14.113930,14.074765,14.084658,9009
2024-01-16 14:20:00,14.084658,14.109149,14.075606,14.099003,5255
2024-01-16 14:21:00,14.099003,14.101352,14.082299,14.095404,5555
2024-01-16 14:22:00,14.095404,14.103515,14.064582,14.083742,2187
2024-01-16 14:23:00,14.083742,14.090284,14.049155,14.061461,1351
2024-01-16 14:24:00,14.061461,14.077353,14.044240,14.063152,8292
2024-01-16 14:25:00,14.063152,14.090275,14.051850,14.076821,7704
2024-01-16 14:26:00,14.076821,14.095393,14.043077,14.060799,9548
2024-01-16 14:27:00,14.060799,14.076459,14.036001,14.055410,5684
2024-01-16 14:28:00,14.055410,14.082955,14.044814,14.065296,7037
2024-01-16 14:29:00,14.065296,14.083896,14.054301,14.074482,6830
2024-01-16 14:30:00,14.074482,14.090877,14.058161,14.065754,8238
2024-01-16 14:31:00,14.065754,14.084107,14.027406,14.040234,9647
2024-01-16 14:32:00,14.040234,14.055612,14.002690,14.010428,1973
2024-01-16 14:33:00,14.010428,14.033520,13.991772,14.019602,7420
2024-01-16 14:34:00,14.019602,14.023041,13.993409,14.011345,1965
2024-01-16 14:35:00,14.011345,14.026840,13.991712,14.014186,7973
2024-01-16 14:36:00,14.014186,14.052191,14.000793,14.040377,4596
2024-01-16 14:37:00,14.040377,14.085381,14.031110,14.066618,7948
2024-01-16 14:38:00,14.066618,14.083251,14.049868,14.057218,1184
2024-01-16 14:39:00,14.057218,14.064414,14.033772,14.046690,3014
2024-01-16 14:40:00,14.046690,14.063593,14.037272,14.059988,1163
2024-01-16 14:41:00,14.059988,14.086257,14.057135,14.079081,7315
2024-01-16 14:42:00,14.079081,14.097547,14.057794,14.064186,8051
2024-01-16 14:43:00,14.064186,14.070574,14.059216,14.063395,4421
2024-01-16 14:44:00,14.063395,14.101419,14.043815,14.081734,3446
2024-01-16 14:45:00,14.081734,14.113171,14.074733,14.099657,3358
2024-01-16 14:46:00,14.099657,14.119652,14.079868,14.110575,2395
2024-01-16 14:47:00,14.110575,14.134357,14.105748,14.125213,2648
2024-01-16 14:48:00,14.125213,14.133549,14.108432,14.113597,7578
2024-01-16 14:49:00,14.113597,14.142012,14.105602,14.127680,6516
2024-01-16 14:50:00,14.127680,14.170101,14.121075,14.153349,3188
2024-01-16 14:51:00,14.153349,14.176834,14.134947,14.169255,8005
2024-01-16 14:52:00,14.169255,14.188727,14.161161,14.174704,5702
2024-01-16 14:53:00,14.174704,14.186538,14.145298,14.149394,9843
2024-01-16 14:54:00,14.149394,14.170857,14.139476,14.158447,9335
2024-01-16 14:55:00,14.158447,14.179219,14.153618,14.162524,5812
2024-01-16 14:56:00,14.162524,14.168907,14.151696,14.160756,9748
2024-01-16 14:57:00,14.160756,14.180168,14.145590,14.157932,4039
2024-01-16 14:58:00,14.157932,14.213947,14.149312,14.194755,7214
2024-01-16 14:59:00,14.194755,14.201090,14.150713,14.160409,4144
2024-01-16 15:00:00,14.160409,14.167198,14.145801,14.156863,1113
2024-01-17 09:31:00,13.899745,13.928533,13.883722,13.925370,3487
2024-01-17 09:32:00,13.925370,13.928772,13.902040,13.921673,6091
2024-01-17 09:33:00,13.921673,13.928593,13.888331,13.893626,8599
2024-01-17 09:34:00,13.893626,13.895907,13.852401,13.859259,7763
2024-01-17 09:35:00,13.859259,13.881518,13.847683,13.875994,5717
2024-01-17 09:36:00,13.875994,13.892002,13.860832,13.869867,3362
2024-01-17 09:37:00,13.869867,13.873129,13.840143,13.853694,7663
2024-01-17 09:38:00,13.853694,13.859294,13.843404,13.853128,383
2024-01-17 09:39:00,13.853128,13.861935,13.836129,13.857057,6881
2024-01-17 09:40:00,13.857057,13.871164,13.840823,13.857444,9130
2024-01-17 09:41:00,13.857444,13.879326,13.839599,13.864764,523
2024-01-17 09:42:00,13.864764,13.901822,13.851041,13.891601,2177
2024-01-17 09:43:00,13.891601,13.897466,13.879917,13.883387,2076
2024-01-17 09:44:00,13.883387,13.905917,13.873601,13.895574,8086
2024-01-17 09:45:00,13.895574,13.903383,13.877588,13.881345,4599
2024-01-17 09:46:00,13.881345,13.915017,13.878001,13.895591,2724
2024-01-17 09:47:00,13.895591,13.904491,13.867867,13.876552,298
2024-01-17 09:48:00,13.876552,13.884742,13.838670,13.850847,3274
2024-01-17 09:49:00,13.850847,13.863653,13.838715,13.848444,8928
2024-01-17 09:50:00,13.848444,13.856881,13.829752,13.841476,494
2024-01-17 09:51:00,13.841476,13.846840,13.822786,13.836448,6892
2024-01-17 09:52:00,13.836448,13.853183,13.808929,13.826195,5999
2024-01-17 09:53:00,13.826195,13.834353,13.816436,13.828834,1376
2024-01-17 09:54:00,13.828834,13.834229,13.793683,13.806271,4002
2024-01-17 09:55:00,13.806271,13.828395,13.789880,13.823989,1088
2024-01-17 09:56:00,13.823989,13.831661,13.812150,13.828419,2053
2024-01-17 09:57:00,13.828419,13.860096,13.816857,13.853186,4496
2024-01-17 09:58:00,13.853186,13.868758,13.834153,13.840889,3509
2024-01-17 09:59:00,13.840889,13.863853,13.834601,13.846004,1950
2024-01-17 10:00:00,13.846004,13.875253,13.836498,13.864839,5872
2024-01-17 10:01:00,13.864839,13.866844,13.856690,13.860630,8195
2024-01-17 10:02:00,13.860630,13.883698,13.851951,13.879823,1028
2024-01-17 10:03:00,13.879823,13.912061,13.864079,13.904353,622
2024-01-17 10:04:00,13.904353,13.939529,13.901079,13.934782,305
2024-01-17 10:05:00,13.934782,13.939951,13.898137,13.909521,941
2024-01-17 10:06:00,13.909521,13.921676,13.889442,13.907088,5413
2024-01-17 10:07:00,13.907088,13.925960,13.878141,13.894931,6750
2024-01-17 10:08:00,13.894931,13.935687,13.882865,13.920523,1597
2024-01-17 10:09:00,13.920523,13.938573,13.894117,13.910990,6002
2024-01-17 10:10:00,13.910990,13.933763,13.896530,13.926278,3191
2024-01-17 10:11:00,13.926278,13.955529,13.921358,13.940508,5460
2024-01-17 10:12:00,13.940508,13.974746,13.925587,13.957378,7448
2024-01-17 10:13:00,13.957378,13.987140,13.946635,13.969207,1857
2024-01-17 10:14:00,13.969207,13.984699,13.959043,13.963202,2776
2024-01-17 10:15:00,13.963202,13.989031,13.943834,13.974443,1309
2024-01-17 10:16:00,13.974443,13.985714,13.960307,13.975096,7870
2024-01-17 10:17:00,13.975096,13.981128,13.944358,13.962384,9907
2024-01-17 10:18:00,13.962384,13.998653,13.942806,13.991449,4360
2024-01-17 10:19:00,13.991449,14.026452,13.973106,14.012074,9884
2024-01-17 10:20:00,14.012074,14.023391,14.001378,14.013712,4931
2024-01-17 10:21:00,14.013712,14.035104,13.999536,14.016397,7342
2024-01-17 10:22:00,14.016397,14.044642,14.001493,14.032718,7710
2024-01-17 10:23:00,14.032718,14.051835,13.984044,13.999283,1746
2024-01-17 10:24:00,13.999283,14.007861,13.994378,14.002977,7921
2024-01-17 10:25:00,14.002977,14.014656,13.994243,13.999056,5865
2024-01-17 10:26:00,13.999056,14.034818,13.987791,14.018326,1570
2024-01-17 10:27:00,14.018326,14.030007,14.002209,14.023772,732
2024-01-17 10:28:00,14.023772,14.070187,14.015000,14.057035,4019
2024-01-17 10:29:00,14.057035,14.070880,14.031422,14.044567,1179
2024-01-17 10:30:00,14.044567,14.059025,14.026617,14.041543,8636
2024-01-17 10:31:00,14.041543,14.073236,14.031132,14.057580,6851
2024-01-17 10:32:00,14.057580,14.093833,14.052783,14.089277,9801
2024-01-17 10:33:00,14.089277,14.100349,14.065462,14.073746,5293
2024-01-17 10:34:00,14.073746,14.082005,14.053851,14.070102,9815
2024-01-17 10:35:00,14.070102,14.081297,14.029476,14.045873,7004
2024-01-17 10:36:00,14.045873,14.050931,14.014382,14.029181,5377
2024-01-17 10:37:00,14.029181,14.062458,14.017890,14.042617,5924
2024-01-17 10:38:00,14.042617,14.070129,14.029034,14.062324,636
2024-01-17 10:39:00,14.062324,14.073229,14.049086,14.058705,1699
2024-01-17 10:40:00,14.058705,14.077605,14.025320,14.036928,1286
2024-01-17 10:41:00,14.036928,14.047148,14.030230,14.040650,9737
2024-01-17 10:42:00,14.040650,14.052802,14.004899,14.021975,9903
2024-01-17 10:43:00,14.021975,14.045470,14.004444,14.029038,6027
2024-01-17 10:44:00,14.029038,14.049274,14.011044,14.036413,9462
2024-01-17 10:45:00,14.036413,14.059034,14.033690,14.049007,1570
2024-01-17 10:46:00,14.049007,14.075967,14.037948,14.069629,2468
2024-01-17 10:47:00,14.069629,14.104659,14.055177,14.096339,5672
2024-01-17 10:48:00,14.096339,14.101613,14.061585,14.077003,4083
2024-01-17 10:49:00,14.077003,14.088856,14.054371,14.067325,3490
2024-01-17 10:50:00,14.067325,14.070607,14.050537,14.060179,1079
2024-01-17 10:51:00,14.060179,14.070423,14.033996,14.052132,9997
2024-01-17 10:52:00,14.052132,14.071517,14.014966,14.021058,8336
2024-01-17 10:53:00,14.021058,14.035635,14.013055,14.020393,2724
2024-01-17 10:54:00,14.020393,14.046895,14.017850,14.042436,3262
2024-01-17 10:55:00,14.042436,14.047098,14.029742,14.043255,7639
2024-01-17 10:56:00,14.043255,14.060903,14.035020,14.047188,3510
2024-01-17 10:57:00,14.047188,14.064298,14.034742,14.049965,9943
2024-01-17 10:58:00,14.049965,14.080410,14.045333,14.064295,5683
2024-01-17 10:59:00,14.064295,14.078301,14.038516,14.053819,2342
2024-01-17 11:00:00,14.053819,14.070803,14.043085,14.048577,4635
2024-01-17 11:01:00,14.048577,14.062996,14.037851,14.047953,1978
2024-01-17 11:02:00,14.047953,14.056338,14.023768,14.035955,3370
2024-01-17 11:03:00,14.035955,14.051302,14.024169,14.029744,614
2024-01-17 11:04:00,14.029744,14.046282,14.012990,14.030798,5315
2024-01-17 11:05:00,14.030798,14.038758,14.012829,14.032368,1662
2024-01-17 11:06:00,14.032368,14.075260,14.020512,14.057258,3804
2024-01-17 11:07:00,14.057258,14.078639,14.054403,14.068260,8852
2024-01-17 11:08:00,14.068260,14.089709,14.065907,14.072318,9396
2024-01-17 11:09:00,14.072318,14.085891,14.059284,14.062077,9007
2024-01-17 11:10:00,14.062077,14.104128,14.058023,14.084478,9271
2024-01-17 11:11:00,14.084478,14.115780,14.071595,14.099059,2763
2024-01-17 11:12:00,14.099059,14.121899,14.089307,14.110587,6523
2024-01-17 11:13:00,14.110587,14.120021,14.072842,14.075411,6860
2024-01-17 11:14:00,14.075411,14.090901,14.063047,14.071037,793
2024-01-17 11:15:00,14.071037,14.087280,14.048316,14.057027,1822
2024-01-17 11:16:00,14.057027,14.088677,14.054330,14.074312,931
2024-01-17 11:17:00,14.074312,14.077000,14.046161,14.065256,1544
2024-01-17 11:18:00,14.065256,14.067602,14.035725,14.054848,7431
2024-01-17 11:19:00,14.054848,14.063654,14.033288,14.046020,1709
2024-01-17 11:20:00,14.046020,14.096226,14.039160,14.090669,7955
2024-01-17 11:21:00,14.090669,14.110355,14.087389,14.099320,4248
2024-01-17 11:22:00,14.099320,14.106050,14.073854,14.088838,641
2024-01-17 11:23:00,14.088838,14.104492,14.064127,14.073186,7409
2024-01-17 11:24:00,14.073186,14.112306,14.065090,14.099067,1559
2024-01-17 11:25:00,14.099067,14.113324,14.083416,14.091886,9228
2024-01-17 11:26:00,14.091886,14.111173,14.075375,14.091309,2737
2024-01-17 11:27:00,14.091309,14.108603,14.079830,14.082926,7081
2024-01-17 11:28:00,14.082926,14.129959,14.067618,14.123838,8120
2024-01-17 11:29:00,14.123838,14.145398,14.117914,14.130785,9460
2024-01-17 11:30:00,14.130785,14.145380,14.127845,14.140362,4479
2024-01-17 13:01:00,14.140362,14.155894,14.130160,14.138476,6653
2024-01-17 13:02:00,14.138476,14.148361,14.100227,14.118079,4504
2024-01-17 13:03:00,14.118079,14.130518,14.099305,14.122140,5292
2024-01-17 13:04:00,14.122140,14.140375,14.118193,14.127425,8273
2024-01-17 13:05:00,14.127425,14.131816,14.114219,14.126438,4022
2024-01-17 13:06:00,14.126438,14.136040,14.117730,14.129988,1965
2024-01-17 13:07:00,14.129988,14.147497,14.118585,14.127545,8339
2024-01-17 13:08:00,14.127545,14.134285,14.094425,14.100031,5311
2024-01-17 13:09:00,14.100031,14.115392,14.070036,14.073424,9000
2024-01-17 13:10:00,14.073424,14.088154,14.067453,14.073599,9610
2024-01-17 13:11:00,14.073599,14.086794,14.054957,14.063841,7492
2024-01-17 13:12:00,14.063841,14.076215,14.043546,14.056960,3744
2024-01-17 13:13:00,14.056960,14.067676,14.043293,14.048673,7511
2024-01-17 13:14:00,14.048673,14.053734,14.036946,14.044053,554
2024-01-17 13:15:00,14.044053,14.093972,14.031687,14.076287,8201
2024-01-17 13:16:00,14.076287,14.087235,14.047571,14.056906,2057
2024-01-17 13:17:00,14.056906,14.062818,14.048321,14.052731,8310
2024-01-17 13:18:00,14.052731,14.081899,14.039872,14.070481,5176
2024-01-17 13:19:00,14.070481,14.132425,14.051639,14.115903,7971
2024-01-17 13:20:00,14.115903,14.118327,14.097640,14.114471,673
2024-01-17 13:21:00,14.114471,14.130589,14.102424,14.124267,5545
2024-01-17 13:22:00,14.124267,14.132645,14.101671,14.114009,3763
2024-01-17 13:23:00,14.114009,14.121426,14.089700,14.103336,4661
2024-01-17 13:24:00,14.103336,14.116112,14.084775,14.109818,1990
2024-01-17 13:25:00,14.109818,14.112740,14.083135,14.096727,6159
2024-01-17 13:26:00,14.096727,14.128033,14.089979,14.111491,6285
2024-01-17 13:27:00,14.111491,14.123819,14.100383,14.108765,8229
2024-01-17 13:28:00,14.108765,14.125500,14.086831,14.092417,1719
2024-01-17 13:29:00,14.092417,14.107631,14.082249,14.093715,6753
2024-01-17 13:30:00,14.093715,14.110717,14.087213,14.108139,5968
2024-01-17 13:31:00,14.108139,14.112892,14.090991,14.103055,6379
2024-01-17 13:32:00,14.103055,14.122981,14.088428,14.100168,1067
2024-01-17 13:33:00,14.100168,14.104744,14.080645,14.091660,788
2024-01-17 13:34:00,14.091660,14.110682,14.080751,14.097717,590
2024-01-17 13:35:00,14.097717,14.117877,14.081603,14.100392,5607
2024-01-17 13:36:00,14.100392,14.117048,14.085701,14.114188,4698
2024-01-17 13:37:00,14.114188,14.130938,14.067335,14.085536,7704
2024-01-17 13:38:00,14.085536,14.100855,14.041081,14.059353,8535
2024-01-17 13:39:00,14.059353,14.070804,14.047655,14.053903,2604
2024-01-17 13:40:00,14.053903,14.074085,14.047619,14.060147,5724
2024-01-17 13:41:00,14.060147,14.067252,14.051399,14.064114,2822
2024-01-17 13:42:00,14.064114,14.066483,14.030593,14.038178,7346
2024-01-17 13:43:00,14.038178,14.051149,14.023917,14.046309,3601
2024-01-17 13:44:00,14.046309,14.065014,14.023350,14.042206,4714
2024-01-17 13:45:00,14.042206,14.070089,14.023343,14.058397,2488
2024-01-17 13:46:00,14.058397,14.061981,14.044407,14.050288,3436
2024-01-17 13:47:00,14.050288,14.072785,14.042310,14.056239,2532
2024-01-17 13:48:00,14.056239,14.069723,14.041643,14.052784,4235
2024-01-17 13:49:00,14.052784,14.064461,14.011053,14.030798,2525
2024-01-17 13:50:00,14.030798,14.041826,14.021087,14.038697,6206
2024-01-17 13:51:00,14.038697,14.055868,14.017330,14.033108,9393
2024-01-17 13:52:00,14.033108,14.046394,14.005879,14.013719,2800
2024-01-17 13:53:00,14.013719,14.055945,13.998754,14.049576,9463
2024-01-17 13:54:00,14.049576,14.082271,14.035355,14.066399,9614
2024-01-17 13:55:00,14.066399,14.088855,14.055212,14.071979,885
2024-01-17 13:56:00,14.071979,14.088470,14.068498,14.085772,7620
2024-01-17 13:57:00,14.085772,14.104425,14.066203,14.090236,2655
2024-01-17 13:58:00,14.090236,14.104340,14.078875,14.098860,6131
2024-01-17 13:59:00,14.098860,14.105767,14.084576,14.086638,9931
2024-01-17 14:00:00,14.086638,14.118933,14.066894,14.107422,8948
2024-01-17 14:01:00,14.107422,14.124879,14.076471,14.086261,7577
2024-01-17 14:02:00,14.086261,14.089805,14.054404,14.067433,5847
2024-01-17 14:03:00,14.067433,14.092165,14.055084,14.079475,7891
2024-01-17 14:04:00,14.079475,14.091141,14.067787,14.077750,2775
2024-01-17 14:05:00,14.077750,14.088898,14.061108,14.085515,1644
2024-01-17 14:06:00,14.085515,14.097138,14.080116,14.086243,2331
2024-01-17 14:07:00,14.086243,14.098458,14.070383,14.083443,4249
2024-01-17 14:08:00,14.083443,14.110573,14.072707,14.100273,1653
2024-01-17 14:09:00,14.100273,14.103556,14.077120,14.079176,6729
2024-01-17 14:10:00,14.079176,14.103058,14.064913,14.084256,935
2024-01-17 14:11:00,14.084256,14.099517,14.074677,14.079114,5609
2024-01-17 14:12:00,14.079114,14.110240,14.073523,14.101680,142
2024-01-17 14:13:00,14.101680,14.106241,14.083442,14.103506,8357
2024-01-17 14:14:00,14.103506,14.115519,14.095912,14.113470,7789
2024-01-17 14:15:00,14.113470,14.116271,14.098287,14.107863,154
2024-01-17 14:16:00,14.107863,14.131601,14.095117,14.120144,3146
2024-01-17 14:17:00,14.120144,14.131852,14.109482,14.125437,2258
2024-01-17 14:18:00,14.125437,14.128902,14.086083,14.094212,2959
2024-01-17 14:19:00,14.094212,14.112668,14.075642,14.106610,1304
2024-01-17 14:20:00,14.106610,14.120442,14.095054,14.098116,9454
2024-01-17 14:21:00,14.098116,14.115529,14.067327,14.079912,211
2024-01-17 14:22:00,14.079912,14.119194,14.075755,14.105878,3737
2024-01-17 14:23:00,14.105878,14.149303,14.088344,14.131590,3741
2024-01-17 14:24:00,14.131590,14.150929,14.117458,14.137753,2323
2024-01-17 14:25:00,14.137753,14.161655,14.119850,14.154014,3674
2024-01-17 14:26:00,14.154014,14.170251,14.139092,14.149219,4056
2024-01-17 14:27:00,14.149219,14.172547,14.133520,14.170128,3693
2024-01-17 14:28:00,14.170128,14.187162,14.158690,14.173389,5187
2024-01-17 14:29:00,14.173389,14.183318,14.127662,14.145575,5316
2024-01-17 14:30:00,14.145575,14.160585,14.115790,14.117853,3855
2024-01-17 14:31:00,14.117853,14.125541,14.105522,14.114686,1616
2024-01-17 14:32:00,14.114686,14.118208,14.072980,14.090410,9525
2024-01-17 14:33:00,14.090410,14.101174,14.063637,14.071593,9519
2024-01-17 14:34:00,14.071593,14.115890,14.067671,14.097231,9651
2024-01-17 14:35:00,14.097231,14.104703,14.080060,14.091718,1431
2024-01-17 14:36:00,14.091718,14.120001,14.085056,14.101161,9675
2024-01-17 14:37:00,14.101161,14.108027,14.094135,14.102238,4468
2024-01-17 14:38:00,14.102238,14.124801,14.086692,14.112119,7990
2024-01-17 14:39:00,14.112119,14.118131,14.107874,14.112872,5744
2024-01-17 14:40:00,14.112872,14.127948,14.051496,14.070672,6034
2024-01-17 14:41:00,14.070672,14.105681,14.065243,14.090233,7532
2024-01-17 14:42:00,14.090233,14.107698,14.054941,14.071677,578
2024-01-17 14:43:00,14.071677,14.087603,14.060764,14.064784,9083
2024-01-17 14:44:00,14.064784,14.068215,14.036075,14.045500,5767
2024-01-17 14:45:00,14.045500,14.094286,14.033774,14.077009,6799
2024-01-17 14:46:00,14.077009,14.081285,14.015957,14.027355,5622
2024-01-17 14:47:00,14.027355,14.056053,14.012364,14.050233,1479
2024-01-17 14:48:00,14.050233,14.072679,14.045955,14.061364,7079
2024-01-17 14:49:00,14.061364,14.071079,14.040639,14.054664,4334
2024-01-17 14:50:00,14.054664,14.067769,14.042977,14.047727,9301
2024-01-17 14:51:00,14.047727,14.077328,14.037842,14.071616,9864
2024-01-17 14:52:00,14.071616,14.126062,14.064501,14.110072,234
2024-01-17 14:53:00,14.110072,14.120133,14.085831,14.099377,8885
2024-01-17 14:54:00,14.099377,14.145062,14.084437,14.139145,4483
2024-01-17 14:55:00,14.139145,14.142757,14.135228,14.137701,1927
2024-01-17 14:56:00,14.137701,14.140629,14.121212,14.126916,335
2024-01-17 14:57:00,14.126916,14.169132,14.110152,14.159658,1000
2024-01-17 14:58:00,14.159658,14.171013,14.146813,14.167186,8725
2024-01-17 14:59:00,14.167186,14.180314,14.149457,14.160444,6240
2024-01-17 15:00:00,14.160444,14.184879,14.140840,14.172501,4700
2024-01-18 09:31:00,13.848640,13.865483,13.821203,13.829125,2280
2024-01-18 09:32:00,13.829125,13.835683,13.825146,13.829375,8738
2024-01-18 09:33:00,13.829375,13.834655,13.807200,13.810074,9243
2024-01-18 09:34:00,13.810074,13.827907,13.807072,13.817358,2059
2024-01-18 09:35:00,13.817358,13.829067,13.803097,13.820275,6151
2024-01-18 09:36:00,13.820275,13.839572,13.806356,13.817629,4849
2024-01-18 09:37:00,13.817629,13.829328,13.803199,13.820441,6178
2024-01-18 09:38:00,13.820441,13.841862,13.805602,13.824738,146
2024-01-18 09:39:00,13.824738,13.831578,13.803763,13.822865,1664
2024-01-18 09:40:00,13.822865,13.851074,13.819743,13.845534,1609
2024-01-18 09:41:00,13.845534,13.859342,13.837894,13.842551,8249
2024-01-18 09:42:00,13.842551,13.858481,13.793175,13.804651,4457
2024-01-18 09:43:00,13.804651,13.818035,13.800357,13.804015,8907
2024-01-18 09:44:00,13.804015,13.812179,13.782616,13.794760,1784
2024-01-18 09:45:00,13.794760,13.801272,13.770854,13.782431,1057
2024-01-18 09:46:00,13.782431,13.800588,13.764237,13.778987,9632
2024-01-18 09:47:00,13.778987,13.815206,13.771256,13.810261,5168
2024-01-18 09:48:00,13.810261,13.826796,13.781218,13.798735,1012
2024-01-18 09:49:00,13.798735,13.823144,13.792227,13.806602,6119
2024-01-18 09:50:00,13.806602,13.822885,13.786335,13.792711,6735
2024-01-18 09:51:00,13.792711,13.806631,13.784156,13.803373,9089
2024-01-18 09:52:00,13.803373,13.812142,13.783445,13.788660,3985
2024-01-18 09:53:00,13.788660,13.796761,13.748623,13.759336,1586
2024-01-18 09:54:00,13.759336,13.785967,13.752318,13.775909,3434
2024-01-18 09:55:00,13.775909,13.794296,13.744676,13.751487,3038
2024-01-18 09:56:00,13.751487,13.767818,13.745455,13.754416,4836
2024-01-18 09:57:00,13.754416,13.778592,13.745079,13.767078,6359
2024-01-18 09:58:00,13.767078,13.779489,13.761664,13.764612,8577
2024-01-18 09:59:00,13.764612,13.771920,13.760806,13.766959,874
2024-01-18 10:00:00,13.766959,13.773686,13.747528,13.762737,6145
2024-01-18 10:01:00,13.762737,13.769756,13.753069,13.765999,4023
2024-01-18 10:02:00,13.765999,13.816531,13.747382,13.798316,5568
2024-01-18 10:03:00,13.798316,13.816852,13.789431,13.794084,3516
2024-01-18 10:04:00,13.794084,13.813582,13.777177,13.795923,4093
2024-01-18 10:05:00,13.795923,13.807604,13.773989,13.788490,6604
2024-01-18 10:06:00,13.788490,13.798757,13.756850,13.771987,169
2024-01-18 10:07:00,13.771987,13.789069,13.759459,13.763395,4160
2024-01-18 10:08:00,13.763395,13.782496,13.756691,13.774490,6208
2024-01-18 10:09:00,13.774490,13.792319,13.766660,13.771976,4066
2024-01-18 10:10:00,13.771976,13.808989,13.762763,13.794009,9795
2024-01-18 10:11:00,13.794009,13.811500,13.754385,13.763951,250
2024-01-18 10:12:00,13.763951,13.793758,13.753182,13.775787,4514
2024-01-18 10:13:00,13.775787,13.779131,13.759390,13.774215,9582
2024-01-18 10:14:00,13.774215,13.778491,13.727170,13.739280,2308
2024-01-18 10:15:00,13.739280,13.749692,13.720749,13.733733,1694
2024-01-18 10:16:00,13.733733,13.742792,13.717143,13.740454,6338
2024-01-18 10:17:00,13.740454,13.765285,13.728603,13.751583,9273
2024-01-18 10:18:00,13.751583,13.770815,13.737382,13.762235,9044
2024-01-18 10:19:00,13.762235,13.764454,13.742079,13.759326,7539
2024-01-18 10:20:00,13.759326,13.777612,13.746885,13.763459,1461
2024-01-18 10:21:00,13.763459,13.781325,13.756989,13.775319,2023
2024-01-18 10:22:00,13.775319,13.789981,13.744833,13.761923,2651
2024-01-18 10:23:00,13.761923,13.765507,13.735856,13.755450,6965
2024-01-18 10:24:00,13.755450,13.800101,13.739241,13.783743,672
2024-01-18 10:25:00,13.783743,13.808966,13.771607,13.793774,8325
2024-01-18 10:26:00,13.793774,13.809035,13.771179,13.775275,7701
2024-01-18 10:27:00,13.775275,13.784918,13.764289,13.776683,7669
2024-01-18 10:28:00,13.776683,13.819140,13.762054,13.800036,8059
2024-01-18 10:29:00,13.800036,13.836495,13.797693,13.818278,4174
2024-01-18 10:30:00,13.818278,13.835775,13.807451,13.811503,5808
2024-01-18 10:31:00,13.811503,13.820709,13.799148,13.808710,1904
2024-01-18 10:32:00,13.808710,13.846620,13.796819,13.836132,3578
2024-01-18 10:33:00,13.836132,13.883073,13.820846,13.863167,7292
2024-01-18 10:34:00,13.863167,13.873341,13.853039,13.859767,9274
2024-01-18 10:35:00,13.859767,13.866978,13.834905,13.841671,5878
2024-01-18 10:36:00,13.841671,13.852177,13.824603,13.846817,811
2024-01-18 10:37:00,13.846817,13.870139,13.828255,13.853713,1995
2024-01-18 10:38:00,13.853713,13.855843,13.842646,13.853309,628
2024-01-18 10:39:00,13.853309,13.868983,13.833981,13.852335,1463
2024-01-18 10:40:00,13.852335,13.911301,13.844382,13.897120,7914
2024-01-18 10:41:00,13.897120,13.918426,13.889903,13.902463,8722
2024-01-18 10:42:00,13.902463,13.914899,13.893057,13.906526,2280
2024-01-18 10:43:00,13.906526,13.941760,13.888148,13.925039,3214
2024-01-18 10:44:00,13.925039,13.960211,13.913751,13.941407,6248
2024-01-18 10:45:00,13.941407,13.973130,13.929358,13.964764,1397
2024-01-18 10:46:00,13.964764,13.998855,13.954878,13.981620,2356
2024-01-18 10:47:00,13.981620,13.986443,13.926570,13.945722,7988
2024-01-18 10:48:00,13.945722,13.961736,13.926099,13.937889,3341
2024-01-18 10:49:00,13.937889,13.956742,13.929677,13.951999,6299
2024-01-18 10:50:00,13.951999,13.978590,13.939408,13.969574,7429
2024-01-18 10:51:00,13.969574,13.993357,13.964323,13.976097,3786
2024-01-18 10:52:00,13.976097,14.017077,13.965638,13.997551,1818
2024-01-18 10:53:00,13.997551,14.039499,13.991458,14.024256,6245
2024-01-18 10:54:00,14.024256,14.093650,14.010653,14.089708,3438
2024-01-18 10:55:00,14.089708,14.138912,14.080288,14.120239,4683
2024-01-18 10:56:00,14.120239,14.186397,14.108253,14.172104,1133
2024-01-18 10:57:00,14.172104,14.191221,14.160034,14.186423,8894
2024-01-18 10:58:00,14.186423,14.274788,14.170501,14.259452,8149
2024-01-18 10:59:00,14.259452,14.296401,14.252018,14.292725,6252
2024-01-18 11:00:00,14.292725,14.388556,14.275175,14.382439,3537
2024-01-18 11:01:00,14.382439,14.475960,14.377037,14.471922,6658
2024-01-18 11:02:00,14.471922,14.552382,14.464346,14.542955,7897
2024-01-18 11:03:00,14.542955,14.622525,14.528107,14.610998,8030
2024-01-18 11:04:00,14.610998,14.697354,14.605765,14.678153,4400
2024-01-18 11:05:00,14.678153,14.751361,14.665156,14.748736,9232
2024-01-18 11:06:00,14.748736,14.817992,14.736092,14.802921,8018
2024-01-18 11:07:00,14.802921,14.880791,14.793587,14.867383,1339
2024-01-18 11:08:00,14.867383,14.935665,14.851568,14.925755,7626
2024-01-18 11:09:00,14.925755,14.985478,14.919096,14.971740,3428
2024-01-18 11:10:00,14.971740,15.018732,14.962010,15.014116,5533
2024-01-18 11:11:00,15.014116,15.062237,15.011569,15.059957,2430
2024-01-18 11:12:00,15.059957,15.125229,15.056933,15.120487,3618
2024-01-18 11:13:00,15.120487,15.135952,15.100829,15.103219,6307
2024-01-18 11:14:00,15.103219,15.121152,15.089384,15.101046,580
2024-01-18 11:15:00,15.101046,15.113888,15.079040,15.093558,1403
2024-01-18 11:16:00,15.093558,15.107949,15.063503,15.071034,2441
2024-01-18 11:17:00,15.071034,15.083311,15.031241,15.043622,1017
2024-01-18 11:18:00,15.043622,15.048573,14.966059,14.971594,6636
2024-01-18 11:19:00,14.971594,14.981791,14.883047,14.897673,5873
2024-01-18 11:20:00,14.897673,14.903015,14.818750,14.838740,5831
2024-01-18 11:21:00,14.838740,14.854289,14.758984,14.773951,5101
2024-01-18 11:22:00,14.773951,14.792332,14.716594,14.736267,2100
2024-01-18 11:23:00,14.736267,14.740079,14.642015,14.660757,4892
2024-01-18 11:24:00,14.660757,14.668487,14.586943,14.591889,3083
2024-01-18 11:25:00,14.591889,14.595023,14.532006,14.546627,5826
2024-01-18 11:26:00,14.546627,14.559415,14.447121,14.461229,3785
2024-01-18 11:27:00,14.461229,14.464719,14.406764,14.414223,5295
2024-01-18 11:28:00,14.414223,14.416552,14.318282,14.332700,9893
2024-01-18 11:29:00,14.332700,14.339166,14.262353,14.281540,1135
2024-01-18 11:30:00,14.281540,14.297011,14.225954,14.238342,6371
2024-01-18 13:01:00,14.238342,14.244366,14.160702,14.178766,6036
2024-01-18 13:02:00,14.178766,14.191192,14.158336,14.167357,6069
2024-01-18 13:03:00,14.167357,14.181940,14.129271,14.141958,9228
2024-01-18 13:04:00,14.141958,14.161465,14.091571,14.108085,8339
2024-01-18 13:05:00,14.108085,14.127911,14.077258,14.087233,8465
2024-01-18 13:06:00,14.087233,14.090798,14.072912,14.085854,1664
2024-01-18 13:07:00,14.085854,14.091663,14.034642,14.037724,944
2024-01-18 13:08:00,14.037724,14.049985,14.032108,14.039590,1137
2024-01-18 13:09:00,14.039590,14.049685,14.012787,14.027300,5817
2024-01-18 13:10:00,14.027300,14.036903,14.021344,14.026430,3203
2024-01-18 13:11:00,14.026430,14.042963,14.005748,14.025722,4798
2024-01-18 13:12:00,14.025722,14.040675,13.974990,13.987253,6485
2024-01-18 13:13:00,13.987253,14.006176,13.977533,13.996710,1865
2024-01-18 13:14:00,13.996710,14.010401,13.982901,13.998131,3868
2024-01-18 13:15:00,13.998131,14.043164,13.983759,14.040320,2554
2024-01-18 13:16:00,14.040320,14.065399,14.037142,14.057228,636
2024-01-18 13:17:00,14.057228,14.068061,14.039411,14.064897,9822
2024-01-18 13:18:00,14.064897,14.073755,14.061435,14.070319,7384
2024-01-18 13:19:00,14.070319,14.078058,14.059965,14.071211,5238
2024-01-18 13:20:00,14.071211,14.083128,14.067529,14.077267,9096
2024-01-18 13:21:00,14.077267,14.098903,14.062232,14.088341,4148
2024-01-18 13:22:00,14.088341,14.098319,14.043131,14.060932,3251
2024-01-18 13:23:00,14.060932,14.064418,14.023420,14.038699,9013
2024-01-18 13:24:00,14.038699,14.061307,14.034012,14.048460,738
2024-01-18 13:25:00,14.048460,14.062650,14.038501,14.042249,4543
2024-01-18 13:26:00,14.042249,14.061631,14.024243,14.026453,1868
2024-01-18 13:27:00,14.026453,14.033907,14.015756,14.018788,2821
2024-01-18 13:28:00,14.018788,14.043689,14.008366,14.025160,5673
2024-01-18 13:29:00,14.025160,14.039732,13.995791,14.001329,5086
2024-01-18 13:30:00,14.001329,14.015818,13.992584,14.013617,4337
2024-01-18 13:31:00,14.013617,14.033097,13.996108,14.005737,8115
2024-01-18 13:32:00,14.005737,14.024231,13.990558,14.012890,4575
2024-01-18 13:33:00,14.012890,14.034289,14.000302,14.017285,9843
2024-01-18 13:34:00,14.017285,14.049837,14.006142,14.031173,4335
2024-01-18 13:35:00,14.031173,14.047381,14.027141,14.037614,4041
2024-01-18 13:36:00,14.037614,14.051846,14.023945,14.045751,2157
2024-01-18 13:37:00,14.045751,14.070569,14.029219,14.053043,2293
2024-01-18 13:38:00,14.053043,14.061726,14.017739,14.036159,1966
2024-01-18 13:39:00,14.036159,14.051560,14.032540,14.036394,4220
2024-01-18 13:40:00,14.036394,14.056662,14.032983,14.041557,4791
2024-01-18 13:41:00,14.041557,14.080928,14.035391,14.063796,715
2024-01-18 13:42:00,14.063796,14.072541,14.046780,14.065791,1481
2024-01-18 13:43:00,14.065791,14.115709,14.048499,14.097139,9169
2024-01-18 13:44:00,14.097139,14.110013,14.077897,14.102469,6688
2024-01-18 13:45:00,14.102469,14.120913,14.093471,14.096723,7597
2024-01-18 13:46:00,14.096723,14.103208,14.089355,14.099494,7055
2024-01-18 13:47:00,14.099494,14.118671,14.055926,14.073781,5818
2024-01-18 13:48:00,14.073781,14.093262,14.049042,14.051652,2972
2024-01-18 13:49:00,14.051652,14.063174,14.033330,14.047601,1115
2024-01-18 13:50:00,14.047601,14.079315,14.029326,14.070840,8861
2024-01-18 13:51:00,14.070840,14.082468,14.035324,14.053949,8877
2024-01-18 13:52:00,14.053949,14.122597,14.045411,14.103774,2667
2024-01-18 13:53:00,14.103774,14.107059,14.088495,14.097767,9100
2024-01-18 13:54:00,14.097767,14.144090,14.079299,14.124404,2170
2024-01-18 13:55:00,14.124404,14.139758,14.107889,14.129973,7458
2024-01-18 13:56:00,14.129973,14.143693,14.126533,14.136469,7632
2024-01-18 13:57:00,14.136469,14.152859,14.131204,14.133831,6029
2024-01-18 13:58:00,14.133831,14.156322,14.119854,14.142600,9718
2024-01-18 13:59:00,14.142600,14.174286,14.125435,14.154417,7913
2024-01-18 14:00:00,14.154417,14.166680,14.132243,14.152019,1247
2024-01-18 14:01:00,14.152019,14.158284,14.125000,14.144600,7927
2024-01-18 14:02:00,14.144600,14.153886,14.135020,14.139431,5773
2024-01-18 14:03:00,14.139431,14.154699,14.134106,14.146549,1101
2024-01-18 14:04:00,14.146549,14.165847,14.133697,14.160282,3268
2024-01-18 14:05:00,14.160282,14.177270,14.116090,14.133543,5874
2024-01-18 14:06:00,14.133543,14.183229,14.124417,14.169648,3483
2024-01-18 14:07:00,14.169648,14.185233,14.136626,14.149772,6638
2024-01-18 14:08:00,14.149772,14.163406,14.125220,14.138133,8158
2024-01-18 14:09:00,14.138133,14.145445,14.102824,14.118567,4365
2024-01-18 14:10:00,14.118567,14.126146,14.092183,14.109395,5060
2024-01-18 14:11:00,14.109395,14.158914,14.103792,14.152768,9188
2024-01-18 14:12:00,14.152768,14.162236,14.108519,14.113935,6074
2024-01-18 14:13:00,14.113935,14.120226,14.099333,14.106001,2000
2024-01-18 14:14:00,14.106001,14.113165,14.089407,14.099450,2323
2024-01-18 14:15:00,14.099450,14.108395,14.078496,14.087454,4175
2024-01-18 14:16:00,14.087454,14.130056,14.070059,14.114523,9510
2024-01-18 14:17:00,14.114523,14.121438,14.111127,14.116924,5601
2024-01-18 14:18:00,14.116924,14.132863,14.107151,14.112679,6041
2024-01-18 14:19:00,14.112679,14.120176,14.082747,14.099810,7228
2024-01-18 14:20:00,14.099810,14.126760,14.090876,14.115235,6947
2024-01-18 14:21:00,14.115235,14.134429,14.097136,14.108904,4910
2024-01-18 14:22:00,14.108904,14.137769,14.100392,14.130509,1214
2024-01-18 14:23:00,14.130509,14.141292,14.104387,14.120136,8139
2024-01-18 14:24:00,14.120136,14.144408,14.108190,14.127646,9345
2024-01-18 14:25:00,14.127646,14.140021,14.116413,14.125550,828
2024-01-18 14:26:00,14.125550,14.156806,14.117601,14.139649,3195
2024-01-18 14:27:00,14.139649,14.144028,14.122910,14.132731,9083
2024-01-18 14:28:00,14.132731,14.191858,14.129866,14.173368,3247
2024-01-18 14:29:00,14.173368,14.183180,14.158547,14.178934,3814
2024-01-18 14:30:00,14.178934,14.195598,14.161629,14.179999,6231
2024-01-18 14:31:00,14.179999,14.205957,14.164362,14.191167,4630
2024-01-18 14:32:00,14.191167,14.217039,14.185907,14.208610,2561
2024-01-18 14:33:00,14.208610,14.222599,14.201457,14.206427,6317
2024-01-18 14:34:00,14.206427,14.215769,14.187995,14.194091,7794
2024-01-18 14:35:00,14.194091,14.213844,14.192017,14.196183,6363
2024-01-18 14:36:00,14.196183,14.198501,14.176768,14.187837,8297
2024-01-18 14:37:00,14.187837,14.207732,14.170656,14.192127,6273
2024-01-18 14:38:00,14.192127,14.207381,14.179326,14.200174,2163
2024-01-18 14:39:00,14.200174,14.210759,14.182719,14.195066,8949
2024-01-18 14:40:00,14.195066,14.201070,14.185344,14.195462,8949
2024-01-18 14:41:00,14.195462,14.249844,14.189842,14.231021,4443
2024-01-18 14:42:00,14.231021,14.267416,14.220394,14.253793,5645
2024-01-18 14:43:00,14.253793,14.271011,14.233462,14.239739,9748
2024-01-18 14:44:00,14.239739,14.260834,14.234655,14.253314,4963
2024-01-18 14:45:00,14.253314,14.269170,14.251120,14.255661,2342
2024-01-18 14:46:00,14.255661,14.260870,14.243703,14.256817,6698
2024-01-18 14:47:00,14.256817,14.271331,14.230569,14.239284,4799
2024-01-18 14:48:00,14.239284,14.262672,14.231115,14.243151,3297
2024-01-18 14:49:00,14.243151,14.261383,14.237409,14.245488,3244
2024-01-18 14:50:00,14.245488,14.291126,14.226833,14.272923,8792
2024-01-18 14:51:00,14.272923,14.289616,14.246694,14.253924,540
2024-01-18 14:52:00,14.253924,14.301945,14.238161,14.282338,2812
2024-01-18 14:53:00,14.282338,14.300851,14.243678,14.248680,8246
2024-01-18 14:54:00,14.248680,14.285697,14.233802,14.277807,6259
2024-01-18 14:55:00,14.277807,14.287696,14.266348,14.268521,6965
2024-01-18 14:56:00,14.268521,14.274805,14.258951,14.266322,2741
2024-01-18 14:57:00,14.266322,14.278579,14.216590,14.226398,7842
2024-01-18 14:58:00,14.226398,14.262357,14.222809,14.247886,7356
2024-01-18 14:59:00,14.247886,14.258064,14.228522,14.255746,9388
2024-01-18 15:00:00,14.255746,14.283990,14.238303,14.267131,6704
2024-01-19 09:31:00,13.814197,13.829179,13.803632,13.814423,7859
2024-01-19 09:32:00,13.814423,13.831185,13.784197,13.795974,1260
2024-01-19 09:33:00,13.795974,13.809131,13.773331,13.786075,5777
2024-01-19 09:34:00,13.786075,13.830909,13.772893,13.813556,6936
2024-01-19 09:35:00,13.813556,13.816193,13.772498,13.779028,4125
2024-01-19 09:36:00,13.779028,13.792907,13.766190,13.774527,8601
2024-01-19 09:37:00,13.774527,13.800566,13.759431,13.794655,2250
2024-01-19 09:38:00,13.794655,13.807336,13.780497,13.797576,327
2024-01-19 09:39:00,13.797576,13.810452,13.794044,13.799020,858
2024-01-19 09:40:00,13.799020,13.807191,13.768619,13.784242,5142
2024-01-19 09:41:00,13.784242,13.824283,13.778194,13.807287,1317
2024-01-19 09:42:00,13.807287,13.825944,13.794080,13.804559,1527
2024-01-19 09:43:00,13.804559,13.814188,13.791802,13.811282,7607
2024-01-19 09:44:00,13.811282,13.818949,13.778251,13.783064,6829
2024-01-19 09:45:00,13.783064,13.808490,13.767512,13.797832,5667
2024-01-19 09:46:00,13.797832,13.830226,13.788130,13.822888,9260
2024-01-19 09:47:00,13.822888,13.845706,13.813868,13.838322,3797
2024-01-19 09:48:00,13.838322,13.851200,13.815226,13.832996,8409
2024-01-19 09:49:00,13.832996,13.856392,13.822658,13.837867,3597
2024-01-19 09:50:00,13.837867,13.860652,13.831353,13.842021,3430
2024-01-19 09:51:00,13.842021,13.855112,13.830674,13.843621,9193
2024-01-19 09:52:00,13.843621,13.884761,13.840247,13.867536,9101
2024-01-19 09:53:00,13.867536,13.882316,13.856020,13.864550,3354
2024-01-19 09:54:00,13.864550,13.880573,13.826165,13.844725,9959
2024-01-19 09:55:00,13.844725,13.850861,13.826646,13.832737,5322
2024-01-19 09:56:00,13.832737,13.853474,13.814533,13.850776,733
2024-01-19 09:57:00,13.850776,13.882044,13.843547,13.871067,5289
2024-01-19 09:58:00,13.871067,13.884165,13.832806,13.841853,1377
2024-01-19 09:59:00,13.841853,13.845978,13.825777,13.834942,7131
2024-01-19 10:00:00,13.834942,13.869475,13.823524,13.851086,2989
2024-01-19 10:01:00,13.851086,13.857108,13.833913,13.846810,6000
2024-01-19 10:02:00,13.846810,13.903880,13.833766,13.887006,5585
2024-01-19 10:03:00,13.887006,13.892654,13.866539,13.875167,8149
2024-01-19 10:04:00,13.875167,13.890796,13.849024,13.851322,2196
2024-01-19 10:05:00,13.851322,13.868140,13.845205,13.858248,3695
2024-01-19 10:06:00,13.858248,13.862209,13.844624,13.851816,9520
2024-01-19 10:07:00,13.851816,13.869940,13.840458,13.857175,8543
2024-01-19 10:08:00,13.857175,13.874472,13.839846,13.856204,7765
2024-01-19 10:09:00,13.856204,13.882604,13.851569,13.865099,6460
2024-01-19 10:10:00,13.865099,13.881095,13.827331,13.846264,6147
2024-01-19 10:11:00,13.846264,13.849950,13.831625,13.837373,2120
2024-01-19 10:12:00,13.837373,13.855947,13.810724,13.813753,9658
2024-01-19 10:13:00,13.813753,13.828855,13.789867,13.808680,4464
2024-01-19 10:14:00,13.808680,13.810712,13.779892,13.789719,7454
2024-01-19 10:15:00,13.789719,13.812590,13.771029,13.803822,7755
2024-01-19 10:16:00,13.803822,13.864034,13.792923,13.844205,9444
2024-01-19 10:17:00,13.844205,13.863468,13.824640,13.846769,5999
2024-01-19 10:18:00,13.846769,13.849619,13.835178,13.846651,5026
2024-01-19 10:19:00,13.846651,13.865923,13.817032,13.836315,4464
2024-01-19 10:20:00,13.836315,13.872054,13.829416,13.856128,6631
2024-01-19 10:21:00,13.856128,13.893088,13.845536,13.873525,2493
2024-01-19 10:22:00,13.873525,13.909131,13.864548,13.894614,8132
2024-01-19 10:23:00,13.894614,13.920439,13.886709,13.905335,5715
2024-01-19 10:24:00,13.905335,13.922272,13.894464,13.897459,133
2024-01-19 10:25:00,13.897459,13.924765,13.882258,13.916690,6442
2024-01-19 10:26:00,13.916690,13.932368,13.897346,13.909551,414
2024-01-19 10:27:00,13.909551,13.916869,13.902522,13.907573,4523
2024-01-19 10:28:00,13.907573,13.946616,13.889091,13.930750,991
2024-01-19 10:29:00,13.930750,13.957977,13.923131,13.949862,8461
2024-01-19 10:30:00,13.949862,13.979723,13.932508,13.971998,5737
2024-01-19 10:31:00,13.971998,13.990736,13.961157,13.980077,7243
2024-01-19 10:32:00,13.980077,13.992729,13.976344,13.981304,9943
2024-01-19 10:33:00,13.981304,13.987800,13.976912,13.980253,1007
2024-01-19 10:34:00,13.980253,13.996425,13.974544,13.978640,5314
2024-01-19 10:35:00,13.978640,13.987604,13.967123,13.980639,528
2024-01-19 10:36:00,13.980639,13.990266,13.971716,13.985297,484
2024-01-19 10:37:00,13.985297,13.993829,13.962949,13.971658,2363
2024-01-19 10:38:00,13.971658,13.991575,13.958809,13.964524,6969
2024-01-19 10:39:00,13.964524,13.987825,13.960935,13.975520,734
2024-01-19 10:40:00,13.975520,14.007441,13.969044,13.990520,5490
2024-01-19 10:41:00,13.990520,14.002380,13.974027,13.985639,4269
2024-01-19 10:42:00,13.985639,14.001848,13.972605,13.979303,9081
2024-01-19 10:43:00,13.979303,14.000605,13.976350,13.982476,3693
2024-01-19 10:44:00,13.982476,13.991665,13.958336,13.974815,6629
2024-01-19 10:45:00,13.974815,13.979455,13.964257,13.976408,4462
2024-01-19 10:46:00,13.976408,13.989599,13.934512,13.949930,7894
2024-01-19 10:47:00,13.949930,13.970868,13.934233,13.957139,7835
2024-01-19 10:48:00,13.957139,13.973970,13.926305,13.940407,8876
2024-01-19 10:49:00,13.940407,13.959546,13.928704,13.937255,8529
2024-01-19 10:50:00,13.937255,13.941022,13.906953,13.910504,8705
2024-01-19 10:51:00,13.910504,13.924553,13.880088,13.895264,4834
2024-01-19 10:52:00,13.895264,13.911719,13.890114,13.907208,6632
2024-01-19 10:53:00,13.907208,13.925409,13.894001,13.900933,7968
2024-01-19 10:54:00,13.900933,13.944077,13.891456,13.924605,139
2024-01-19 10:55:00,13.924605,13.935303,13.913174,13.920342,8011
2024-01-19 10:56:00,13.920342,13.943647,13.908132,13.926969,389
2024-01-19 10:57:00,13.926969,13.943208,13.917656,13.929662,130
2024-01-19 10:58:00,13.929662,13.946424,13.916891,13.926616,4289
2024-01-19 10:59:00,13.926616,13.946210,13.889983,13.904645,2162
2024-01-19 11:00:00,13.904645,13.918798,13.841994,13.861819,9707
2024-01-19 11:01:00,13.861819,13.893256,13.851355,13.878195,6344
2024-01-19 11:02:00,13.878195,13.884558,13.837377,13.848162,7371
2024-01-19 11:03:00,13.848162,13.862251,13.833218,13.854731,977
2024-01-19 11:04:00,13.854731,13.867859,13.837784,13.860226,8355
2024-01-19 11:05:00,13.860226,13.878676,13.842845,13.876572,1074
2024-01-19 11:06:00,13.876572,13.885507,13.870896,13.880332,2148
2024-01-19 11:07:00,13.880332,13.884091,13.862905,13.880513,3412
2024-01-19 11:08:00,13.880513,13.890946,13.870068,13.877209,8127
2024-01-19 11:09:00,13.877209,13.884550,13.862272,13.865814,5695
2024-01-19 11:10:00,13.865814,13.891203,13.852303,13.872165,3505
2024-01-19 11:11:00,13.872165,13.907512,13.854434,13.888250,3961
2024-01-19 11:12:00,13.888250,13.900427,13.869061,13.888886,3555
2024-01-19 11:13:00,13.888886,13.915195,13.884156,13.902377,9421
2024-01-19 11:14:00,13.902377,13.920233,13.868486,13.882597,6586
2024-01-19 11:15:00,13.882597,13.888238,13.859307,13.879169,6711
2024-01-19 11:16:00,13.879169,13.893763,13.866173,13.872161,8116
2024-01-19 11:17:00,13.872161,13.878281,13.859964,13.863855,6618
2024-01-19 11:18:00,13.863855,13.885329,13.850747,13.881739,9346
2024-01-19 11:19:00,13.881739,13.899495,13.877765,13.886435,5084
2024-01-19 11:20:00,13.886435,13.921212,13.873132,13.907677,3275
2024-01-19 11:21:00,13.907677,13.922893,13.895695,13.913557,9565
2024-01-19 11:22:00,13.913557,13.933540,13.900567,13.916080,8190
2024-01-19 11:23:00,13.916080,13.929039,13.908055,13.923946,262
2024-01-19 11:24:00,13.923946,13.932217,13.891937,13.902623,8043
2024-01-19 11:25:00,13.902623,13.915605,13.894621,13.905495,2093
2024-01-19 11:26:00,13.905495,13.909276,13.883779,13.901058,9674
2024-01-19 11:27:00,13.901058,13.905140,13.883014,13.886915,5594
2024-01-19 11:28:00,13.886915,13.891398,13.882659,13.889175,4876
2024-01-19 11:29:00,13.889175,13.909043,13.865507,13.875862,3230
2024-01-19 11:30:00,13.875862,13.909771,13.870127,13.893068,9671
2024-01-19 13:01:00,13.893068,13.906714,13.867767,13.872109,2823
2024-01-19 13:02:00,13.872109,13.918963,13.860785,13.904796,5242
2024-01-19 13:03:00,13.904796,13.924254,13.879342,13.897814,5228
2024-01-19 13:04:00,13.897814,13.923413,13.881324,13.921357,2562
2024-01-19 13:05:00,13.921357,13.942437,13.913008,13.939304,8755
2024-01-19 13:06:00,13.939304,13.984072,13.934902,13.965016,1842
2024-01-19 13:07:00,13.965016,13.979918,13.949273,13.964242,7361
2024-01-19 13:08:00,13.964242,13.973572,13.954697,13.967279,970
2024-01-19 13:09:00,13.967279,14.000513,13.964771,13.988413,6248
2024-01-19 13:10:00,13.988413,14.012950,13.975910,13.999746,6771
2024-01-19 13:11:00,13.999746,14.015549,13.991462,14.002751,704
2024-01-19 13:12:00,14.002751,14.024220,13.998800,14.007911,3435
2024-01-19 13:13:00,14.007911,14.040670,13.999685,14.024339,3828
2024-01-19 13:14:00,14.024339,14.049879,14.020695,14.043980,7567
2024-01-19 13:15:00,14.043980,14.064680,14.035236,14.053466,6292
2024-01-19 13:16:00,14.053466,14.073460,14.037973,14.055824,1597
2024-01-19 13:17:00,14.055824,14.072947,14.041721,14.046090,8681
2024-01-19 13:18:00,14.046090,14.048404,14.002084,14.017852,8821
2024-01-19 13:19:00,14.017852,14.058499,14.003496,14.041612,2689
2024-01-19 13:20:00,14.041612,14.061289,14.025023,14.048134,8315
2024-01-19 13:21:00,14.048134,14.059584,14.017931,14.033724,9107
2024-01-19 13:22:00,14.033724,14.045918,14.009024,14.023997,3824
2024-01-19 13:23:00,14.023997,14.035003,13.997542,14.006600,3488
2024-01-19 13:24:00,14.006600,14.026778,14.004287,14.020384,6725
2024-01-19 13:25:00,14.020384,14.044725,14.002766,14.029203,8938
2024-01-19 13:26:00,14.029203,14.034485,14.007516,14.023827,3804
2024-01-19 13:27:00,14.023827,14.055942,14.005607,14.039951,3209
2024-01-19 13:28:00,14.039951,14.056504,14.031480,14.049870,8513
2024-01-19 13:29:00,14.049870,14.062370,14.034654,14.047282,7792
2024-01-19 13:30:00,14.047282,14.052834,14.040802,14.047526,7806
2024-01-19 13:31:00,14.047526,14.059140,14.036576,14.048846,5898
2024-01-19 13:32:00,14.048846,14.068962,14.033907,14.049853,5854
2024-01-19 13:33:00,14.049853,14.073185,14.042492,14.057387,5554
2024-01-19 13:34:00,14.057387,14.073299,14.045686,14.050858,878
2024-01-19 13:35:00,14.050858,14.086557,14.037008,14.073039,7744
2024-01-19 13:36:00,14.073039,14.086863,14.055397,14.078355,3807
2024-01-19 13:37:00,14.078355,14.115094,14.066998,14.109309,7406
2024-01-19 13:38:00,14.109309,14.111772,14.090737,14.109717,5714
2024-01-19 13:39:00,14.109717,14.122838,14.101811,14.105658,5900
2024-01-19 13:40:00,14.105658,14.112900,14.085425,14.094910,9410
2024-01-19 13:41:00,14.094910,14.109549,14.038996,14.057441,9898
2024-01-19 13:42:00,14.057441,14.068965,14.044577,14.063445,4769
2024-01-19 13:43:00,14.063445,14.120550,14.049680,14.101753,6166
2024-01-19 13:44:00,14.101753,14.121450,14.093830,14.102789,6322
2024-01-19 13:45:00,14.102789,14.112185,14.080643,14.090508,2038
2024-01-19 13:46:00,14.090508,14.101633,14.084926,14.094801,3225
2024-01-19 13:47:00,14.094801,14.132775,14.077273,14.113610,5325
2024-01-19 13:48:00,14.113610,14.128372,14.101670,14.124716,6574
2024-01-19 13:49:00,14.124716,14.142570,14.092030,14.104454,1481
2024-01-19 13:50:00,14.104454,14.119701,14.085040,14.093031,1196
2024-01-19 13:51:00,14.093031,14.109897,14.061809,14.073497,7316
2024-01-19 13:52:00,14.073497,14.113021,14.055909,14.094136,2238
2024-01-19 13:53:00,14.094136,14.111591,14.082167,14.107220,8146
2024-01-19 13:54:00,14.107220,14.136160,14.096999,14.117497,3058
2024-01-19 13:55:00,14.117497,14.122868,14.107079,14.113463,6134
2024-01-19 13:56:00,14.113463,14.122479,14.062955,14.082310,6225
2024-01-19 13:57:00,14.082310,14.123160,14.069613,14.106350,2479
2024-01-19 13:58:00,14.106350,14.127477,14.091745,14.117895,9798
2024-01-19 13:59:00,14.117895,14.154493,14.112937,14.134539,6716
2024-01-19 14:00:00,14.134539,14.136919,14.118301,14.120601,2413
2024-01-19 14:01:00,14.120601,14.134290,14.103609,14.115561,6974
2024-01-19 14:02:00,14.115561,14.153831,14.108000,14.137467,540
2024-01-19 14:03:00,14.137467,14.147713,14.114586,14.131070,6146
2024-01-19 14:04:00,14.131070,14.156534,14.113276,14.152054,3786
2024-01-19 14:05:00,14.152054,14.168206,14.126309,14.141578,2145
2024-01-19 14:06:00,14.141578,14.144523,14.136360,14.141891,5864
2024-01-19 14:07:00,14.141891,14.174395,14.123004,14.156655,7044
2024-01-19 14:08:00,14.156655,14.164389,14.143422,14.159742,3941
2024-01-19 14:09:00,14.159742,14.164712,14.151311,14.158642,7313
2024-01-19 14:10:00,14.158642,14.167617,14.126382,14.145523,8480
2024-01-19 14:11:00,14.145523,14.162157,14.140411,14.157352,4660
2024-01-19 14:12:00,14.157352,14.167946,14.148175,14.161964,3096
2024-01-19 14:13:00,14.161964,14.169434,14.143875,14.166454,5597
2024-01-19 14:14:00,14.166454,14.189269,14.161173,14.177872,8518
2024-01-19 14:15:00,14.177872,14.183253,14.174367,14.179846,4680
2024-01-19 14:16:00,14.179846,14.192584,14.122969,14.128879,6841
2024-01-19 14:17:00,14.128879,14.141646,14.078435,14.090286,9268
2024-01-19 14:18:00,14.090286,14.104252,14.075776,14.097669,3608
2024-01-19 14:19:00,14.097669,14.115585,14.092277,14.105362,6613
2024-01-19 14:20:00,14.105362,14.122015,14.088862,14.100270,9558
2024-01-19 14:21:00,14.100270,14.110174,14.094397,14.097097,5134
2024-01-19 14:22:00,14.097097,14.116027,14.091200,14.099274,2851
2024-01-19 14:23:00,14.099274,14.141715,14.080565,14.125440,122
2024-01-19 14:24:00,14.125440,14.129275,14.079660,14.092797,7035
2024-01-19 14:25:00,14.092797,14.108662,14.088614,14.093649,4859
2024-01-19 14:26:00,14.093649,14.103850,14.075541,14.087916,4329
2024-01-19 14:27:00,14.087916,14.103787,14.047139,14.064844,1823
2024-01-19 14:28:00,14.064844,14.070826,14.036630,14.049245,1628
2024-01-19 14:29:00,14.049245,14.069124,14.036115,14.044358,5394
2024-01-19 14:30:00,14.044358,14.077826,14.034820,14.064819,5812
2024-01-19 14:31:00,14.064819,14.102784,14.054418,14.083576,7374
2024-01-19 14:32:00,14.083576,14.135704,14.076711,14.121092,2531
2024-01-19 14:33:00,14.121092,14.163443,14.116698,14.150970,6962
2024-01-19 14:34:00,14.150970,14.167175,14.139413,14.148182,8428
2024-01-19 14:35:00,14.148182,14.168132,14.141129,14.164772,2558
2024-01-19 14:36:00,14.164772,14.175048,14.149423,14.167795,4766
2024-01-19 14:37:00,14.167795,14.180739,14.139273,14.157682,9261
2024-01-19 14:38:00,14.157682,14.164681,14.138100,14.152273,7326
2024-01-19 14:39:00,14.152273,14.190297,14.137819,14.180647,1265
2024-01-19 14:40:00,14.180647,14.191913,14.166056,14.170921,1111
2024-01-19 14:41:00,14.170921,14.205842,14.153282,14.202929,5858
2024-01-19 14:42:00,14.202929,14.219652,14.186523,14.205579,2421
2024-01-19 14:43:00,14.205579,14.220328,14.196668,14.207591,1141
2024-01-19 14:44:00,14.207591,14.210421,14.196946,14.202960,8418
2024-01-19 14:45:00,14.202960,14.212211,14.149168,14.165106,7283
2024-01-19 14:46:00,14.165106,14.177002,14.153180,14.159673,5615
2024-01-19 14:47:00,14.159673,14.170294,14.153317,14.159206,7315
2024-01-19 14:48:00,14.159206,14.177202,14.126564,14.138438,4689
2024-01-19 14:49:00,14.138438,14.160808,14.132640,14.157442,4366
2024-01-19 14:50:00,14.157442,14.181010,14.153655,14.162338,1559
2024-01-19 14:51:00,14.162338,14.172572,14.147266,14.154641,9202
2024-01-19 14:52:00,14.154641,14.169693,14.144300,14.158349,9234
2024-01-19 14:53:00,14.158349,14.172112,14.139409,14.150059,8088
2024-01-19 14:54:00,14.150059,14.157473,14.114481,14.128593,3992
2024-01-19 14:55:00,14.128593,14.139518,14.117819,14.128678,9319
2024-01-19 14:56:00,14.128678,14.139686,14.114659,14.123212,6416
2024-01-19 14:57:00,14.123212,14.129937,14.103511,14.109863,1026
2024-01-19 14:58:00,14.109863,14.129395,14.060411,14.076431,1388
2024-01-19 14:59:00,14.076431,14.118521,14.065909,14.114427,1150
2024-01-19 15:00:00,14.114427,14.129606,14.091567,14.105100,1875
2024-01-22 09:31:00,13.800209,13.810830,13.754452,13.760042,2594
2024-01-22 09:32:00,13.760042,13.773645,13.753716,13.761033,4157
2024-01-22 09:33:00,13.761033,13.772993,13.733326,13.751313,6592
2024-01-22 09:34:00,13.751313,13.783310,13.741171,13.778928,6751
2024-01-22 09:35:00,13.778928,13.795570,13.771110,13.781903,3219
2024-01-22 09:36:00,13.781903,13.792133,13.775555,13.780983,6615
2024-01-22 09:37:00,13.780983,13.797571,13.768235,13.775507,1821
2024-01-22 09:38:00,13.775507,13.792108,13.771193,13.775403,9542
2024-01-22 09:39:00,13.775403,13.785567,13.748963,13.757425,1759
2024-01-22 09:40:00,13.757425,13.773250,13.745067,13.751929,8689
2024-01-22 09:41:00,13.751929,13.758622,13.736730,13.754409,1942
2024-01-22 09:42:00,13.754409,13.775715,13.750002,13.760710,9005
2024-01-22 09:43:00,13.760710,13.791830,13.756500,13.784147,5201
2024-01-22 09:44:00,13.784147,13.809028,13.771378,13.793780,9202
2024-01-22 09:45:00,13.793780,13.796970,13.771677,13.790253,5787
2024-01-22 09:46:00,13.790253,13.827288,13.776285,13.808446,2406
2024-01-22 09:47:00,13.808446,13.828079,13.794917,13.802710,2739
2024-01-22 09:48:00,13.802710,13.814138,13.778506,13.797610,5018
2024-01-22 09:49:00,13.797610,13.811771,13.793084,13.803011,2987
2024-01-22 09:50:00,13.803011,13.813266,13.783211,13.789992,7298
2024-01-22 09:51:00,13.789992,13.815273,13.774607,13.807604,6885
2024-01-22 09:52:00,13.807604,13.819214,13.792843,13.796765,5132
2024-01-22 09:53:00,13.796765,13.799846,13.780564,13.796742,2377
2024-01-22 09:54:00,13.796742,13.812457,13.774965,13.789905,4326
2024-01-22 09:55:00,13.789905,13.813282,13.773958,13.809593,3675
2024-01-22 09:56:00,13.809593,13.826815,13.799402,13.812602,1463
2024-01-22 09:57:00,13.812602,13.820226,13.809354,13.811455,711
2024-01-22 09:58:00,13.811455,13.856225,13.802171,13.843511,7962
2024-01-22 09:59:00,13.843511,13.878162,13.840047,13.860874,1400
2024-01-22 10:00:00,13.860874,13.874410,13.842687,13.850849,6811
2024-01-22 10:01:00,13.850849,13.865783,13.848177,13.857390,5409
2024-01-22 10:02:00,13.857390,13.862746,13.831654,13.839409,9563
2024-01-22 10:03:00,13.839409,13.847694,13.818166,13.832551,5395
2024-01-22 10:04:00,13.832551,13.850603,13.799028,13.812643,8383
2024-01-22 10:05:00,13.812643,13.824036,13.789353,13.801520,3233
2024-01-22 10:06:00,13.801520,13.809505,13.768719,13.783277,1935
2024-01-22 10:07:00,13.783277,13.801645,13.774841,13.781843,6791
2024-01-22 10:08:00,13.781843,13.805883,13.767173,13.796911,7017
2024-01-22 10:09:00,13.796911,13.813804,13.785631,13.788987,4544
2024-01-22 10:10:00,13.788987,13.801696,13.784171,13.794786,3200
2024-01-22 10:11:00,13.794786,13.800448,13.781409,13.790053,771
2024-01-22 10:12:00,13.790053,13.818652,13.783090,13.803487,6455
2024-01-22 10:13:00,13.803487,13.807553,13.797403,13.802686,3697
2024-01-22 10:14:00,13.802686,13.837558,13.786583,13.825016,2642
2024-01-22 10:15:00,13.825016,13.831633,13.792927,13.804672,3189
2024-01-22 10:16:00,13.804672,13.828301,13.794429,13.817070,2108
2024-01-22 10:17:00,13.817070,13.819969,13.793061,13.811757,3911
2024-01-22 10:18:00,13.811757,13.825072,13.798859,13.811315,3525
2024-01-22 10:19:00,13.811315,13.821494,13.794757,13.800431,1804
2024-01-22 10:20:00,13.800431,13.812430,13.778810,13.784625,3419
2024-01-22 10:21:00,13.784625,13.805234,13.773722,13.787326,4354
2024-01-22 10:22:00,13.787326,13.813965,13.769804,13.806527,5238
2024-01-22 10:23:00,13.806527,13.833920,13.800427,13.817859,8146
2024-01-22 10:24:00,13.817859,13.824816,13.791934,13.810014,1216
2024-01-22 10:25:00,13.810014,13.816315,13.790544,13.808281,9003
2024-01-22 10:26:00,13.808281,13.815168,13.790529,13.792791,9179
2024-01-22 10:27:00,13.792791,13.795809,13.766052,13.782943,9892
2024-01-22 10:28:00,13.782943,13.796314,13.773606,13.780837,5111
2024-01-22 10:29:00,13.780837,13.802883,13.768105,13.789417,2517
2024-01-22 10:30:00,13.789417,13.802877,13.770472,13.785243,2618
2024-01-22 10:31:00,13.785243,13.799888,13.752563,13.772391,8153
2024-01-22 10:32:00,13.772391,13.791365,13.755269,13.778771,1203
2024-01-22 10:33:00,13.778771,13.803218,13.769371,13.785814,8289
2024-01-22 10:34:00,13.785814,13.801143,13.756268,13.774460,6413
2024-01-22 10:35:00,13.774460,13.791767,13.748337,13.760977,9948
2024-01-22 10:36:00,13.760977,13.780670,13.742225,13.777214,6294
2024-01-22 10:37:00,13.777214,13.783504,13.767208,13.772694,4378
2024-01-22 10:38:00,13.772694,13.786031,13.753463,13.773441,5727
2024-01-22 10:39:00,13.773441,13.791186,13.762236,13.767744,8093
2024-01-22 10:40:00,13.767744,13.786277,13.743819,13.757350,6104
2024-01-22 10:41:00,13.757350,13.782207,13.748335,13.764251,1202
2024-01-22 10:42:00,13.764251,13.770338,13.747743,13.762999,512
2024-01-22 10:43:00,13.762999,13.776190,13.743204,13.771011,1701
2024-01-22 10:44:00,13.771011,13.784213,13.733270,13.749778,2598
2024-01-22 10:45:00,13.749778,13.763432,13.720349,13.722419,5870
2024-01-22 10:46:00,13.722419,13.742000,13.701977,13.720406,3349
2024-01-22 10:47:00,13.720406,13.747653,13.701816,13.740296,421
2024-01-22 10:48:00,13.740296,13.746693,13.719038,13.737859,9803
2024-01-22 10:49:00,13.737859,13.750689,13.722877,13.733570,4898
2024-01-22 10:50:00,13.733570,13.752071,13.716468,13.724105,5190
2024-01-22 10:51:00,13.724105,13.736137,13.707905,13.718266,5637
2024-01-22 10:52:00,13.718266,13.744074,13.713515,13.733282,1095
2024-01-22 10:53:00,13.733282,13.745956,13.709231,13.725708,1293
2024-01-22 10:54:00,13.725708,13.744031,13.712279,13.733238,6502
2024-01-22 10:55:00,13.733238,13.737298,13.713395,13.720910,1317
2024-01-22 10:56:00,13.720910,13.724955,13.705685,13.710606,6126
2024-01-22 10:57:00,13.710606,13.723129,13.707040,13.716428,3130
2024-01-22 10:58:00,13.716428,13.735003,13.697859,13.707911,268
2024-01-22 10:59:00,13.707911,13.724541,13.705134,13.707858,3710
2024-01-22 11:00:00,13.707858,13.712115,13.683311,13.698094,923
2024-01-22 11:01:00,13.698094,13.702942,13.666358,13.686223,9610
2024-01-22 11:02:00,13.686223,13.692882,13.667260,13.677274,2780
2024-01-22 11:03:00,13.677274,13.695120,13.654670,13.658641,8076
2024-01-22 11:04:00,13.658641,13.675916,13.636974,13.645317,4614
2024-01-22 11:05:00,13.645317,13.656935,13.627558,13.630751,1348
2024-01-22 11:06:00,13.630751,13.643040,13.612686,13.622403,8149
2024-01-22 11:07:00,13.622403,13.628612,13.610997,13.613565,2595
2024-01-22 11:08:00,13.613565,13.633489,13.581660,13.597114,815
2024-01-22 11:09:00,13.597114,13.616753,13.564046,13.582430,4930
2024-01-22 11:10:00,13.582430,13.613797,13.578206,13.601867,7405
2024-01-22 11:11:00,13.601867,13.617264,13.585013,13.599021,1417
2024-01-22 11:12:00,13.599021,13.610071,13.590865,13.599803,9425
2024-01-22 11:13:00,13.599803,13.608869,13.588272,13.604777,2562
2024-01-22 11:14:00,13.604777,13.613553,13.564163,13.582632,9881
2024-01-22 11:15:00,13.582632,13.598415,13.562834,13.578756,7691
2024-01-22 11:16:00,13.578756,13.630050,13.567900,13.623473,9524
2024-01-22 11:17:00,13.623473,13.630220,13.589422,13.600989,2045
2024-01-22 11:18:00,13.600989,13.616297,13.574931,13.580021,2445
2024-01-22 11:19:00,13.580021,13.586304,13.564123,13.571274,6183
2024-01-22 11:20:00,13.571274,13.595904,13.553544,13.586587,6546
2024-01-22 11:21:00,13.586587,13.603121,13.574435,13.583969,6455
2024-01-22 11:22:00,13.583969,13.602384,13.581323,13.591797,753
2024-01-22 11:23:00,13.591797,13.616761,13.582809,13.608803,824
2024-01-22 11:24:00,13.608803,13.617556,13.578015,13.583275,3983
2024-01-22 11:25:00,13.583275,13.631289,13.574259,13.613629,7709
2024-01-22 11:26:00,13.613629,13.634233,13.607781,13.615196,5964
2024-01-22 11:27:00,13.615196,13.634871,13.550026,13.567171,395
2024-01-22 11:28:00,13.567171,13.591902,13.549311,13.573313,1794
2024-01-22 11:29:00,13.573313,13.590822,13.569275,13.572948,3326
2024-01-22 11:30:00,13.572948,13.605354,13.553793,13.590415,5890
2024-01-22 13:01:00,13.590415,13.593129,13.574939,13.589013,1255
2024-01-22 13:02:00,13.589013,13.606195,13.545675,13.565499,8410
2024-01-22 13:03:00,13.565499,13.585286,13.549646,13.562502,6635
2024-01-22 13:04:00,13.562502,13.570761,13.534792,13.554709,1117
2024-01-22 13:05:00,13.554709,13.578562,13.540312,13.559416,4977
2024-01-22 13:06:00,13.559416,13.579757,13.551733,13.561778,9828
2024-01-22 13:07:00,13.561778,13.570501,13.532029,13.537341,4620
2024-01-22 13:08:00,13.537341,13.571134,13.517473,13.555309,6468
2024-01-22 13:09:00,13.555309,13.572866,13.545040,13.559418,2660
2024-01-22 13:10:00,13.559418,13.580606,13.551764,13.570353,100
2024-01-22 13:11:00,13.570353,13.579938,13.545412,13.558319,1824
2024-01-22 13:12:00,13.558319,13.576327,13.533653,13.539983,8726
2024-01-22 13:13:00,13.539983,13.554960,13.529244,13.547205,8978
2024-01-22 13:14:00,13.547205,13.562867,13.530356,13.532606,4162
2024-01-22 13:15:00,13.532606,13.544910,13.500426,13.520337,6706
2024-01-22 13:16:00,13.520337,13.529615,13.487067,13.494543,7627
2024-01-22 13:17:00,13.494543,13.527849,13.482213,13.522841,7040
2024-01-22 13:18:00,13.522841,13.562881,13.519937,13.552544,8947
2024-01-22 13:19:00,13.552544,13.570418,13.535677,13.538177,2828
2024-01-22 13:20:00,13.538177,13.546055,13.528477,13.542721,9374
2024-01-22 13:21:00,13.542721,13.559896,13.520257,13.536724,6454
2024-01-22 13:22:00,13.536724,13.543361,13.525488,13.539978,3236
2024-01-22 13:23:00,13.539978,13.559854,13.517087,13.519506,760
2024-01-22 13:24:00,13.519506,13.554363,13.499968,13.534704,6912
2024-01-22 13:25:00,13.534704,13.551213,13.519702,13.538074,6206
2024-01-22 13:26:00,13.538074,13.557397,13.523453,13.539136,7849
2024-01-22 13:27:00,13.539136,13.560897,13.520901,13.546072,8725
2024-01-22 13:28:00,13.546072,13.564030,13.513422,13.529759,8903
2024-01-22 13:29:00,13.529759,13.541436,13.514311,13.535316,2034
2024-01-22 13:30:00,13.535316,13.550843,13.508826,13.522059,9685
2024-01-22 13:31:00,13.522059,13.529246,13.501340,13.519943,4013
2024-01-22 13:32:00,13.519943,13.525466,13.509717,13.518129,3962
2024-01-22 13:33:00,13.518129,13.542714,13.503033,13.530177,6220
2024-01-22 13:34:00,13.530177,13.574077,13.510744,13.557081,6741
2024-01-22 13:35:00,13.557081,13.561597,13.546718,13.549285,6474
2024-01-22 13:36:00,13.549285,13.560106,13.529183,13.547917,4089
2024-01-22 13:37:00,13.547917,13.568147,13.540347,13.562700,3675
2024-01-22 13:38:00,13.562700,13.602369,13.554280,13.587098,8827
2024-01-22 13:39:00,13.587098,13.609918,13.568503,13.591302,2405
2024-01-22 13:40:00,13.591302,13.621801,13.580197,13.603327,397
2024-01-22 13:41:00,13.603327,13.627058,13.587017,13.624360,7752
2024-01-22 13:42:00,13.624360,13.638329,13.607735,13.621800,911
2024-01-22 13:43:00,13.621800,13.636626,13.595041,13.601051,4404
2024-01-22 13:44:00,13.601051,13.611484,13.583616,13.599304,7955
2024-01-22 13:45:00,13.599304,13.602096,13.566881,13.583352,2285
2024-01-22 13:46:00,13.583352,13.606674,13.577565,13.589943,4146
2024-01-22 13:47:00,13.589943,13.616305,13.583502,13.597710,5793
2024-01-22 13:48:00,13.597710,13.609028,13.581852,13.587729,2780
2024-01-22 13:49:00,13.587729,13.594081,13.568314,13.581426,3040
2024-01-22 13:50:00,13.581426,13.611223,13.577052,13.602945,8179
2024-01-22 13:51:00,13.602945,13.614927,13.591207,13.595859,7965
2024-01-22 13:52:00,13.595859,13.610673,13.545176,13.558220,1422
2024-01-22 13:53:00,13.558220,13.590524,13.542678,13.577634,7042
2024-01-22 13:54:00,13.577634,13.592842,13.561173,13.568868,7912
2024-01-22 13:55:00,13.568868,13.586387,13.540678,13.549527,296
2024-01-22 13:56:00,13.549527,13.563442,13.521759,13.531771,1106
2024-01-22 13:57:00,13.531771,13.550351,13.504239,13.524213,3407
2024-01-22 13:58:00,13.524213,13.539946,13.515354,13.533237,8719
2024-01-22 13:59:00,13.533237,13.567960,13.515600,13.548773,447
2024-01-22 14:00:00,13.548773,13.579996,13.541108,13.561081,4498
2024-01-22 14:01:00,13.561081,13.582934,13.558226,13.566447,918
2024-01-22 14:02:00,13.566447,13.577807,13.556042,13.561673,2807
2024-01-22 14:03:00,13.561673,13.601275,13.549003,13.589081,6939
2024-01-22 14:04:00,13.589081,13.601835,13.559836,13.574200,6385
2024-01-22 14:05:00,13.574200,13.584815,13.558466,13.568339,5016
2024-01-22 14:06:00,13.568339,13.577389,13.538663,13.553488,730
2024-01-22 14:07:00,13.553488,13.557048,13.524116,13.541371,207
2024-01-22 14:08:00,13.541371,13.554193,13.514057,13.516884,4832
2024-01-22 14:09:00,13.516884,13.526600,13.506964,13.514335,6647
2024-01-22 14:10:00,13.514335,13.518162,13.508031,13.514975,5391
2024-01-22 14:11:00,13.514975,13.534910,13.490884,13.498770,1710
2024-01-22 14:12:00,13.498770,13.509004,13.484567,13.504699,6206
2024-01-22 14:13:00,13.504699,13.511067,13.484809,13.500633,8084
2024-01-22 14:14:00,13.500633,13.525236,13.494484,13.508720,3135
2024-01-22 14:15:00,13.508720,13.532775,13.493558,13.523325,3763
2024-01-22 14:16:00,13.523325,13.554348,13.516368,13.538792,2508
2024-01-22 14:17:00,13.538792,13.559949,13.528935,13.543560,4458
2024-01-22 14:18:00,13.543560,13.554100,13.523924,13.545489,1871
2024-01-22 14:19:00,13.545489,13.573348,13.533855,13.562148,942
2024-01-22 14:20:00,13.562148,13.570270,13.542168,13.560269,378
2024-01-22 14:21:00,13.560269,13.564627,13.529681,13.540743,9682
2024-01-22 14:22:00,13.540743,13.552133,13.520977,13.534385,3423
2024-01-22 14:23:00,13.534385,13.545792,13.496417,13.507933,5418
2024-01-22 14:24:00,13.507933,13.510961,13.479375,13.496379,2768
2024-01-22 14:25:00,13.496379,13.505879,13.487519,13.492994,1012
2024-01-22 14:26:00,13.492994,13.498631,13.476270,13.488992,9176
2024-01-22 14:27:00,13.488992,13.508079,13.446067,13.456813,648
2024-01-22 14:28:00,13.456813,13.460084,13.439184,13.452229,7076
2024-01-22 14:29:00,13.452229,13.459280,13.432683,13.448855,8058
2024-01-22 14:30:00,13.448855,13.461757,13.430083,13.447671,4042
2024-01-22 14:31:00,13.447671,13.468070,13.429998,13.462435,4306
2024-01-22 14:32:00,13.462435,13.493014,13.457977,13.475468,6819
2024-01-22 14:33:00,13.475468,13.488672,13.448824,13.466164,5293
2024-01-22 14:34:00,13.466164,13.481865,13.460794,13.465145,4658
2024-01-22 14:35:00,13.465145,13.489325,13.451814,13.469394,5181
2024-01-22 14:36:00,13.469394,13.522375,13.455973,13.509093,7557
2024-01-22 14:37:00,13.509093,13.519787,13.505244,13.512739,7705
2024-01-22 14:38:00,13.512739,13.537318,13.506626,13.533658,7730
2024-01-22 14:39:00,13.533658,13.548705,13.519203,13.542989,9657
2024-01-22 14:40:00,13.542989,13.558701,13.538660,13.552193,6869
2024-01-22 14:41:00,13.552193,13.572187,13.546899,13.569876,4156
2024-01-22 14:42:00,13.569876,13.589251,13.540947,13.555715,6957
2024-01-22 14:43:00,13.555715,13.590109,13.545753,13.576959,2647
2024-01-22 14:44:00,13.576959,13.607996,13.562583,13.589019,6943
2024-01-22 14:45:00,13.589019,13.617186,13.573590,13.597823,840
2024-01-22 14:46:00,13.597823,13.601922,13.581405,13.585358,722
2024-01-22 14:47:00,13.585358,13.622487,13.575344,13.611693,3419
2024-01-22 14:48:00,13.611693,13.643902,13.602552,13.632541,7007
2024-01-22 14:49:00,13.632541,13.668343,13.615866,13.662727,9362
2024-01-22 14:50:00,13.662727,13.676488,13.654482,13.666580,633
2024-01-22 14:51:00,13.666580,13.687648,13.653151,13.669023,7439
2024-01-22 14:52:00,13.669023,13.738013,13.655271,13.720393,5710
2024-01-22 14:53:00,13.720393,13.729405,13.678413,13.682658,8923
2024-01-22 14:54:00,13.682658,13.711808,13.671041,13.694610,5213
2024-01-22 14:55:00,13.694610,13.712468,13.641522,13.656449,1206
2024-01-22 14:56:00,13.656449,13.688084,13.640654,13.678253,8022
2024-01-22 14:57:00,13.678253,13.691102,13.665337,13.687091,2516
2024-01-22 14:58:00,13.687091,13.698638,13.672749,13.694202,8054
2024-01-22 14:59:00,13.694202,13.713510,13.687959,13.706216,2642
2024-01-22 15:00:00,13.706216,13.720279,13.698124,13.713752,4754
2024-01-23 09:31:00,13.808215,13.838236,13.790384,13.827875,2458
2024-01-23 09:32:00,13.827875,13.853550,13.813861,13.840437,8355
2024-01-23 09:33:00,13.840437,13.844031,13.816675,13.830855,8328
2024-01-23 09:34:00,13.830855,13.857123,13.828832,13.841951,5391
2024-01-23 09:35:00,13.841951,13.868673,13.829117,13.854834,3994
2024-01-23 09:36:00,13.854834,13.873976,13.846350,13.865513,6868
2024-01-23 09:37:00,13.865513,13.882975,13.847634,13.864930,6387
2024-01-23 09:38:00,13.864930,13.877379,13.845959,13.861085,2139
2024-01-23 09:39:00,13.861085,13.865094,13.835263,13.839901,5922
2024-01-23 09:40:00,13.839901,13.848659,13.812450,13.816321,8383
2024-01-23 09:41:00,13.816321,13.819663,13.807189,13.812448,2873
2024-01-23 09:42:00,13.812448,13.819600,13.786388,13.804788,444
2024-01-23 09:43:00,13.804788,13.821544,13.790139,13.803657,7211
2024-01-23 09:44:00,13.803657,13.821481,13.793194,13.816936,2485
2024-01-23 09:45:00,13.816936,13.843161,13.805185,13.827928,7581
2024-01-23 09:46:00,13.827928,13.832839,13.800172,13.808222,9101
2024-01-23 09:47:00,13.808222,13.816946,13.768971,13.787525,2930
2024-01-23 09:48:00,13.787525,13.789699,13.780131,13.786495,3530
2024-01-23 09:49:00,13.786495,13.789648,13.773171,13.782852,8080
2024-01-23 09:50:00,13.782852,13.806508,13.780095,13.789411,7973
2024-01-23 09:51:00,13.789411,13.812438,13.786305,13.803159,4856
2024-01-23 09:52:00,13.803159,13.807721,13.798449,13.802667,3488
2024-01-23 09:53:00,13.802667,13.829382,13.795753,13.814780,8434
2024-01-23 09:54:00,13.814780,13.821649,13.801557,13.817616,6014
2024-01-23 09:55:00,13.817616,13.869587,13.807119,13.862941,5658
2024-01-23 09:56:00,13.862941,13.882112,13.843463,13.879380,6449
2024-01-23 09:57:00,13.879380,13.905015,13.864213,13.892534,3234
2024-01-23 09:58:00,13.892534,13.912029,13.879807,13.890023,3893
2024-01-23 09:59:00,13.890023,13.905407,13.831891,13.837920,3762
2024-01-23 10:00:00,13.837920,13.854030,13.810836,13.818635,4036
2024-01-23 10:01:00,13.818635,13.836477,13.780944,13.787263,3095
2024-01-23 10:02:00,13.787263,13.799630,13.771192,13.796467,7513
2024-01-23 10:03:00,13.796467,13.828652,13.777982,13.812910,707
2024-01-23 10:04:00,13.812910,13.826286,13.797183,13.800755,9294
2024-01-23 10:05:00,13.800755,13.814275,13.796768,13.805024,5048
2024-01-23 10:06:00,13.805024,13.823777,13.776723,13.785655,6683
2024-01-23 10:07:00,13.785655,13.811621,13.773825,13.795504,1154
2024-01-23 10:08:00,13.795504,13.815058,13.778175,13.796887,4989
2024-01-23 10:09:00,13.796887,13.821613,13.789271,13.806976,7006
2024-01-23 10:10:00,13.806976,13.822841,13.796183,13.800806,6724
2024-01-23 10:11:00,13.800806,13.804745,13.764844,13.776402,6132
2024-01-23 10:12:00,13.776402,13.798239,13.765809,13.782580,6391
2024-01-23 10:13:00,13.782580,13.798912,13.757876,13.772062,7542
2024-01-23 10:14:00,13.772062,13.811054,13.763887,13.795174,5874
2024-01-23 10:15:00,13.795174,13.806453,13.775366,13.802615,8734
2024-01-23 10:16:00,13.802615,13.831812,13.787371,13.820402,3753
2024-01-23 10:17:00,13.820402,13.839155,13.804301,13.812925,9726
2024-01-23 10:18:00,13.812925,13.828387,13.801110,13.825044,3222
2024-01-23 10:19:00,13.825044,13.839050,13.812596,13.822447,7859
2024-01-23 10:20:00,13.822447,13.842876,13.810946,13.832275,6356
2024-01-23 10:21:00,13.832275,13.875648,13.823813,13.860160,5316
2024-01-23 10:22:00,13.860160,13.877069,13.858097,13.863396,1018
2024-01-23 10:23:00,13.863396,13.875979,13.852545,13.864559,991
2024-01-23 10:24:00,13.864559,13.874306,13.827055,13.835025,4831
2024-01-23 10:25:00,13.835025,13.864894,13.820302,13.846526,2482
2024-01-23 10:26:00,13.846526,13.851246,13.843587,13.848437,6853
2024-01-23 10:27:00,13.848437,13.887713,13.841628,13.871179,7883
2024-01-23 10:28:00,13.871179,13.888723,13.854115,13.862401,4697
2024-01-23 10:29:00,13.862401,13.872488,13.831469,13.847592,6150
2024-01-23 10:30:00,13.847592,13.879456,13.838234,13.866730,9748
2024-01-23 10:31:00,13.866730,13.886628,13.830859,13.846648,3719
2024-01-23 10:32:00,13.846648,13.863317,13.820326,13.833539,8201
2024-01-23 10:33:00,13.833539,13.847089,13.803078,13.822713,4645
2024-01-23 10:34:00,13.822713,13.844957,13.810691,13.825667,4238
2024-01-23 10:35:00,13.825667,13.841327,13.820533,13.829198,149
2024-01-23 10:36:00,13.829198,13.841191,13.810699,13.818013,8920
2024-01-23 10:37:00,13.818013,13.823496,13.791608,13.805858,3528
2024-01-23 10:38:00,13.805858,13.834953,13.794379,13.830453,3552
2024-01-23 10:39:00,13.830453,13.841278,13.807634,13.822211,8674
2024-01-23 10:40:00,13.822211,13.839536,13.803772,13.816866,9054
2024-01-23 10:41:00,13.816866,13.843822,13.799843,13.840334,8124
2024-01-23 10:42:00,13.840334,13.877385,13.830583,13.867464,6953
2024-01-23 10:43:00,13.867464,13.873664,13.835499,13.849175,7682
2024-01-23 10:44:00,13.849175,13.868006,13.831193,13.853389,5101
2024-01-23 10:45:00,13.853389,13.869855,13.833798,13.860609,2831
2024-01-23 10:46:00,13.860609,13.877988,13.834356,13.852983,6167
2024-01-23 10:47:00,13.852983,13.888681,13.846343,13.877173,5609
2024-01-23 10:48:00,13.877173,13.895153,13.859110,13.887565,262
2024-01-23 10:49:00,13.887565,13.928938,13.882536,13.920167,4573
2024-01-23 10:50:00,13.920167,13.961758,13.903041,13.943408,9462
2024-01-23 10:51:00,13.943408,13.958849,13.921881,13.929523,1127
2024-01-23 10:52:00,13.929523,13.964027,13.915557,13.945686,5755
2024-01-23 10:53:00,13.945686,13.968210,13.936426,13.961994,1813
2024-01-23 10:54:00,13.961994,14.000019,13.951531,13.992081,9533
2024-01-23 10:55:00,13.992081,14.063436,13.973041,14.050698,585
2024-01-23 10:56:00,14.050698,14.145059,14.047970,14.126612,2638
2024-01-23 10:57:00,14.126612,14.156393,14.116298,14.144396,7029
2024-01-23 10:58:00,14.144396,14.214422,14.140055,14.205790,6983
2024-01-23 10:59:00,14.205790,14.253934,14.196497,14.239808,3684
2024-01-23 11:00:00,14.239808,14.311240,14.221409,14.293768,264
2024-01-23 11:01:00,14.293768,14.377640,14.289386,14.372199,3389
2024-01-23 11:02:00,14.372199,14.464149,14.369166,14.454549,5968
2024-01-23 11:03:00,14.454549,14.556587,14.449841,14.537618,4678
2024-01-23 11:04:00,14.537618,14.589631,14.533575,14.584867,6387
2024-01-23 11:05:00,14.584867,14.649989,14.581449,14.630529,5831
2024-01-23 11:06:00,14.630529,14.679848,14.620584,14.669740,2364
2024-01-23 11:07:00,14.669740,14.759643,14.656520,14.748671,1034
2024-01-23 11:08:00,14.748671,14.821197,14.739780,14.812710,6120
2024-01-23 11:09:00,14.812710,14.865816,14.810446,14.863462,2135
2024-01-23 11:10:00,14.863462,14.907411,14.854379,14.898379,9626
2024-01-23 11:11:00,14.898379,14.956972,14.885890,14.939308,3403
2024-01-23 11:12:00,14.939308,14.962072,14.924081,14.958497,9845
2024-01-23 11:13:00,14.958497,14.963724,14.948604,14.960591,7755
2024-01-23 11:14:00,14.960591,14.985835,14.941355,14.971650,2845
2024-01-23 11:15:00,14.971650,14.975162,14.948036,14.966821,3599
2024-01-23 11:16:00,14.966821,14.974256,14.928377,14.939655,749
2024-01-23 11:17:00,14.939655,14.952118,14.915002,14.922002,8594
2024-01-23 11:18:00,14.922002,14.941233,14.883499,14.900262,6684
2024-01-23 11:19:00,14.900262,14.917645,14.807947,14.822761,2422
2024-01-23 11:20:00,14.822761,14.834355,14.765578,14.776471,8941
2024-01-23 11:21:00,14.776471,14.787936,14.701284,14.710571,7006
2024-01-23 11:22:00,14.710571,14.716022,14.614421,14.625608,6581
2024-01-23 11:23:00,14.625608,14.633506,14.574427,14.581829,4289
2024-01-23 11:24:00,14.581829,14.601420,14.481467,14.488497,1062
2024-01-23 11:25:00,14.488497,14.501980,14.439614,14.450138,108
2024-01-23 11:26:00,14.450138,14.469425,14.380902,14.395514,8454
2024-01-23 11:27:00,14.395514,14.405765,14.302939,14.318551,6944
2024-01-23 11:28:00,14.318551,14.332759,14.243692,14.248794,4669
2024-01-23 11:29:00,14.248794,14.264477,14.169234,14.178525,3988
2024-01-23 11:30:00,14.178525,14.180828,14.138992,14.147072,5419
2024-01-23 13:01:00,14.147072,14.166037,14.074539,14.081205,2156
2024-01-23 13:02:00,14.081205,14.084344,14.038852,14.053425,8220
2024-01-23 13:03:00,14.053425,14.056048,13.995524,14.010078,4431
2024-01-23 13:04:00,14.010078,14.025511,13.973168,13.990841,9936
2024-01-23 13:05:00,13.990841,13.997206,13.964468,13.974370,592
2024-01-23 13:06:00,13.974370,13.986906,13.929184,13.933290,8790
2024-01-23 13:07:00,13.933290,13.949297,13.916409,13.932932,9265
2024-01-23 13:08:00,13.932932,13.940801,13.885310,13.900094,2908
2024-01-23 13:09:00,13.900094,13.916890,13.878321,13.891933,9642
2024-01-23 13:10:00,13.891933,13.905847,13.849317,13.864909,1594
2024-01-23 13:11:00,13.864909,13.875012,13.823986,13.831150,2561
2024-01-23 13:12:00,13.831150,13.848272,13.795731,13.813475,4732
2024-01-23 13:13:00,13.813475,13.842852,13.800252,13.831369,6320
2024-01-23 13:14:00,13.831369,13.836737,13.819833,13.822648,6481
2024-01-23 13:15:00,13.822648,13.835576,13.796888,13.810141,187
2024-01-23 13:16:00,13.810141,13.824667,13.788001,13.800986,5134
2024-01-23 13:17:00,13.800986,13.824862,13.788147,13.810988,3271
2024-01-23 13:18:00,13.810988,13.827721,13.771529,13.777306,4257
2024-01-23 13:19:00,13.777306,13.806947,13.761613,13.794318,1646
2024-01-23 13:20:00,13.794318,13.804542,13.783788,13.790211,1380
2024-01-23 13:21:00,13.790211,13.820942,13.778105,13.814976,8544
2024-01-23 13:22:00,13.814976,13.848421,13.795530,13.829698,9564
2024-01-23 13:23:00,13.829698,13.853503,13.826175,13.836869,703
2024-01-23 13:24:00,13.836869,13.840751,13.784040,13.794445,3141
2024-01-23 13:25:00,13.794445,13.813323,13.754358,13.763535,9412
2024-01-23 13:26:00,13.763535,13.774077,13.740344,13.752784,9991
2024-01-23 13:27:00,13.752784,13.797333,13.738037,13.792712,7522
2024-01-23 13:28:00,13.792712,13.819007,13.773072,13.804093,2587
2024-01-23 13:29:00,13.804093,13.822581,13.768760,13.783630,2637
2024-01-23 13:30:00,13.783630,13.800382,13.748792,13.765497,9408
2024-01-23 13:31:00,13.765497,13.782278,13.746480,13.760888,5138
2024-01-23 13:32:00,13.760888,13.763262,13.740307,13.757390,2295
2024-01-23 13:33:00,13.757390,13.769807,13.744693,13.764614,6984
2024-01-23 13:34:00,13.764614,13.767843,13.739116,13.754084,5316
2024-01-23 13:35:00,13.754084,13.758168,13.712181,13.730967,6911
2024-01-23 13:36:00,13.730967,13.760417,13.728272,13.752098,5214
2024-01-23 13:37:00,13.752098,13.769883,13.725407,13.741748,5612
2024-01-23 13:38:00,13.741748,13.744759,13.713350,13.726884,9144
2024-01-23 13:39:00,13.726884,13.729616,13.707972,13.714674,196
2024-01-23 13:40:00,13.714674,13.721889,13.702214,13.710914,7949
2024-01-23 13:41:00,13.710914,13.719458,13.702598,13.711748,6317
2024-01-23 13:42:00,13.711748,13.717314,13.692476,13.704728,6748
2024-01-23 13:43:00,13.704728,13.716587,13.672589,13.681353,7184
2024-01-23 13:44:00,13.681353,13.693252,13.673307,13.677680,9630
2024-01-23 13:45:00,13.677680,13.694206,13.664312,13.689464,2750
2024-01-23 13:46:00,13.689464,13.705209,13.672357,13.682105,4629
2024-01-23 13:47:00,13.682105,13.695421,13.667592,13.690199,4822
2024-01-23 13:48:00,13.690199,13.702232,13.660596,13.667330,1383
2024-01-23 13:49:00,13.667330,13.673766,13.650829,13.663317,9119
2024-01-23 13:50:00,13.663317,13.700890,13.649792,13.683287,5760
2024-01-23 13:51:00,13.683287,13.708044,13.671933,13.700497,2507
2024-01-23 13:52:00,13.700497,13.709735,13.685779,13.698773,8494
2024-01-23 13:53:00,13.698773,13.730897,13.685799,13.713430,8261
2024-01-23 13:54:00,13.713430,13.722606,13.698867,13.708041,9758
2024-01-23 13:55:00,13.708041,13.711806,13.676646,13.688508,4439
2024-01-23 13:56:00,13.688508,13.690515,13.663486,13.674718,272
2024-01-23 13:57:00,13.674718,13.699415,13.662096,13.690713,7895
2024-01-23 13:58:00,13.690713,13.738255,13.688457,13.720955,460
2024-01-23 13:59:00,13.720955,13.729566,13.693229,13.704512,9554
2024-01-23 14:00:00,13.704512,13.732080,13.693955,13.719351,6754
2024-01-23 14:01:00,13.719351,13.727628,13.690317,13.692766,7533
2024-01-23 14:02:00,13.692766,13.712481,13.678819,13.699029,4768
2024-01-23 14:03:00,13.699029,13.707605,13.684440,13.694638,2080
2024-01-23 14:04:00,13.694638,13.698414,13.667160,13.682426,252
2024-01-23 14:05:00,13.682426,13.687514,13.671163,13.674442,9403
2024-01-23 14:06:00,13.674442,13.682737,13.635215,13.647056,6525
2024-01-23 14:07:00,13.647056,13.650798,13.604929,13.622243,3698
2024-01-23 14:08:00,13.622243,13.640276,13.601667,13.608365,7147
2024-01-23 14:09:00,13.608365,13.640199,13.591331,13.622606,2884
2024-01-23 14:10:00,13.622606,13.627742,13.612331,13.617877,4711
2024-01-23 14:11:00,13.617877,13.632501,13.606271,13.616119,7092
2024-01-23 14:12:00,13.616119,13.624763,13.584656,13.591994,4003
2024-01-23 14:13:00,13.591994,13.612893,13.586698,13.592954,953
2024-01-23 14:14:00,13.592954,13.608891,13.556889,13.564719,477
2024-01-23 14:15:00,13.564719,13.575681,13.549736,13.573021,7633
2024-01-23 14:16:00,13.573021,13.640761,13.555897,13.620844,891
2024-01-23 14:17:00,13.620844,13.637043,13.575174,13.593858,9190
2024-01-23 14:18:00,13.593858,13.601330,13.590071,13.593374,597
2024-01-23 14:19:00,13.593374,13.610178,13.567564,13.571583,8689
2024-01-23 14:20:00,13.571583,13.587585,13.529404,13.548707,2844
2024-01-23 14:21:00,13.548707,13.595277,13.543346,13.576476,3826
2024-01-23 14:22:00,13.576476,13.585593,13.532701,13.537745,998
2024-01-23 14:23:00,13.537745,13.549194,13.510043,13.518702,1119
2024-01-23 14:24:00,13.518702,13.530222,13.487344,13.505398,4151
2024-01-23 14:25:00,13.505398,13.523848,13.482533,13.501921,9045
2024-01-23 14:26:00,13.501921,13.506978,13.448819,13.467997,1064
2024-01-23 14:27:00,13.467997,13.500795,13.448526,13.488316,514
2024-01-23 14:28:00,13.488316,13.505690,13.474841,13.494002,968
2024-01-23 14:29:00,13.494002,13.535505,13.481579,13.526177,7929
2024-01-23 14:30:00,13.526177,13.543040,13.507281,13.534467,9016
2024-01-23 14:31:00,13.534467,13.544871,13.517518,13.539991,8927
2024-01-23 14:32:00,13.539991,13.560390,13.533079,13.550208,2641
2024-01-23 14:33:00,13.550208,13.560564,13.529671,13.536692,3899
2024-01-23 14:34:00,13.536692,13.550181,13.503714,13.514588,5923
2024-01-23 14:35:00,13.514588,13.528254,13.493243,13.511700,4165
2024-01-23 14:36:00,13.511700,13.522882,13.480390,13.487089,4912
2024-01-23 14:37:00,13.487089,13.493680,13.460162,13.471441,9931
2024-01-23 14:38:00,13.471441,13.481266,13.424344,13.443104,6141
2024-01-23 14:39:00,13.443104,13.450957,13.415574,13.433730,7807
2024-01-23 14:40:00,13.433730,13.439184,13.409922,13.421836,2998
2024-01-23 14:41:00,13.421836,13.438588,13.404804,13.423786,3119
2024-01-23 14:42:00,13.423786,13.431798,13.413888,13.424905,7503
2024-01-23 14:43:00,13.424905,13.436761,13.381560,13.400730,7650
2024-01-23 14:44:00,13.400730,13.457384,13.393095,13.439234,1402
2024-01-23 14:45:00,13.439234,13.450671,13.405856,13.420416,4369
2024-01-23 14:46:00,13.420416,13.436543,13.418094,13.434074,6287
2024-01-23 14:47:00,13.434074,13.449600,13.384481,13.403501,6343
2024-01-23 14:48:00,13.403501,13.424661,13.390086,13.408910,4748
2024-01-23 14:49:00,13.408910,13.413946,13.380217,13.395857,7704
2024-01-23 14:50:00,13.395857,13.401186,13.375630,13.386843,2528
2024-01-23 14:51:00,13.386843,13.396500,13.380732,13.387705,6451
2024-01-23 14:52:00,13.387705,13.403040,13.369860,13.376899,9009
2024-01-23 14:53:00,13.376899,13.439724,13.367498,13.428612,2206
2024-01-23 14:54:00,13.428612,13.459279,13.416393,13.452236,5540
2024-01-23 14:55:00,13.452236,13.463704,13.436666,13.441076,7922
2024-01-23 14:56:00,13.441076,13.445253,13.409220,13.428126,9530
2024-01-23 14:57:00,13.428126,13.440636,13.425284,13.436069,6674
2024-01-23 14:58:00,13.436069,13.440337,13.397309,13.414787,5376
2024-01-23 14:59:00,13.414787,13.430740,13.393717,13.405257,4137
2024-01-23 15:00:00,13.405257,13.418616,13.389175,13.392406,6437
2024-01-24 09:31:00,13.837334,13.853452,13.813014,13.832855,5520
2024-01-24 09:32:00,13.832855,13.848015,13.830133,13.845156,8054
2024-01-24 09:33:00,13.845156,13.860499,13.832014,13.839146,9461
2024-01-24 09:34:00,13.839146,13.858375,13.814509,13.824519,2227
2024-01-24 09:35:00,13.824519,13.859974,13.805613,13.841436,1237
2024-01-24 09:36:00,13.841436,13.872101,13.825996,13.864829,6107
2024-01-24 09:37:00,13.864829,13.874147,13.843452,13.862243,123
2024-01-24 09:38:00,13.862243,13.900712,13.856887,13.887172,5666
2024-01-24 09:39:00,13.887172,13.895629,13.871203,13.890938,4960
2024-01-24 09:40:00,13.890938,13.899071,13.868611,13.875936,4967
2024-01-24 09:41:00,13.875936,13.921398,13.871071,13.909018,8223
2024-01-24 09:42:00,13.909018,13.933927,13.893484,13.927013,4732
2024-01-24 09:43:00,13.927013,13.942522,13.896966,13.911123,5458
2024-01-24 09:44:00,13.911123,13.924484,13.890497,13.899463,7837
2024-01-24 09:45:00,13.899463,13.909632,13.885956,13.898939,6499
2024-01-24 09:46:00,13.898939,13.901964,13.875939,13.885391,8005
2024-01-24 09:47:00,13.885391,13.902321,13.869680,13.872966,2004
2024-01-24 09:48:00,13.872966,13.875415,13.855932,13.864236,2605
2024-01-24 09:49:00,13.864236,13.881817,13.844282,13.852679,7299
2024-01-24 09:50:00,13.852679,13.862515,13.827057,13.841838,1559
2024-01-24 09:51:00,13.841838,13.844194,13.834471,13.840889,3727
2024-01-24 09:52:00,13.840889,13.867553,13.825009,13.850402,9373
2024-01-24 09:53:00,13.850402,13.867805,13.833814,13.840482,2397
2024-01-24 09:54:00,13.840482,13.859871,13.828054,13.856561,9386
2024-01-24 09:55:00,13.856561,13.875147,13.837971,13.856777,3847
2024-01-24 09:56:00,13.856777,13.876651,13.852628,13.860751,7911
2024-01-24 09:57:00,13.860751,13.879340,13.850716,13.860528,6239
2024-01-24 09:58:00,13.860528,13.869460,13.819422,13.838352,2440
2024-01-24 09:59:00,13.838352,13.856059,13.828836,13.851459,6816
2024-01-24 10:00:00,13.851459,13.864422,13.840673,13.860057,5475
2024-01-24 10:01:00,13.860057,13.874744,13.852656,13.858191,1668
2024-01-24 10:02:00,13.858191,13.874904,13.827502,13.843435,3698
2024-01-24 10:03:00,13.843435,13.859667,13.836729,13.841571,3479
2024-01-24 10:04:00,13.841571,13.876548,13.836355,13.871428,192
2024-01-24 10:05:00,13.871428,13.888344,13.827323,13.844789,1663
2024-01-24 10:06:00,13.844789,13.859901,13.824808,13.849124,4382
2024-01-24 10:07:00,13.849124,13.856163,13.822224,13.837640,2810
2024-01-24 10:08:00,13.837640,13.863032,13.821979,13.852720,7575
2024-01-24 10:09:00,13.852720,13.888427,13.835147,13.868792,1564
2024-01-24 10:10:00,13.868792,13.877341,13.859370,13.865184,551
2024-01-24 10:11:00,13.865184,13.884536,13.851690,13.866535,7665
2024-01-24 10:12:00,13.866535,13.873140,13.846595,13.860828,9022
2024-01-24 10:13:00,13.860828,13.877982,13.843873,13.859070,7867
2024-01-24 10:14:00,13.859070,13.881000,13.841689,13.874762,7920
2024-01-24 10:15:00,13.874762,13.914082,13.860262,13.896712,5695
2024-01-24 10:16:00,13.896712,13.905235,13.889315,13.902949,2014
2024-01-24 10:17:00,13.902949,13.915670,13.871822,13.891520,5946
2024-01-24 10:18:00,13.891520,13.904428,13.879579,13.893265,5185
2024-01-24 10:19:00,13.893265,13.898303,13.875435,13.895532,5571
2024-01-24 10:20:00,13.895532,13.911312,13.877318,13.905384,6334
2024-01-24 10:21:00,13.905384,13.928926,13.891566,13.911226,9692
2024-01-24 10:22:00,13.911226,13.924066,13.896927,13.903845,7111
2024-01-24 10:23:00,13.903845,13.919486,13.890901,13.910797,2972
2024-01-24 10:24:00,13.910797,13.938477,13.893287,13.923885,5388
2024-01-24 10:25:00,13.923885,13.933194,13.893508,13.899350,7735
2024-01-24 10:26:00,13.899350,13.902235,13.878952,13.895675,792
2024-01-24 10:27:00,13.895675,13.907199,13.882671,13.892979,7451
2024-01-24 10:28:00,13.892979,13.927963,13.873825,13.923054,4295
2024-01-24 10:29:00,13.923054,13.950293,13.918213,13.934673,7372
2024-01-24 10:30:00,13.934673,13.943419,13.902214,13.920281,8345
2024-01-24 10:31:00,13.920281,13.948690,13.904973,13.934375,7754
2024-01-24 10:32:00,13.934375,13.939801,13.909232,13.922159,6957
2024-01-24 10:33:00,13.922159,13.938640,13.856734,13.869466,1947
2024-01-24 10:34:00,13.869466,13.884785,13.862973,13.877203,147
2024-01-24 10:35:00,13.877203,13.883227,13.835416,13.854975,9996
2024-01-24 10:36:00,13.854975,13.875826,13.852053,13.867535,7865
2024-01-24 10:37:00,13.867535,13.902272,13.864954,13.888869,6367
2024-01-24 10:38:00,13.888869,13.900925,13.859667,13.878476,5807
2024-01-24 10:39:00,13.878476,13.901831,13.859774,13.888074,2251
2024-01-24 10:40:00,13.888074,13.907535,13.882773,13.893662,4431
2024-01-24 10:41:00,13.893662,13.911392,13.883661,13.886440,2030
2024-01-24 10:42:00,13.886440,13.898933,13.866605,13.885532,2269
2024-01-24 10:43:00,13.885532,13.901027,13.883085,13.889134,2703
2024-01-24 10:44:00,13.889134,13.900712,13.864392,13.877930,530
2024-01-24 10:45:00,13.877930,13.892342,13.873306,13.886268,7563
2024-01-24 10:46:00,13.886268,13.905150,13.869198,13.886806,453
2024-01-24 10:47:00,13.886806,13.896898,13.874705,13.892487,6055
2024-01-24 10:48:00,13.892487,13.916720,13.886647,13.903396,3917
2024-01-24 10:49:00,13.903396,13.914113,13.872484,13.886434,4328
2024-01-24 10:50:00,13.886434,13.909873,13.868323,13.890168,6692
2024-01-24 10:51:00,13.890168,13.906965,13.870727,13.897086,2858
2024-01-24 10:52:00,13.897086,13.949629,13.885725,13.937527,7731
2024-01-24 10:53:00,13.937527,13.950467,13.926004,13.939708,9589
2024-01-24 10:54:00,13.939708,13.953640,13.923952,13.946156,6740
2024-01-24 10:55:00,13.946156,13.956048,13.932128,13.940773,5348
2024-01-24 10:56:00,13.940773,13.957845,13.926364,13.936508,6537
2024-01-24 10:57:00,13.936508,13.960442,13.918560,13.940906,195
2024-01-24 10:58:00,13.940906,13.955337,13.929018,13.946057,7913
2024-01-24 10:59:00,13.946057,13.951229,13.908637,13.918083,4273
2024-01-24 11:00:00,13.918083,13.929140,13.894553,13.907566,9500
2024-01-24 11:01:00,13.907566,13.924769,13.890885,13.908575,5277
2024-01-24 11:02:00,13.908575,13.923667,13.876239,13.890995,8856
2024-01-24 11:03:00,13.890995,13.903312,13.858476,13.865666,800
2024-01-24 11:04:00,13.865666,13.885290,13.848401,13.860591,3732
2024-01-24 11:05:00,13.860591,13.874719,13.850286,13.861121,1552
2024-01-24 11:06:00,13.861121,13.877504,13.835300,13.854994,294
2024-01-24 11:07:00,13.854994,13.868047,13.828636,13.837030,4190
2024-01-24 11:08:00,13.837030,13.875447,13.821536,13.857858,7115
2024-01-24 11:09:00,13.857858,13.882804,13.839222,13.871965,7977
2024-01-24 11:10:00,13.871965,13.876147,13.827663,13.835634,5461
2024-01-24 11:11:00,13.835634,13.841996,13.800172,13.805627,4578
2024-01-24 11:12:00,13.805627,13.830046,13.794477,13.815311,7869
2024-01-24 11:13:00,13.815311,13.848109,13.801979,13.836190,3748
2024-01-24 11:14:00,13.836190,13.852711,13.828687,13.833091,620
2024-01-24 11:15:00,13.833091,13.844378,13.800886,13.806288,4653
2024-01-24 11:16:00,13.806288,13.819897,13.797826,13.800278,4608
2024-01-24 11:17:00,13.800278,13.842473,13.783240,13.826814,3119
2024-01-24 11:18:00,13.826814,13.839506,13.784162,13.802579,7922
2024-01-24 11:19:00,13.802579,13.824807,13.789651,13.821831,4821
2024-01-24 11:20:00,13.821831,13.826475,13.784990,13.791846,8587
2024-01-24 11:21:00,13.791846,13.816222,13.780351,13.804020,8694
2024-01-24 11:22:00,13.804020,13.814844,13.784397,13.803702,7567
2024-01-24 11:23:00,13.803702,13.812984,13.791201,13.803397,6744
2024-01-24 11:24:00,13.803397,13.813572,13.795182,13.805037,5983
2024-01-24 11:25:00,13.805037,13.821501,13.785021,13.791991,1063
2024-01-24 11:26:00,13.791991,13.808055,13.769830,13.774688,8906
2024-01-24 11:27:00,13.774688,13.792564,13.757163,13.764157,5851
2024-01-24 11:28:00,13.764157,13.791933,13.747226,13.772529,3678
2024-01-24 11:29:00,13.772529,13.789488,13.749614,13.767198,8182
2024-01-24 11:30:00,13.767198,13.773366,13.737757,13.746826,4833
2024-01-24 13:01:00,13.746826,13.780270,13.734197,13.764534,4510
2024-01-24 13:02:00,13.764534,13.777989,13.751111,13.765754,423
2024-01-24 13:03:00,13.765754,13.773987,13.739155,13.750923,215
2024-01-24 13:04:00,13.750923,13.764109,13.722062,13.730247,9420
2024-01-24 13:05:00,13.730247,13.758287,13.713359,13.741392,789
2024-01-24 13:06:00,13.741392,13.745498,13.728861,13.738807,3085
2024-01-24 13:07:00,13.738807,13.775341,13.730480,13.762755,6208
2024-01-24 13:08:00,13.762755,13.780367,13.738236,13.755610,8828
2024-01-24 13:09:00,13.755610,13.782639,13.738117,13.771467,6322
2024-01-24 13:10:00,13.771467,13.781084,13.749829,13.752687,6275
2024-01-24 13:11:00,13.752687,13.759760,13.727110,13.731770,9741
2024-01-24 13:12:00,13.731770,13.747000,13.711839,13.740745,9868
2024-01-24 13:13:00,13.740745,13.758688,13.704433,13.719783,9738
2024-01-24 13:14:00,13.719783,13.728372,13.711820,13.724497,145
2024-01-24 13:15:00,13.724497,13.734360,13.712997,13.727156,6411
2024-01-24 13:16:00,13.727156,13.761364,13.708627,13.751946,3235
2024-01-24 13:17:00,13.751946,13.759435,13.735312,13.751588,4652
2024-01-24 13:18:00,13.751588,13.764622,13.738393,13.757657,8274
2024-01-24 13:19:00,13.757657,13.771797,13.742498,13.768933,8657
2024-01-24 13:20:00,13.768933,13.785513,13.757417,13.771411,608
2024-01-24 13:21:00,13.771411,13.779905,13.758239,13.763199,950
2024-01-24 13:22:00,13.763199,13.809731,13.757502,13.792584,3166
2024-01-24 13:23:00,13.792584,13.800960,13.762533,13.779359,6542
2024-01-24 13:24:00,13.779359,13.814113,13.761351,13.795078,1091
2024-01-24 13:25:00,13.795078,13.812635,13.769961,13.784988,820
2024-01-24 13:26:00,13.784988,13.817951,13.779106,13.806335,6129
2024-01-24 13:27:00,13.806335,13.842332,13.804033,13.832247,2678
2024-01-24 13:28:00,13.832247,13.846606,13.796993,13.816604,472
2024-01-24 13:29:00,13.816604,13.820906,13.776580,13.796082,3622
2024-01-24 13:30:00,13.796082,13.819024,13.776916,13.810710,2944
2024-01-24 13:31:00,13.810710,13.844871,13.793422,13.829956,6296
2024-01-24 13:32:00,13.829956,13.865638,13.811606,13.853046,5309
2024-01-24 13:33:00,13.853046,13.866970,13.848742,13.853723,5433
2024-01-24 13:34:00,13.853723,13.861211,13.810461,13.824357,6073
2024-01-24 13:35:00,13.824357,13.829182,13.801777,13.812492,9969
2024-01-24 13:36:00,13.812492,13.820568,13.789903,13.809771,935
2024-01-24 13:37:00,13.809771,13.839198,13.805050,13.829479,8363
2024-01-24 13:38:00,13.829479,13.848584,13.789201,13.803887,4795
2024-01-24 13:39:00,13.803887,13.813598,13.787599,13.794468,8908
2024-01-24 13:40:00,13.794468,13.829576,13.778114,13.810890,7608
2024-01-24 13:41:00,13.810890,13.839812,13.796970,13.827299,9009
2024-01-24 13:42:00,13.827299,13.853335,13.807360,13.848675,8687
2024-01-24 13:43:00,13.848675,13.854186,13.802624,13.805457,4265
2024-01-24 13:44:00,13.805457,13.815614,13.781199,13.796379,6673
2024-01-24 13:45:00,13.796379,13.818505,13.787820,13.800575,6563
2024-01-24 13:46:00,13.800575,13.803172,13.777663,13.795201,5807
2024-01-24 13:47:00,13.795201,13.818016,13.783832,13.798360,2791
2024-01-24 13:48:00,13.798360,13.809511,13.784226,13.789017,554
2024-01-24 13:49:00,13.789017,13.818099,13.782077,13.806612,1770
2024-01-24 13:50:00,13.806612,13.812224,13.789132,13.808084,419
2024-01-24 13:51:00,13.808084,13.814569,13.786880,13.806091,4630
2024-01-24 13:52:00,13.806091,13.819895,13.791157,13.807134,3671
2024-01-24 13:53:00,13.807134,13.824341,13.779262,13.790383,7481
2024-01-24 13:54:00,13.790383,13.802016,13.787800,13.799578,8828
2024-01-24 13:55:00,13.799578,13.808634,13.778934,13.798208,3444
2024-01-24 13:56:00,13.798208,13.814871,13.787041,13.797722,2093
2024-01-24 13:57:00,13.797722,13.808345,13.759329,13.774086,1425
2024-01-24 13:58:00,13.774086,13.792154,13.752395,13.767940,3649
2024-01-24 13:59:00,13.767940,13.799590,13.755402,13.785251,7797
2024-01-24 14:00:00,13.785251,13.820010,13.767192,13.812135,4296
2024-01-24 14:01:00,13.812135,13.827053,13.793187,13.821470,156
2024-01-24 14:02:00,13.821470,13.847815,13.816975,13.834919,2189
2024-01-24 14:03:00,13.834919,13.854754,13.807135,13.825703,4779
2024-01-24 14:04:00,13.825703,13.828887,13.795191,13.811655,982
2024-01-24 14:05:00,13.811655,13.826042,13.805026,13.807905,4153
2024-01-24 14:06:00,13.807905,13.828073,13.795686,13.812886,3400
2024-01-24 14:07:00,13.812886,13.817735,13.791959,13.811786,9448
2024-01-24 14:08:00,13.811786,13.854900,13.808474,13.842082,7466
2024-01-24 14:09:00,13.842082,13.889334,13.835575,13.877067,7140
2024-01-24 14:10:00,13.877067,13.893509,13.865469,13.880300,3626
2024-01-24 14:11:00,13.880300,13.887852,13.850498,13.865381,8316
2024-01-24 14:12:00,13.865381,13.917437,13.861193,13.900957,3820
2024-01-24 14:13:00,13.900957,13.918525,13.888679,13.892971,7422
2024-01-24 14:14:00,13.892971,13.901254,13.878056,13.893062,3920
2024-01-24 14:15:00,13.893062,13.907717,13.875515,13.897420,2980
2024-01-24 14:16:00,13.897420,13.926434,13.881745,13.913351,9524
2024-01-24 14:17:00,13.913351,13.933525,13.909799,13.922354,1554
2024-01-24 14:18:00,13.922354,13.975001,13.910093,13.955754,9393
2024-01-24 14:19:00,13.955754,13.982894,13.941677,13.963197,7940
2024-01-24 14:20:00,13.963197,14.002847,13.947515,13.983232,9051
2024-01-24 14:21:00,13.983232,13.992417,13.963953,13.970190,8226
2024-01-24 14:22:00,13.970190,13.980193,13.952237,13.958911,6464
2024-01-24 14:23:00,13.958911,13.993966,13.950688,13.981680,9402
2024-01-24 14:24:00,13.981680,13.998563,13.942688,13.960587,2213
2024-01-24 14:25:00,13.960587,13.978982,13.953089,13.965796,1523
2024-01-24 14:26:00,13.965796,13.999024,13.947323,13.996470,2384
2024-01-24 14:27:00,13.996470,14.040107,13.989848,14.028505,1952
2024-01-24 14:28:00,14.028505,14.034067,14.020127,14.025703,478
2024-01-24 14:29:00,14.025703,14.048396,14.018542,14.046343,1956
2024-01-24 14:30:00,14.046343,14.063559,14.028611,14.046863,5052
2024-01-24 14:31:00,14.046863,14.052620,14.024875,14.043240,6441
2024-01-24 14:32:00,14.043240,14.052265,14.011037,14.024289,8906
2024-01-24 14:33:00,14.024289,14.038175,13.996963,14.006815,2886
2024-01-24 14:34:00,14.006815,14.023931,13.996104,14.009599,9255
2024-01-24 14:35:00,14.009599,14.042367,14.004115,14.026663,3961
2024-01-24 14:36:00,14.026663,14.046107,14.007850,14.029043,8202
2024-01-24 14:37:00,14.029043,14.066200,14.011838,14.061400,7593
2024-01-24 14:38:00,14.061400,14.070120,14.031941,14.051257,6018
2024-01-24 14:39:00,14.051257,14.066155,14.046490,14.048740,6203
2024-01-24 14:40:00,14.048740,14.080296,14.038209,14.072779,3474
2024-01-24 14:41:00,14.072779,14.093785,14.057552,14.085748,8707
2024-01-24 14:42:00,14.085748,14.103939,14.049157,14.068383,255
2024-01-24 14:43:00,14.068383,14.082269,14.063212,14.073976,9975
2024-01-24 14:44:00,14.073976,14.113596,14.061253,14.094852,527
2024-01-24 14:45:00,14.094852,14.136180,14.075851,14.122234,2067
2024-01-24 14:46:00,14.122234,14.133437,14.119044,14.126459,5288
2024-01-24 14:47:00,14.126459,14.145908,14.115707,14.134774,5630
2024-01-24 14:48:00,14.134774,14.173160,14.121652,14.156638,4881
2024-01-24 14:49:00,14.156638,14.184954,14.151024,14.166023,5670
2024-01-24 14:50:00,14.166023,14.185950,14.162846,14.169567,7531
2024-01-24 14:51:00,14.169567,14.189320,14.134474,14.145691,3444
2024-01-24 14:52:00,14.145691,14.153037,14.127044,14.141824,6015
2024-01-24 14:53:00,14.141824,14.150847,14.127734,14.134949,3765
2024-01-24 14:54:00,14.134949,14.153019,14.125248,14.140586,2989
2024-01-24 14:55:00,14.140586,14.149739,14.117035,14.128932,5259
2024-01-24 14:56:00,14.128932,14.144772,14.103804,14.122755,9918
2024-01-24 14:57:00,14.122755,14.132134,14.084937,14.094007,226
2024-01-24 14:58:00,14.094007,14.096956,14.080666,14.088138,565
2024-01-24 14:59:00,14.088138,14.090247,14.076927,14.085938,2385
2024-01-24 15:00:00,14.085938,14.094631,14.072728,14.078430,8992
2024-01-25 09:31:00,13.884360,13.928841,13.869463,13.915081,7170
2024-01-25 09:32:00,13.915081,13.950599,13.897937,13.941847,2850
2024-01-25 09:33:00,13.941847,13.961465,13.929656,13.932355,9253
2024-01-25 09:34:00,13.932355,13.938224,13.924877,13.931948,7600
2024-01-25 09:35:00,13.931948,13.985244,13.921465,13.969985,6582
2024-01-25 09:36:00,13.969985,13.974109,13.943166,13.958375,2307
2024-01-25 09:37:00,13.958375,13.972551,13.922299,13.935795,315
2024-01-25 09:38:00,13.935795,13.962475,13.929546,13.950772,9146
2024-01-25 09:39:00,13.950772,13.970035,13.933667,13.952013,3530
2024-01-25 09:40:00,13.952013,13.984948,13.947012,13.979566,4070
2024-01-25 09:41:00,13.979566,14.002443,13.975922,13.992632,6702
2024-01-25 09:42:00,13.992632,14.011652,13.985049,14.005945,628
2024-01-25 09:43:00,14.005945,14.013093,13.983135,13.995234,7515
2024-01-25 09:44:00,13.995234,14.019899,13.991382,14.009552,439
2024-01-25 09:45:00,14.009552,14.019669,13.992819,14.016513,3176
2024-01-25 09:46:00,14.016513,14.024661,14.008452,14.014010,7613
2024-01-25 09:47:00,14.014010,14.041157,13.999577,14.033678,6268
2024-01-25 09:48:00,14.033678,14.050998,14.022485,14.046489,7362
2024-01-25 09:49:00,14.046489,14.075249,14.027085,14.060036,7241
2024-01-25 09:50:00,14.060036,14.069598,14.040082,14.058260,9685
2024-01-25 09:51:00,14.058260,14.106585,14.045006,14.090615,8036
2024-01-25 09:52:00,14.090615,14.101329,14.066950,14.077705,3138
2024-01-25 09:53:00,14.077705,14.085863,14.025067,14.038060,6604
2024-01-25 09:54:00,14.038060,14.057277,14.021622,14.044963,4348
2024-01-25 09:55:00,14.044963,14.053851,14.018188,14.037607,2718
2024-01-25 09:56:00,14.037607,14.060010,14.029392,14.040067,6065
2024-01-25 09:57:00,14.040067,14.063320,14.034724,14.053691,463
2024-01-25 09:58:00,14.053691,14.066488,14.030455,14.047744,9157
2024-01-25 09:59:00,14.047744,14.065988,14.014189,14.022812,4566
2024-01-25 10:00:00,14.022812,14.054608,14.011459,14.045399,1562
2024-01-25 10:01:00,14.045399,14.055583,14.008405,14.024097,4056
2024-01-25 10:02:00,14.024097,14.043293,14.004944,14.019068,6274
2024-01-25 10:03:00,14.019068,14.035667,14.004542,14.022540,7366
2024-01-25 10:04:00,14.022540,14.067082,14.008982,14.064958,7963
2024-01-25 10:05:00,14.064958,14.093906,14.062895,14.080156,9590
2024-01-25 10:06:00,14.080156,14.085397,14.038261,14.055549,8821
2024-01-25 10:07:00,14.055549,14.082377,14.037159,14.065487,4102
2024-01-25 10:08:00,14.065487,14.098233,14.059614,14.083375,8840
2024-01-25 10:09:00,14.083375,14.110748,14.064781,14.107545,454
2024-01-25 10:10:00,14.107545,14.109671,14.103369,14.105522,715
2024-01-25 10:11:00,14.105522,14.120490,14.098008,14.113904,5885
2024-01-25 10:12:00,14.113904,14.128156,14.106236,14.111541,7375
2024-01-25 10:13:00,14.111541,14.123163,14.091841,14.096842,2872
2024-01-25 10:14:00,14.096842,14.110004,14.057672,14.069762,1045
2024-01-25 10:15:00,14.069762,14.077488,14.041869,14.059539,4089
2024-01-25 10:16:00,14.059539,14.078997,14.029772,14.037425,4155
2024-01-25 10:17:00,14.037425,14.041935,14.027804,14.038793,5017
2024-01-25 10:18:00,14.038793,14.047784,14.032867,14.045719,2332
2024-01-25 10:19:00,14.045719,14.064494,14.036437,14.046221,8754
2024-01-25 10:20:00,14.046221,14.058057,14.038294,14.041008,959
2024-01-25 10:21:00,14.041008,14.061156,14.033751,14.053502,2725
2024-01-25 10:22:00,14.053502,14.055755,14.015032,14.033248,3169
2024-01-25 10:23:00,14.033248,14.046406,14.019030,14.029456,9549
2024-01-25 10:24:00,14.029456,14.040196,14.012136,14.026741,4330
2024-01-25 10:25:00,14.026741,14.046418,14.007296,14.030381,1341
2024-01-25 10:26:00,14.030381,14.057385,14.012104,14.038697,4782
2024-01-25 10:27:00,14.038697,14.051450,14.003341,14.022212,3542
2024-01-25 10:28:00,14.022212,14.050183,14.013854,14.032254,1941
2024-01-25 10:29:00,14.032254,14.074583,14.027617,14.061466,6510
2024-01-25 10:30:00,14.061466,14.075763,14.053542,14.071670,5187
2024-01-25 10:31:00,14.071670,14.085010,14.055222,14.067045,8227
2024-01-25 10:32:00,14.067045,14.084817,14.047076,14.050465,4672
2024-01-25 10:33:00,14.050465,14.064447,14.029543,14.041475,3090
2024-01-25 10:34:00,14.041475,14.058113,14.033919,14.051165,8845
2024-01-25 10:35:00,14.051165,14.063306,14.034409,14.039864,620
2024-01-25 10:36:00,14.039864,14.101998,14.037355,14.082641,3643
2024-01-25 10:37:00,14.082641,14.086754,14.063472,14.084582,7090
2024-01-25 10:38:00,14.084582,14.106036,14.075409,14.096597,9635
2024-01-25 10:39:00,14.096597,14.107949,14.079914,14.085001,3803
2024-01-25 10:40:00,14.085001,14.111660,14.070710,14.093055,9106
2024-01-25 10:41:00,14.093055,14.106988,14.075217,14.101916,3262
2024-01-25 10:42:00,14.101916,14.107659,14.079077,14.087688,9267
2024-01-25 10:43:00,14.087688,14.126284,14.084115,14.120815,1650
2024-01-25 10:44:00,14.120815,14.135518,14.090385,14.105717,4241
2024-01-25 10:45:00,14.105717,14.121440,14.097165,14.102661,377
2024-01-25 10:46:00,14.102661,14.109732,14.069660,14.086789,5049
2024-01-25 10:47:00,14.086789,14.136725,14.081141,14.119595,3047
2024-01-25 10:48:00,14.119595,14.143578,14.107652,14.130501,108
2024-01-25 10:49:00,14.130501,14.132966,14.089980,14.109409,2003
2024-01-25 10:50:00,14.109409,14.117224,14.089697,14.096367,5585
2024-01-25 10:51:00,14.096367,14.110695,14.038444,14.052606,1569
2024-01-25 10:52:00,14.052606,14.056442,14.026222,14.036221,5955
2024-01-25 10:53:00,14.036221,14.064374,14.032720,14.061451,2257
2024-01-25 10:54:00,14.061451,14.064965,14.039531,14.051516,4194
2024-01-25 10:55:00,14.051516,14.080031,14.045680,14.062775,9560
2024-01-25 10:56:00,14.062775,14.087228,14.059525,14.079140,2928
2024-01-25 10:57:00,14.079140,14.090728,14.063710,14.074528,9621
2024-01-25 10:58:00,14.074528,14.089933,14.040835,14.054085,8054
2024-01-25 10:59:00,14.054085,14.067508,14.024609,14.039670,1657
2024-01-25 11:00:00,14.039670,14.049838,14.033218,14.043876,6788
2024-01-25 11:01:00,14.043876,14.058084,14.019308,14.035965,1636
2024-01-25 11:02:00,14.035965,14.057727,14.032136,14.047595,4393
2024-01-25 11:03:00,14.047595,14.070697,14.033797,14.063616,7695
2024-01-25 11:04:00,14.063616,14.070429,14.041969,14.047472,8953
2024-01-25 11:05:00,14.047472,14.057411,14.035615,14.044920,349
2024-01-25 11:06:00,14.044920,14.061249,14.029610,14.052162,2011
2024-01-25 11:07:00,14.052162,14.066684,14.043778,14.052702,2795
2024-01-25 11:08:00,14.052702,14.068979,14.036098,14.057187,4959
2024-01-25 11:09:00,14.057187,14.091880,14.047371,14.077977,9342
2024-01-25 11:10:00,14.077977,14.123480,14.067928,14.118650,4986
2024-01-25 11:11:00,14.118650,14.122064,14.096949,14.106943,4126
2024-01-25 11:12:00,14.106943,14.115860,14.093348,14.104031,9237
2024-01-25 11:13:00,14.104031,14.120263,14.101241,14.110352,7189
2024-01-25 11:14:00,14.110352,14.122967,14.095573,14.105937,6527
2024-01-25 11:15:00,14.105937,14.108566,14.081389,14.083421,7716
2024-01-25 11:16:00,14.083421,14.103866,14.068195,14.085604,4311
2024-01-25 11:17:00,14.085604,14.098687,14.043847,14.059971,6073
2024-01-25 11:18:00,14.059971,14.071102,14.031802,14.041353,1323
2024-01-25 11:19:00,14.041353,14.047092,14.013568,14.033006,4805
2024-01-25 11:20:00,14.033006,14.047092,14.025052,14.035742,2671
2024-01-25 11:21:00,14.035742,14.049466,14.021979,14.024946,9610
2024-01-25 11:22:00,14.024946,14.034700,14.015337,14.028881,4112
2024-01-25 11:23:00,14.028881,14.047257,13.991234,14.009861,4811
2024-01-25 11:24:00,14.009861,14.033846,14.002247,14.023369,8153
2024-01-25 11:25:00,14.023369,14.029264,14.009072,14.015562,7495
2024-01-25 11:26:00,14.015562,14.033386,13.979619,13.998331,1551
2024-01-25 11:27:00,13.998331,14.014403,13.986431,14.009729,672
2024-01-25 11:28:00,14.009729,14.021607,13.981995,13.991027,7009
2024-01-25 11:29:00,13.991027,14.003657,13.985053,13.996649,6447
2024-01-25 11:30:00,13.996649,14.008624,13.993293,13.997586,5195
2024-01-25 13:01:00,13.997586,14.031422,13.977863,14.013959,9980
2024-01-25 13:02:00,14.013959,14.039534,14.008098,14.020974,366
2024-01-25 13:03:00,14.020974,14.028629,14.009235,14.014160,6428
2024-01-25 13:04:00,14.014160,14.034411,14.002928,14.031144,7415
2024-01-25 13:05:00,14.031144,14.038538,14.021253,14.027356,876
2024-01-25 13:06:00,14.027356,14.042929,14.016946,14.023343,3095
2024-01-25 13:07:00,14.023343,14.029769,13.999908,14.011022,7321
2024-01-25 13:08:00,14.011022,14.032711,13.998187,14.015781,7762
2024-01-25 13:09:00,14.015781,14.019666,13.979504,13.983717,5951
2024-01-25 13:10:00,13.983717,13.989291,13.967168,13.974348,3602
2024-01-25 13:11:00,13.974348,13.984698,13.964572,13.971807,7737
2024-01-25 13:12:00,13.971807,13.998590,13.961686,13.980643,7563
2024-01-25 13:13:00,13.980643,14.003448,13.977797,13.988726,3497
2024-01-25 13:14:00,13.988726,14.005639,13.982573,13.989532,5162
2024-01-25 13:15:00,13.989532,14.026790,13.979191,14.021147,1807
2024-01-25 13:16:00,14.021147,14.023555,13.983162,13.990806,5206
2024-01-25 13:17:00,13.990806,14.022081,13.973696,14.002152,8959
2024-01-25 13:18:00,14.002152,14.040805,13.999322,14.024518,6660
2024-01-25 13:19:00,14.024518,14.035944,13.987917,13.991342,1246
2024-01-25 13:20:00,13.991342,13.997914,13.985075,13.993546,7092
2024-01-25 13:21:00,13.993546,13.998201,13.978127,13.984683,7818
2024-01-25 13:22:00,13.984683,13.990807,13.964168,13.972659,9110
2024-01-25 13:23:00,13.972659,13.979348,13.959765,13.975673,3772
2024-01-25 13:24:00,13.975673,13.980312,13.943010,13.960404,5886
2024-01-25 13:25:00,13.960404,13.965213,13.947664,13.950831,180
2024-01-25 13:26:00,13.950831,13.957245,13.892809,13.910967,6078
2024-01-25 13:27:00,13.910967,13.932071,13.899284,13.919908,3363
2024-01-25 13:28:00,13.919908,13.925357,13.891734,13.909456,2194
2024-01-25 13:29:00,13.909456,13.917447,13.898570,13.910830,8153
2024-01-25 13:30:00,13.910830,13.923441,13.879052,13.897556,2977
2024-01-25 13:31:00,13.897556,13.907047,13.883308,13.902172,3754
2024-01-25 13:32:00,13.902172,13.907785,13.883213,13.887030,1281
2024-01-25 13:33:00,13.887030,13.890919,13.849845,13.856092,842
2024-01-25 13:34:00,13.856092,13.884117,13.846087,13.867526,9985
2024-01-25 13:35:00,13.867526,13.874744,13.835970,13.845451,7153
2024-01-25 13:36:00,13.845451,13.862859,13.810051,13.819651,9828
2024-01-25 13:37:00,13.819651,13.834546,13.809093,13.819821,9914
2024-01-25 13:38:00,13.819821,13.837124,13.792080,13.797075,5733
2024-01-25 13:39:00,13.797075,13.822899,13.788535,13.814899,1927
2024-01-25 13:40:00,13.814899,13.831359,13.783206,13.799114,3733
2024-01-25 13:41:00,13.799114,13.842351,13.784654,13.823274,5882
2024-01-25 13:42:00,13.823274,13.853831,13.814532,13.843725,806
2024-01-25 13:43:00,13.843725,13.862028,13.836461,13.848734,8977
2024-01-25 13:44:00,13.848734,13.861616,13.815205,13.830323,1516
2024-01-25 13:45:00,13.830323,13.846636,13.819386,13.833455,3864
2024-01-25 13:46:00,13.833455,13.852149,13.827324,13.847186,1298
2024-01-25 13:47:00,13.847186,13.860159,13.831154,13.849106,1404
2024-01-25 13:48:00,13.849106,13.856339,13.819187,13.828058,7277
2024-01-25 13:49:00,13.828058,13.846113,13.812044,13.838129,3411
2024-01-25 13:50:00,13.838129,13.845081,13.814360,13.820381,499
2024-01-25 13:51:00,13.820381,13.877811,13.817783,13.858234,4920
2024-01-25 13:52:00,13.858234,13.885157,13.840391,13.873170,7203
2024-01-25 13:53:00,13.873170,13.895519,13.862424,13.884207,7097
2024-01-25 13:54:00,13.884207,13.900187,13.868025,13.872803,3028
2024-01-25 13:55:00,13.872803,13.876253,13.816706,13.832273,4367
2024-01-25 13:56:00,13.832273,13.853098,13.824444,13.851028,2032
2024-01-25 13:57:00,13.851028,13.863263,13.805882,13.823352,9122
2024-01-25 13:58:00,13.823352,13.832523,13.802088,13.816408,8657
2024-01-25 13:59:00,13.816408,13.855331,13.813899,13.841559,6847
2024-01-25 14:00:00,13.841559,13.870430,13.828704,13.854039,544
2024-01-25 14:01:00,13.854039,13.861381,13.821590,13.839237,8252
2024-01-25 14:02:00,13.839237,13.859426,13.832535,13.850078,3892
2024-01-25 14:03:00,13.850078,13.865987,13.831022,13.855226,130
2024-01-25 14:04:00,13.855226,13.889791,13.842555,13.880736,1698
2024-01-25 14:05:00,13.880736,13.895416,13.875609,13.883921,5309
2024-01-25 14:06:00,13.883921,13.926639,13.865945,13.907458,3399
2024-01-25 14:07:00,13.907458,13.917884,13.883708,13.897925,8587
2024-01-25 14:08:00,13.897925,13.901432,13.882089,13.884810,8463
2024-01-25 14:09:00,13.884810,13.908326,13.879327,13.890220,9708
2024-01-25 14:10:00,13.890220,13.896692,13.817743,13.836978,8043
2024-01-25 14:11:00,13.836978,13.875714,13.832179,13.860210,6339
2024-01-25 14:12:00,13.860210,13.876641,13.830662,13.835019,6530
2024-01-25 14:13:00,13.835019,13.846886,13.818528,13.833320,7338
2024-01-25 14:14:00,13.833320,13.847901,13.796902,13.812546,4300
2024-01-25 14:15:00,13.812546,13.816904,13.785126,13.788988,7635
2024-01-25 14:16:00,13.788988,13.793125,13.781693,13.785210,9234
2024-01-25 14:17:00,13.785210,13.788221,13.756132,13.774613,6295
2024-01-25 14:18:00,13.774613,13.797339,13.761298,13.786697,6600
2024-01-25 14:19:00,13.786697,13.830136,13.778082,13.815683,5547
2024-01-25 14:20:00,13.815683,13.831248,13.753266,13.773251,1169
2024-01-25 14:21:00,13.773251,13.795724,13.762585,13.787247,7800
2024-01-25 14:22:00,13.787247,13.816417,13.780598,13.806067,9326
2024-01-25 14:23:00,13.806067,13.820487,13.793470,13.814473,2327
2024-01-25 14:24:00,13.814473,13.821380,13.785629,13.799099,9426
2024-01-25 14:25:00,13.799099,13.831259,13.781697,13.812255,8964
2024-01-25 14:26:00,13.812255,13.847887,13.803885,13.829868,4669
2024-01-25 14:27:00,13.829868,13.838269,13.827695,13.833384,8558
2024-01-25 14:28:00,13.833384,13.839220,13.817982,13.822916,930
2024-01-25 14:29:00,13.822916,13.835746,13.807938,13.815692,5061
2024-01-25 14:30:00,13.815692,13.849756,13.798004,13.839638,8156
2024-01-25 14:31:00,13.839638,13.857217,13.836263,13.845792,6126
2024-01-25 14:32:00,13.845792,13.849216,13.810846,13.828009,1457
2024-01-25 14:33:00,13.828009,13.847812,13.809353,13.817718,9023
2024-01-25 14:34:00,13.817718,13.835438,13.799589,13.803376,7765
2024-01-25 14:35:00,13.803376,13.814763,13.754870,13.760034,5248
2024-01-25 14:36:00,13.760034,13.776446,13.740576,13.768738,9900
2024-01-25 14:37:00,13.768738,13.792489,13.753042,13.779154,6341
2024-01-25 14:38:00,13.779154,13.784895,13.734282,13.744227,8714
2024-01-25 14:39:00,13.744227,13.766851,13.728821,13.755026,8664
2024-01-25 14:40:00,13.755026,13.765422,13.748118,13.753089,2344
2024-01-25 14:41:00,13.753089,13.780298,13.741421,13.769389,287
2024-01-25 14:42:00,13.769389,13.775394,13.753669,13.768092,9373
2024-01-25 14:43:00,13.768092,13.779660,13.761137,13.765596,275
2024-01-25 14:44:00,13.765596,13.777439,13.737717,13.752903,180
2024-01-25 14:45:00,13.752903,13.757779,13.729926,13.733873,3696
2024-01-25 14:46:00,13.733873,13.750176,13.700513,13.716783,4177
2024-01-25 14:47:00,13.716783,13.741751,13.713633,13.726517,3660
2024-01-25 14:48:00,13.726517,13.739721,13.706886,13.719375,8479
2024-01-25 14:49:00,13.719375,13.726854,13.707457,13.723535,9749
2024-01-25 14:50:00,13.723535,13.756897,13.720526,13.738194,3152
2024-01-25 14:51:00,13.738194,13.759578,13.729958,13.746221,8949
2024-01-25 14:52:00,13.746221,13.752225,13.713768,13.730590,6198
2024-01-25 14:53:00,13.730590,13.747087,13.676176,13.689254,8523
2024-01-25 14:54:00,13.689254,13.701103,13.652622,13.662108,6348
2024-01-25 14:55:00,13.662108,13.688064,13.656972,13.672987,230
2024-01-25 14:56:00,13.672987,13.696913,13.658782,13.690632,9194
2024-01-25 14:57:00,13.690632,13.704462,13.667551,13.678250,5925
2024-01-25 14:58:00,13.678250,13.690376,13.662755,13.678114,1224
2024-01-25 14:59:00,13.678114,13.697975,13.651718,13.658658,3378
2024-01-25 15:00:00,13.658658,13.662954,13.626856,13.643952,9694
2024-01-26 09:31:00,13.944117,13.957132,13.939586,13.953936,4703
2024-01-26 09:32:00,13.953936,13.962672,13.941635,13.958124,6368
2024-01-26 09:33:00,13.958124,13.966232,13.946873,13.958603,609
2024-01-26 09:34:00,13.958603,13.974872,13.943924,13.964349,7267
2024-01-26 09:35:00,13.964349,13.968306,13.939779,13.959692,760
2024-01-26 09:36:00,13.959692,13.973176,13.942706,13.958119,4206
2024-01-26 09:37:00,13.958119,13.980635,13.941685,13.962534,5422
2024-01-26 09:38:00,13.962534,13.978142,13.944000,13.954148,5374
2024-01-26 09:39:00,13.954148,13.973527,13.931092,13.936520,6463
2024-01-26 09:40:00,13.936520,13.954389,13.910481,13.927283,6886
2024-01-26 09:41:00,13.927283,13.941455,13.909911,13.926300,5013
2024-01-26 09:42:00,13.926300,13.942589,13.881377,13.898739,7032
2024-01-26 09:43:00,13.898739,13.917610,13.892348,13.896157,4941
2024-01-26 09:44:00,13.896157,13.921965,13.892967,13.915192,3612
2024-01-26 09:45:00,13.915192,13.933299,13.891253,13.907696,7206
2024-01-26 09:46:00,13.907696,13.922859,13.898760,13.908481,6927
2024-01-26 09:47:00,13.908481,13.930499,13.904737,13.918692,6665
2024-01-26 09:48:00,13.918692,13.923845,13.898272,13.910350,370
2024-01-26 09:49:00,13.910350,13.930916,13.906471,13.915219,7057
2024-01-26 09:50:00,13.915219,13.929924,13.885924,13.891947,7258
2024-01-26 09:51:00,13.891947,13.900247,13.882955,13.895250,597
2024-01-26 09:52:00,13.895250,13.901090,13.868608,13.883302,3287
2024-01-26 09:53:00,13.883302,13.894982,13.862841,13.872144,9740
2024-01-26 09:54:00,13.872144,13.886005,13.855821,13.864120,9058
2024-01-26 09:55:00,13.864120,13.874754,13.839248,13.855441,1765
2024-01-26 09:56:00,13.855441,13.895806,13.848593,13.876094,8809
2024-01-26 09:57:00,13.876094,13.891229,13.861416,13.882696,196
2024-01-26 09:58:00,13.882696,13.895279,13.855712,13.872088,3600
2024-01-26 09:59:00,13.872088,13.895901,13.869180,13.890611,4787
2024-01-26 10:00:00,13.890611,13.918549,13.875640,13.899422,1579
2024-01-26 10:01:00,13.899422,13.916099,13.883350,13.897138,6755
2024-01-26 10:02:00,13.897138,13.908022,13.876195,13.885498,1613
2024-01-26 10:03:00,13.885498,13.890120,13.861973,13.875963,4717
2024-01-26 10:04:00,13.875963,13.885797,13.849234,13.856442,1927
2024-01-26 10:05:00,13.856442,13.876827,13.847548,13.861682,7005
2024-01-26 10:06:00,13.861682,13.878138,13.852378,13.872437,9741
2024-01-26 10:07:00,13.872437,13.879990,13.854466,13.862205,277
2024-01-26 10:08:00,13.862205,13.885643,13.846778,13.871165,811
2024-01-26 10:09:00,13.871165,13.886989,13.854778,13.880551,9565
2024-01-26 10:10:00,13.880551,13.903598,13.865633,13.889636,7112
2024-01-26 10:11:00,13.889636,13.920771,13.881315,13.913707,9911
2024-01-26 10:12:00,13.913707,13.932355,13.908944,13.921588,9641
2024-01-26 10:13:00,13.921588,13.942682,13.906109,13.933517,6138
2024-01-26 10:14:00,13.933517,13.951516,13.916319,13.933655,4623
2024-01-26 10:15:00,13.933655,13.952288,13.904906,13.908362,847
2024-01-26 10:16:00,13.908362,13.934791,13.900522,13.922194,8690
2024-01-26 10:17:00,13.922194,13.926633,13.908046,13.921053,9450
2024-01-26 10:18:00,13.921053,13.943527,13.912033,13.939419,8849
2024-01-26 10:19:00,13.939419,13.946954,13.913241,13.916051,8374
2024-01-26 10:20:00,13.916051,13.946705,13.910941,13.935798,7554
2024-01-26 10:21:00,13.935798,13.945564,13.925002,13.927983,2704
2024-01-26 10:22:00,13.927983,13.949138,13.913937,13.933303,3094
2024-01-26 10:23:00,13.933303,13.943175,13.924955,13.940549,115
2024-01-26 10:24:00,13.940549,13.986535,13.931076,13.971179,3245
2024-01-26 10:25:00,13.971179,14.015827,13.968089,13.996345,827
2024-01-26 10:26:00,13.996345,14.033220,13.984939,14.022770,909
2024-01-26 10:27:00,14.022770,14.030776,14.014673,14.019461,2058
2024-01-26 10:28:00,14.019461,14.038961,13.999779,14.010443,1559
2024-01-26 10:29:00,14.010443,14.049226,13.996803,14.036209,4345
2024-01-26 10:30:00,14.036209,14.075022,14.032562,14.056645,8576
2024-01-26 10:31:00,14.056645,14.069377,14.036534,14.051988,9918
2024-01-26 10:32:00,14.051988,14.081776,14.033561,14.075977,6304
2024-01-26 10:33:00,14.075977,14.094509,14.061350,14.085963,1513
2024-01-26 10:34:00,14.085963,14.113065,14.066267,14.100933,8048
2024-01-26 10:35:00,14.100933,14.112124,14.073042,14.079947,9871
2024-01-26 10:36:00,14.079947,14.083475,14.061080,14.069494,8857
2024-01-26 10:37:00,14.069494,14.109594,14.061634,14.093455,8165
2024-01-26 10:38:00,14.093455,14.155354,14.081176,14.138742,9879
2024-01-26 10:39:00,14.138742,14.158067,14.120183,14.130244,5231
2024-01-26 10:40:00,14.130244,14.138923,14.113284,14.118473,962
2024-01-26 10:41:00,14.118473,14.126771,14.095793,14.101004,3157
2024-01-26 10:42:00,14.101004,14.108719,14.095731,14.102185,6979
2024-01-26 10:43:00,14.102185,14.115444,14.089649,14.096620,7323
2024-01-26 10:44:00,14.096620,14.126929,14.088026,14.115573,3413
2024-01-26 10:45:00,14.115573,14.129448,14.108603,14.112419,8318
2024-01-26 10:46:00,14.112419,14.144211,14.103075,14.129834,2550
2024-01-26 10:47:00,14.129834,14.148053,14.127283,14.132655,9528
2024-01-26 10:48:00,14.132655,14.162100,14.124838,14.143285,3542
2024-01-26 10:49:00,14.143285,14.193681,14.141215,14.186161,8581
2024-01-26 10:50:00,14.186161,14.222338,14.180273,14.214438,6361
2024-01-26 10:51:00,14.214438,14.248007,14.200528,14.244298,4752
2024-01-26 10:52:00,14.244298,14.256847,14.226615,14.243131,6587
2024-01-26 10:53:00,14.243131,14.266528,14.230019,14.250595,1156
2024-01-26 10:54:00,14.250595,14.308882,14.232678,14.297877,3759
2024-01-26 10:55:00,14.297877,14.336340,14.287322,14.332760,3592
2024-01-26 10:56:00,14.332760,14.377122,14.314193,14.373916,7998
2024-01-26 10:57:00,14.373916,14.431850,14.364764,14.419404,669
2024-01-26 10:58:00,14.419404,14.497281,14.401430,14.487448,2493
2024-01-26 10:59:00,14.487448,14.573990,14.472090,14.569870,1850
2024-01-26 11:00:00,14.569870,14.697522,14.556831,14.679298,5717
2024-01-26 11:01:00,14.679298,14.756577,14.674279,14.746443,9792
2024-01-26 11:02:00,14.746443,14.844023,14.730704,14.828788,9148
2024-01-26 11:03:00,14.828788,14.902033,14.818758,14.891377,4589
2024-01-26 11:04:00,14.891377,14.985399,14.887874,14.972558,8900
2024-01-26 11:05:00,14.972558,15.067179,14.956680,15.062183,6679
2024-01-26 11:06:00,15.062183,15.145299,15.052594,15.131313,4940
2024-01-26 11:07:00,15.131313,15.216811,15.123688,15.213836,4763
2024-01-26 11:08:00,15.213836,15.284703,15.201812,15.276425,424
2024-01-26 11:09:00,15.276425,15.353370,15.258878,15.345544,4058
2024-01-26 11:10:00,15.345544,15.381782,15.335003,15.376320,9996
2024-01-26 11:11:00,15.376320,15.429511,15.358466,15.415238,9987
2024-01-26 11:12:00,15.415238,15.426434,15.396743,15.423775,7488
2024-01-26 11:13:00,15.423775,15.425886,15.417238,15.422264,6416
2024-01-26 11:14:00,15.422264,15.429642,15.404322,15.419457,5942
2024-01-26 11:15:00,15.419457,15.422994,15.364858,15.380016,7083
2024-01-26 11:16:00,15.380016,15.394038,15.331338,15.350942,2026
2024-01-26 11:17:00,15.350942,15.367469,15.295126,15.307493,9748
2024-01-26 11:18:00,15.307493,15.313597,15.243310,15.253897,9928
2024-01-26 11:19:00,15.253897,15.262580,15.181312,15.197230,8266
2024-01-26 11:20:00,15.197230,15.216773,15.100984,15.113044,5530
2024-01-26 11:21:00,15.113044,15.123227,15.027315,15.042592,2894
2024-01-26 11:22:00,15.042592,15.045252,14.966611,14.980520,6204
2024-01-26 11:23:00,14.980520,14.999499,14.889685,14.896781,9926
2024-01-26 11:24:00,14.896781,14.907971,14.815393,14.823005,1926
2024-01-26 11:25:00,14.823005,14.827703,14.735575,14.748285,1761
2024-01-26 11:26:00,14.748285,14.753336,14.681432,14.685507,970
2024-01-26 11:27:00,14.685507,14.694272,14.647207,14.666104,6842
2024-01-26 11:28:00,14.666104,14.673739,14.607242,14.613778,6427
2024-01-26 11:29:00,14.613778,14.626793,14.547859,14.561446,2725
2024-01-26 11:30:00,14.561446,14.565187,14.497158,14.514687,9706
2024-01-26 13:01:00,14.514687,14.529836,14.444737,14.452175,1938
2024-01-26 13:02:00,14.452175,14.456009,14.379909,14.384937,1564
2024-01-26 13:03:00,14.384937,14.397875,14.354537,14.370296,2605
2024-01-26 13:04:00,14.370296,14.381757,14.311256,14.329445,6044
2024-01-26 13:05:00,14.329445,14.342872,14.274471,14.276823,7850
2024-01-26 13:06:00,14.276823,14.295258,14.243760,14.247322,2286
2024-01-26 13:07:00,14.247322,14.265968,14.216830,14.222749,5815
2024-01-26 13:08:00,14.222749,14.228429,14.194634,14.209933,4152
2024-01-26 13:09:00,14.209933,14.213667,14.171538,14.182171,1584
2024-01-26 13:10:00,14.182171,14.184754,14.159160,14.172086,8309
2024-01-26 13:11:00,14.172086,14.199970,14.160507,14.182796,6606
2024-01-26 13:12:00,14.182796,14.190689,14.132832,14.144792,6838
2024-01-26 13:13:00,14.144792,14.154396,14.103893,14.114790,8942
2024-01-26 13:14:00,14.114790,14.141524,14.096003,14.122364,4905
2024-01-26 13:15:00,14.122364,14.129308,14.074539,14.088629,7413
2024-01-26 13:16:00,14.088629,14.104078,14.086310,14.097029,2360
2024-01-26 13:17:00,14.097029,14.105477,14.057463,14.073292,9139
2024-01-26 13:18:00,14.073292,14.112995,14.063783,14.099103,4290
2024-01-26 13:19:00,14.099103,14.111330,14.081189,14.098550,2947
2024-01-26 13:20:00,14.098550,14.108901,14.091114,14.100509,2852
2024-01-26 13:21:00,14.100509,14.120198,14.076087,14.087551,770
2024-01-26 13:22:00,14.087551,14.136245,14.072167,14.121252,756
2024-01-26 13:23:00,14.121252,14.139391,14.083863,14.095664,2086
2024-01-26 13:24:00,14.095664,14.117690,14.089216,14.109243,5502
2024-01-26 13:25:00,14.109243,14.122205,14.098239,14.112783,7869
2024-01-26 13:26:00,14.112783,14.129895,14.071093,14.081127,7273
2024-01-26 13:27:00,14.081127,14.099179,14.075434,14.089043,2829
2024-01-26 13:28:00,14.089043,14.117775,14.075966,14.107740,191
2024-01-26 13:29:00,14.107740,14.126305,14.080607,14.089203,2703
2024-01-26 13:30:00,14.089203,14.104204,14.084271,14.090995,3157
2024-01-26 13:31:00,14.090995,14.119065,14.071373,14.104708,3044
2024-01-26 13:32:00,14.104708,14.106718,14.089528,14.097733,7670
2024-01-26 13:33:00,14.097733,14.105786,14.072786,14.078938,479
2024-01-26 13:34:00,14.078938,14.082313,14.066566,14.079271,118
2024-01-26 13:35:00,14.079271,14.093989,14.065932,14.070700,2559
2024-01-26 13:36:00,14.070700,14.086925,14.056204,14.075203,7505
2024-01-26 13:37:00,14.075203,14.079116,14.034664,14.043751,3427
2024-01-26 13:38:00,14.043751,14.058072,14.041556,14.048932,5804
2024-01-26 13:39:00,14.048932,14.066385,14.036979,14.059337,4662
2024-01-26 13:40:00,14.059337,14.067701,14.030005,14.048325,5089
2024-01-26 13:41:00,14.048325,14.065757,14.030877,14.051179,2404
2024-01-26 13:42:00,14.051179,14.060142,14.028963,14.032920,6043
2024-01-26 13:43:00,14.032920,14.047493,14.004511,14.023116,3450
2024-01-26 13:44:00,14.023116,14.041256,14.014417,14.018961,4983
2024-01-26 13:45:00,14.018961,14.024768,14.002151,14.004843,9547
2024-01-26 13:46:00,14.004843,14.016722,13.986951,13.993693,2263
2024-01-26 13:47:00,13.993693,14.010938,13.991319,13.993779,4321
2024-01-26 13:48:00,13.993779,14.000523,13.956330,13.970621,1071
2024-01-26 13:49:00,13.970621,13.996728,13.954717,13.977964,2639
2024-01-26 13:50:00,13.977964,14.002150,13.970024,13.991452,6286
2024-01-26 13:51:00,13.991452,14.012890,13.987108,14.005764,4544
2024-01-26 13:52:00,14.005764,14.027289,13.996991,14.016118,3393
2024-01-26 13:53:00,14.016118,14.037147,13.996302,14.031061,2683
2024-01-26 13:54:00,14.031061,14.073204,14.014054,14.070138,9916
2024-01-26 13:55:00,14.070138,14.111462,14.060021,14.108308,6687
2024-01-26 13:56:00,14.108308,14.112910,14.063237,14.082699,5465
2024-01-26 13:57:00,14.082699,14.090850,14.076163,14.088284,394
2024-01-26 13:58:00,14.088284,14.123419,14.080289,14.116253,598
2024-01-26 13:59:00,14.116253,14.121255,14.093729,14.110813,7552
2024-01-26 14:00:00,14.110813,14.113208,14.107542,14.110003,5419
2024-01-26 14:01:00,14.110003,14.121058,14.091448,14.118375,5261
2024-01-26 14:02:00,14.118375,14.152112,14.110443,14.145986,838
2024-01-26 14:03:00,14.145986,14.188572,14.141188,14.172504,321
2024-01-26 14:04:00,14.172504,14.186661,14.147328,14.162800,652
2024-01-26 14:05:00,14.162800,14.213447,14.145612,14.198610,853
2024-01-26 14:06:00,14.198610,14.215785,14.172513,14.181401,1966
2024-01-26 14:07:00,14.181401,14.185608,14.162524,14.175326,1034
2024-01-26 14:08:00,14.175326,14.189614,14.135547,14.148174,1124
2024-01-26 14:09:00,14.148174,14.154233,14.128877,14.143688,1691
2024-01-26 14:10:00,14.143688,14.180241,14.140936,14.171685,8452
2024-01-26 14:11:00,14.171685,14.190544,14.163060,14.186575,828
2024-01-26 14:12:00,14.186575,14.197992,14.153639,14.171337,5951
2024-01-26 14:13:00,14.171337,14.180126,14.162158,14.168996,1526
2024-01-26 14:14:00,14.168996,14.213428,14.159055,14.197729,4033
2024-01-26 14:15:00,14.197729,14.221842,14.181821,14.217183,210
2024-01-26 14:16:00,14.217183,14.234171,14.205382,14.214867,6610
2024-01-26 14:17:00,14.214867,14.228048,14.199590,14.222239,7592
2024-01-26 14:18:00,14.222239,14.239508,14.214781,14.217615,6797
2024-01-26 14:19:00,14.217615,14.237079,14.200757,14.215025,2554
2024-01-26 14:20:00,14.215025,14.217963,14.180385,14.192866,3397
2024-01-26 14:21:00,14.192866,14.202982,14.177284,14.185701,7832
2024-01-26 14:22:00,14.185701,14.200251,14.169963,14.198107,3022
2024-01-26 14:23:00,14.198107,14.222176,14.191171,14.209812,5950
2024-01-26 14:24:00,14.209812,14.239463,14.199200,14.228830,3860
2024-01-26 14:25:00,14.228830,14.246281,14.211317,14.234053,6238
2024-01-26 14:26:00,14.234053,14.262492,14.228533,14.244997,4549
2024-01-26 14:27:00,14.244997,14.276469,14.225556,14.271184,6842
2024-01-26 14:28:00,14.271184,14.273293,14.243161,14.251893,2295
2024-01-26 14:29:00,14.251893,14.272462,14.242439,14.263769,3910
2024-01-26 14:30:00,14.263769,14.283637,14.250071,14.259485,6258
2024-01-26 14:31:00,14.259485,14.264091,14.240827,14.259728,7193
2024-01-26 14:32:00,14.259728,14.278479,14.245562,14.273974,3945
2024-01-26 14:33:00,14.273974,14.291015,14.258902,14.282191,4153
2024-01-26 14:34:00,14.282191,14.293520,14.265522,14.283927,2451
2024-01-26 14:35:00,14.283927,14.309376,14.278237,14.301969,2004
2024-01-26 14:36:00,14.301969,14.305309,14.283404,14.287126,7620
2024-01-26 14:37:00,14.287126,14.297486,14.264340,14.272597,641
2024-01-26 14:38:00,14.272597,14.289961,14.260212,14.279480,2037
2024-01-26 14:39:00,14.279480,14.304990,14.268525,14.300305,3639
2024-01-26 14:40:00,14.300305,14.330592,14.292991,14.322945,4155
2024-01-26 14:41:00,14.322945,14.376215,14.308451,14.361543,977
2024-01-26 14:42:00,14.361543,14.364823,14.332027,14.343556,563
2024-01-26 14:43:00,14.343556,14.365156,14.340285,14.348527,9038
2024-01-26 14:44:00,14.348527,14.358979,14.334020,14.352720,3685
2024-01-26 14:45:00,14.352720,14.388235,14.338510,14.378159,284
2024-01-26 14:46:00,14.378159,14.383444,14.344941,14.358719,5654
2024-01-26 14:47:00,14.358719,14.370815,14.345594,14.359066,5869
2024-01-26 14:48:00,14.359066,14.410568,14.355239,14.396108,5150
2024-01-26 14:49:00,14.396108,14.405966,14.377746,14.399705,6005
2024-01-26 14:50:00,14.399705,14.431057,14.383580,14.414292,9804
2024-01-26 14:51:00,14.414292,14.445375,14.404554,14.428854,5106
2024-01-26 14:52:00,14.428854,14.452973,14.426029,14.441771,6608
2024-01-26 14:53:00,14.441771,14.464768,14.423216,14.457490,9794
2024-01-26 14:54:00,14.457490,14.461481,14.422671,14.441974,5559
2024-01-26 14:55:00,14.441974,14.444447,14.414039,14.433176,8090
2024-01-26 14:56:00,14.433176,14.464920,14.426624,14.447951,2627
2024-01-26 14:57:00,14.447951,14.493828,14.443315,14.475725,5778
2024-01-26 14:58:00,14.475725,14.520908,14.470486,14.507036,1985
2024-01-26 14:59:00,14.507036,14.519644,14.476095,14.487299,1425
2024-01-26 15:00:00,14.487299,14.490983,14.473355,14.481615,8736
2024-01-29 09:31:00,14.010025,14.034892,13.990409,14.017555,2341
2024-01-29 09:32:00,14.017555,14.026727,14.005603,14.018583,123
2024-01-29 09:33:00,14.018583,14.021869,13.993560,14.009909,6013
2024-01-29 09:34:00,14.009909,14.019005,13.990045,14.004766,1280
2024-01-29 09:35:00,14.004766,14.010344,13.975058,13.981390,1427
2024-01-29 09:36:00,13.981390,14.025346,13.964810,14.008261,6471
2024-01-29 09:37:00,14.008261,14.019885,13.986437,14.000288,439
2024-01-29 09:38:00,14.000288,14.014382,13.994191,14.010295,3889
2024-01-29 09:39:00,14.010295,14.028429,13.990806,14.008608,5045
2024-01-29 09:40:00,14.008608,14.032307,13.993936,14.015467,732
2024-01-29 09:41:00,14.015467,14.055323,13.995554,14.048153,6771
2024-01-29 09:42:00,14.048153,14.073947,14.032866,14.057730,2931
2024-01-29 09:43:00,14.057730,14.065679,14.037947,14.046722,6598
2024-01-29 09:44:00,14.046722,14.077998,14.041978,14.058175,8919
2024-01-29 09:45:00,14.058175,14.099179,14.044468,14.086317,7318
2024-01-29 09:46:00,14.086317,14.091907,14.065704,14.071491,2157
2024-01-29 09:47:00,14.071491,14.083913,14.060222,14.065150,1717
2024-01-29 09:48:00,14.065150,14.081488,14.060842,14.065356,4716
2024-01-29 09:49:00,14.065356,14.082752,14.026463,14.042557,4340
2024-01-29 09:50:00,14.042557,14.056748,14.036578,14.045797,7695
2024-01-29 09:51:00,14.045797,14.057969,14.018221,14.030678,8864
2024-01-29 09:52:00,14.030678,14.063471,14.021250,14.043474,5733
2024-01-29 09:53:00,14.043474,14.056885,14.005526,14.025471,6046
2024-01-29 09:54:00,14.025471,14.029080,13.991080,14.002287,3899
2024-01-29 09:55:00,14.002287,14.021587,13.995198,14.015720,7914
2024-01-29 09:56:00,14.015720,14.029171,13.977563,13.993149,3914
2024-01-29 09:57:00,13.993149,13.998047,13.980710,13.982919,1609
2024-01-29 09:58:00,13.982919,13.990737,13.948081,13.955203,4216
2024-01-29 09:59:00,13.955203,13.979176,13.944693,13.975127,2668
2024-01-29 10:00:00,13.975127,13.989834,13.957987,13.965858,6207
2024-01-29 10:01:00,13.965858,13.996859,13.952295,13.977865,6246
2024-01-29 10:02:00,13.977865,13.986021,13.969325,13.983311,7863
2024-01-29 10:03:00,13.983311,13.997753,13.978437,13.989216,8984
2024-01-29 10:04:00,13.989216,14.008230,13.970306,14.005036,2909
2024-01-29 10:05:00,14.005036,14.014750,13.982106,13.992245,8451
2024-01-29 10:06:00,13.992245,13.996654,13.986096,13.993704,6121
2024-01-29 10:07:00,13.993704,14.011769,13.969730,13.985197,1812
2024-01-29 10:08:00,13.985197,13.987733,13.945560,13.962826,4268
2024-01-29 10:09:00,13.962826,13.980326,13.947739,13.950885,4998
2024-01-29 10:10:00,13.950885,13.963504,13.942585,13.958080,7256
2024-01-29 10:11:00,13.958080,13.974135,13.938075,13.944662,6022
2024-01-29 10:12:00,13.944662,13.953972,13.922705,13.940210,7610
2024-01-29 10:13:00,13.940210,13.944050,13.912174,13.918099,7471
2024-01-29 10:14:00,13.918099,13.947493,13.906280,13.935151,4259
2024-01-29 10:15:00,13.935151,13.950001,13.918848,13.941386,2864
2024-01-29 10:16:00,13.941386,13.947831,13.926288,13.930072,5951
2024-01-29 10:17:00,13.930072,13.935187,13.891220,13.893608,7071
2024-01-29 10:18:00,13.893608,13.898688,13.870853,13.875957,9320
2024-01-29 10:19:00,13.875957,13.924117,13.861997,13.910757,591
2024-01-29 10:20:00,13.910757,13.913162,13.892536,13.902571,6357
2024-01-29 10:21:00,13.902571,13.917567,13.891677,13.914413,3391
2024-01-29 10:22:00,13.914413,13.936364,13.899564,13.925686,1477
2024-01-29 10:23:00,13.925686,13.946332,13.920003,13.929975,8322
2024-01-29 10:24:00,13.929975,13.936402,13.909336,13.928393,8693
2024-01-29 10:25:00,13.928393,13.946428,13.921847,13.932018,3362
2024-01-29 10:26:00,13.932018,13.940682,13.914139,13.935697,8564
2024-01-29 10:27:00,13.935697,13.949155,13.921728,13.931941,6187
2024-01-29 10:28:00,13.931941,13.943551,13.903720,13.923605,4181
2024-01-29 10:29:00,13.923605,13.943588,13.919327,13.923583,9072
2024-01-29 10:30:00,13.923583,13.937581,13.907458,13.914730,7191
2024-01-29 10:31:00,13.914730,13.918683,13.848533,13.866425,4549
2024-01-29 10:32:00,13.866425,13.870918,13.813516,13.829242,5176
2024-01-29 10:33:00,13.829242,13.836605,13.815457,13.820814,8794
2024-01-29 10:34:00,13.820814,13.824551,13.775266,13.791315,2157
2024-01-29 10:35:00,13.791315,13.825780,13.786412,13.810165,718
2024-01-29 10:36:00,13.810165,13.817791,13.792905,13.807428,1936
2024-01-29 10:37:00,13.807428,13.823078,13.787787,13.806420,4839
2024-01-29 10:38:00,13.806420,13.838084,13.791484,13.832106,7969
2024-01-29 10:39:00,13.832106,13.865770,13.814799,13.847211,6901
2024-01-29 10:40:00,13.847211,13.858392,13.818937,13.835655,9332
2024-01-29 10:41:00,13.835655,13.855611,13.797757,13.812622,610
2024-01-29 10:42:00,13.812622,13.830443,13.797052,13.825791,4328
2024-01-29 10:43:00,13.825791,13.840034,13.809704,13.822215,6778
2024-01-29 10:44:00,13.822215,13.838466,13.814537,13.826076,6409
2024-01-29 10:45:00,13.826076,13.839430,13.779811,13.794726,8566
2024-01-29 10:46:00,13.794726,13.823294,13.786313,13.805646,8726
2024-01-29 10:47:00,13.805646,13.817178,13.800004,13.805027,8820
2024-01-29 10:48:00,13.805027,13.816787,13.772324,13.774494,3626
2024-01-29 10:49:00,13.774494,13.776854,13.743977,13.747738,7196
2024-01-29 10:50:00,13.747738,13.753349,13.709643,13.724690,1698
2024-01-29 10:51:00,13.724690,13.769124,13.719407,13.751707,6761
2024-01-29 10:52:00,13.751707,13.783840,13.748264,13.767047,6601
2024-01-29 10:53:00,13.767047,13.778691,13.731077,13.744638,3647
2024-01-29 10:54:00,13.744638,13.757023,13.732145,13.753561,2198
2024-01-29 10:55:00,13.753561,13.770768,13.733647,13.751421,3877
2024-01-29 10:56:00,13.751421,13.766443,13.741265,13.756184,8760
2024-01-29 10:57:00,13.756184,13.761536,13.748395,13.759084,877
2024-01-29 10:58:00,13.759084,13.791854,13.756702,13.778189,8821
2024-01-29 10:59:00,13.778189,13.797559,13.757688,13.777097,1156
2024-01-29 11:00:00,13.777097,13.806840,13.764697,13.792116,421
2024-01-29 11:01:00,13.792116,13.806739,13.775071,13.781986,9797
2024-01-29 11:02:00,13.781986,13.788416,13.771778,13.777069,2460
2024-01-29 11:03:00,13.777069,13.784655,13.757545,13.761959,4173
2024-01-29 11:04:00,13.761959,13.782831,13.745606,13.780031,2022
2024-01-29 11:05:00,13.780031,13.804175,13.768737,13.793689,1296
2024-01-29 11:06:00,13.793689,13.827452,13.781531,13.809258,8365
2024-01-29 11:07:00,13.809258,13.843569,13.805633,13.833930,8853
2024-01-29 11:08:00,13.833930,13.838155,13.812792,13.822770,3685
2024-01-29 11:09:00,13.822770,13.829026,13.807723,13.826023,8694
2024-01-29 11:10:00,13.826023,13.832646,13.797319,13.809059,4586
2024-01-29 11:11:00,13.809059,13.814109,13.795263,13.807625,3471
2024-01-29 11:12:00,13.807625,13.829873,13.804878,13.825176,5755
2024-01-29 11:13:00,13.825176,13.834090,13.804523,13.816545,682
2024-01-29 11:14:00,13.816545,13.845078,13.811964,13.827129,2959
2024-01-29 11:15:00,13.827129,13.837332,13.815612,13.823929,4090
2024-01-29 11:16:00,13.823929,13.838369,13.800799,13.820055,9785
2024-01-29 11:17:00,13.820055,13.833794,13.803815,13.828051,272
2024-01-29 11:18:00,13.828051,13.858805,13.821659,13.839242,1552
2024-01-29 11:19:00,13.839242,13.884855,13.820677,13.866710,2727
2024-01-29 11:20:00,13.866710,13.890526,13.863986,13.870726,9092
2024-01-29 11:21:00,13.870726,13.879331,13.837174,13.842790,7215
2024-01-29 11:22:00,13.842790,13.847759,13.823672,13.843557,4664
2024-01-29 11:23:00,13.843557,13.868205,13.823792,13.861347,2393
2024-01-29 11:24:00,13.861347,13.894786,13.846181,13.879407,3434
2024-01-29 11:25:00,13.879407,13.904961,13.873694,13.886081,1770
2024-01-29 11:26:00,13.886081,13.895713,13.865933,13.881822,1728
2024-01-29 11:27:00,13.881822,13.891518,13.850910,13.869451,1344
2024-01-29 11:28:00,13.869451,13.887180,13.842990,13.856750,8268
2024-01-29 11:29:00,13.856750,13.881369,13.846229,13.862132,2714
2024-01-29 11:30:00,13.862132,13.881813,13.831546,13.844969,5096
2024-01-29 13:01:00,13.844969,13.868660,13.836030,13.853713,9377
2024-01-29 13:02:00,13.853713,13.880988,13.839772,13.875699,7484
2024-01-29 13:03:00,13.875699,13.894580,13.857424,13.864374,9353
2024-01-29 13:04:00,13.864374,13.870181,13.835490,13.853975,4088
2024-01-29 13:05:00,13.853975,13.858320,13.837924,13.852635,1957
2024-01-29 13:06:00,13.852635,13.857447,13.830268,13.834961,4337
2024-01-29 13:07:00,13.834961,13.839496,13.830175,13.835490,3981
2024-01-29 13:08:00,13.835490,13.841494,13.821195,13.837271,8248
2024-01-29 13:09:00,13.837271,13.858337,13.827660,13.852565,1263
2024-01-29 13:10:00,13.852565,13.872039,13.838344,13.845914,7400
2024-01-29 13:11:00,13.845914,13.898650,13.828677,13.886796,8076
2024-01-29 13:12:00,13.886796,13.925103,13.877202,13.913180,9268
2024-01-29 13:13:00,13.913180,13.926034,13.906688,13.918023,6564
2024-01-29 13:14:00,13.918023,13.923655,13.898197,13.913166,9548
2024-01-29 13:15:00,13.913166,13.923527,13.890244,13.908648,7708
2024-01-29 13:16:00,13.908648,13.929000,13.901243,13.909724,8744
2024-01-29 13:17:00,13.909724,13.923059,13.890262,13.902428,9317
2024-01-29 13:18:00,13.902428,13.927978,13.887081,13.922554,7037
2024-01-29 13:19:00,13.922554,13.926952,13.886803,13.902115,8726
2024-01-29 13:20:00,13.902115,13.918345,13.889922,13.906908,722
2024-01-29 13:21:00,13.906908,13.923235,13.897849,13.905916,1209
2024-01-29 13:22:00,13.905916,13.919198,13.880964,13.889464,5744
2024-01-29 13:23:00,13.889464,13.918930,13.883781,13.902080,7043
2024-01-29 13:24:00,13.902080,13.915117,13.883860,13.898769,9915
2024-01-29 13:25:00,13.898769,13.913042,13.889166,13.902119,4072
2024-01-29 13:26:00,13.902119,13.910048,13.876366,13.889512,8556
2024-01-29 13:27:00,13.889512,13.893259,13.870060,13.876226,8973
2024-01-29 13:28:00,13.876226,13.893993,13.861050,13.876985,883
2024-01-29 13:29:00,13.876985,13.880606,13.845828,13.859171,7532
2024-01-29 13:30:00,13.859171,13.876825,13.852555,13.866199,4703
2024-01-29 13:31:00,13.866199,13.921074,13.858460,13.907700,5551
2024-01-29 13:32:00,13.907700,13.910357,13.880464,13.897014,6131
2024-01-29 13:33:00,13.897014,13.918219,13.893114,13.912788,7076
2024-01-29 13:34:00,13.912788,13.926812,13.882177,13.894531,6243
2024-01-29 13:35:00,13.894531,13.899505,13.866514,13.880359,9391
2024-01-29 13:36:00,13.880359,13.882777,13.862896,13.878642,5884
2024-01-29 13:37:00,13.878642,13.892286,13.843067,13.860170,914
2024-01-29 13:38:00,13.860170,13.883379,13.841611,13.865929,4186
2024-01-29 13:39:00,13.865929,13.889687,13.855520,13.886462,2149
2024-01-29 13:40:00,13.886462,13.909405,13.878325,13.897757,8014
2024-01-29 13:41:00,13.897757,13.920205,13.882640,13.907227,1030
2024-01-29 13:42:00,13.907227,13.921431,13.897350,13.914603,4913
2024-01-29 13:43:00,13.914603,13.922710,13.891005,13.905147,2493
2024-01-29 13:44:00,13.905147,13.915060,13.892810,13.908248,2045
2024-01-29 13:45:00,13.908248,13.936545,13.892507,13.931863,2504
2024-01-29 13:46:00,13.931863,13.948782,13.895372,13.898691,5816
2024-01-29 13:47:00,13.898691,13.917120,13.885027,13.904007,4318
2024-01-29 13:48:00,13.904007,13.918074,13.888074,13.910888,3906
2024-01-29 13:49:00,13.910888,13.935746,13.903169,13.920361,6657
2024-01-29 13:50:00,13.920361,13.950860,13.905355,13.948271,4956
2024-01-29 13:51:00,13.948271,13.980893,13.937453,13.971168,7983
2024-01-29 13:52:00,13.971168,13.980019,13.948146,13.966399,9635
2024-01-29 13:53:00,13.966399,13.985606,13.957284,13.972447,7681
2024-01-29 13:54:00,13.972447,13.976530,13.966149,13.973365,6469
2024-01-29 13:55:00,13.973365,13.987551,13.958226,13.968284,8854
2024-01-29 13:56:00,13.968284,13.976682,13.950775,13.963361,8870
2024-01-29 13:57:00,13.963361,13.975833,13.938968,13.952458,9228
2024-01-29 13:58:00,13.952458,13.968599,13.948085,13.963078,5103
2024-01-29 13:59:00,13.963078,13.988271,13.955965,13.969922,2998
2024-01-29 14:00:00,13.969922,13.984062,13.951958,13.968284,9020
2024-01-29 14:01:00,13.968284,13.976805,13.937991,13.951377,9138
2024-01-29 14:02:00,13.951377,14.017373,13.943346,14.001236,3548
2024-01-29 14:03:00,14.001236,14.003832,13.972584,13.990928,5909
2024-01-29 14:04:00,13.990928,14.020890,13.987527,14.009085,5866
2024-01-29 14:05:00,14.009085,14.020756,14.000534,14.004607,4036
2024-01-29 14:06:00,14.004607,14.017398,13.998336,14.010091,6117
2024-01-29 14:07:00,14.010091,14.028942,13.999257,14.007850,5760
2024-01-29 14:08:00,14.007850,14.036369,14.003613,14.018848,797
2024-01-29 14:09:00,14.018848,14.034077,14.010782,14.027932,9087
2024-01-29 14:10:00,14.027932,14.046009,14.013133,14.024476,3701
2024-01-29 14:11:00,14.024476,14.031498,13.968747,13.986718,7663
2024-01-29 14:12:00,13.986718,13.994384,13.976177,13.986315,9553
2024-01-29 14:13:00,13.986315,13.999975,13.974277,13.984621,6177
2024-01-29 14:14:00,13.984621,13.990006,13.955476,13.965209,1873
2024-01-29 14:15:00,13.965209,13.984052,13.943267,13.950460,5185
2024-01-29 14:16:00,13.950460,13.988403,13.931279,13.984089,5089
2024-01-29 14:17:00,13.984089,14.010616,13.980460,14.002470,4704
2024-01-29 14:18:00,14.002470,14.025420,13.985856,14.012413,9945
2024-01-29 14:19:00,14.012413,14.027736,14.008517,14.015148,8916
2024-01-29 14:20:00,14.015148,14.028725,13.995330,14.019486,1697
2024-01-29 14:21:00,14.019486,14.078293,14.004447,14.068661,9984
2024-01-29 14:22:00,14.068661,14.079792,14.065531,14.069621,3225
2024-01-29 14:23:00,14.069621,14.074214,14.047722,14.052764,9119
2024-01-29 14:24:00,14.052764,14.060667,14.041548,14.050438,668
2024-01-29 14:25:00,14.050438,14.068344,14.037953,14.055527,3286
2024-01-29 14:26:00,14.055527,14.072600,14.050118,14.053438,1427
2024-01-29 14:27:00,14.053438,14.084380,14.045085,14.065280,255
2024-01-29 14:28:00,14.065280,14.085122,14.054559,14.074953,260
2024-01-29 14:29:00,14.074953,14.078695,14.054558,14.067948,1735
2024-01-29 14:30:00,14.067948,14.082102,14.054692,14.061975,6795
2024-01-29 14:31:00,14.061975,14.076150,14.032605,14.047985,2371
2024-01-29 14:32:00,14.047985,14.056089,14.036215,14.044719,9220
2024-01-29 14:33:00,14.044719,14.048953,14.025014,14.045004,9494
2024-01-29 14:34:00,14.045004,14.062517,14.035368,14.041858,9624
2024-01-29 14:35:00,14.041858,14.052383,14.013170,14.024214,4995
2024-01-29 14:36:00,14.024214,14.034586,14.009087,14.026979,7174
2024-01-29 14:37:00,14.026979,14.032598,13.995480,14.011223,4692
2024-01-29 14:38:00,14.011223,14.035417,14.006180,14.022017,8214
2024-01-29 14:39:00,14.022017,14.024398,14.004063,14.014072,4877
2024-01-29 14:40:00,14.014072,14.019212,13.990733,13.993579,7899
2024-01-29 14:41:00,13.993579,14.045882,13.987734,14.031981,303
2024-01-29 14:42:00,14.031981,14.059149,14.029627,14.044999,1434
2024-01-29 14:43:00,14.044999,14.051365,14.022294,14.036330,3181
2024-01-29 14:44:00,14.036330,14.088813,14.020514,14.078681,7320
2024-01-29 14:45:00,14.078681,14.089595,14.063367,14.082838,659
2024-01-29 14:46:00,14.082838,14.120158,14.070604,14.110573,7481
2024-01-29 14:47:00,14.110573,14.119923,14.106821,14.111035,3301
2024-01-29 14:48:00,14.111035,14.122988,14.096963,14.102685,8661
2024-01-29 14:49:00,14.102685,14.130471,14.099763,14.117269,9695
2024-01-29 14:50:00,14.117269,14.121345,14.090546,14.099534,6319
2024-01-29 14:51:00,14.099534,14.104919,14.094190,14.101800,2160
2024-01-29 14:52:00,14.101800,14.126407,14.086365,14.115782,3593
2024-01-29 14:53:00,14.115782,14.137998,14.099532,14.123713,1582
2024-01-29 14:54:00,14.123713,14.131549,14.092129,14.094908,5797
2024-01-29 14:55:00,14.094908,14.109373,14.086201,14.094725,6891
2024-01-29 14:56:00,14.094725,14.115647,14.082681,14.098722,3008
2024-01-29 14:57:00,14.098722,14.115879,14.083928,14.104908,8869
2024-01-29 14:58:00,14.104908,14.109372,14.090373,14.096951,8177
2024-01-29 14:59:00,14.096951,14.105693,14.068030,14.081028,2498
2024-01-29 15:00:00,14.081028,14.093485,14.074965,14.077250,3959
2024-01-30 09:31:00,14.074830,14.094385,14.067049,14.080278,5128
2024-01-30 09:32:00,14.080278,14.101100,14.068379,14.083574,8711
2024-01-30 09:33:00,14.083574,14.119712,14.077016,14.108642,6389
2024-01-30 09:34:00,14.108642,14.125472,14.068982,14.087987,3509
2024-01-30 09:35:00,14.087987,14.113882,14.073106,14.106551,6279
2024-01-30 09:36:00,14.106551,14.146338,14.103291,14.128195,6555
2024-01-30 09:37:00,14.128195,14.136398,14.109053,14.112290,1681
2024-01-30 09:38:00,14.112290,14.128150,14.078313,14.085706,1590
2024-01-30 09:39:00,14.085706,14.095696,14.042614,14.062195,7915
2024-01-30 09:40:00,14.062195,14.079095,14.050235,14.071978,7816
2024-01-30 09:41:00,14.071978,14.086027,14.053496,14.070084,2924
2024-01-30 09:42:00,14.070084,14.079991,14.030283,14.033661,8474
2024-01-30 09:43:00,14.033661,14.035755,14.019798,14.024419,5464
2024-01-30 09:44:00,14.024419,14.038533,14.021268,14.031408,1428
2024-01-30 09:45:00,14.031408,14.034279,14.016560,14.021684,8116
2024-01-30 09:46:00,14.021684,14.059165,14.011130,14.044272,7801
2024-01-30 09:47:00,14.044272,14.047137,14.023601,14.037466,9346
2024-01-30 09:48:00,14.037466,14.057738,14.031498,14.043480,4686
2024-01-30 09:49:00,14.043480,14.084610,14.041441,14.074190,9630
2024-01-30 09:50:00,14.074190,14.081994,14.071875,14.077026,4872
2024-01-30 09:51:00,14.077026,14.094965,14.063596,14.068980,9887
2024-01-30 09:52:00,14.068980,14.099722,14.052232,14.080651,6929
2024-01-30 09:53:00,14.080651,14.093861,14.051766,14.066329,8390
2024-01-30 09:54:00,14.066329,14.084242,14.035061,14.038047,3361
2024-01-30 09:55:00,14.038047,14.046543,14.019626,14.032605,8762
2024-01-30 09:56:00,14.032605,14.035927,14.011116,14.018225,609
2024-01-30 09:57:00,14.018225,14.035148,13.948304,13.966052,2542
2024-01-30 09:58:00,13.966052,13.993272,13.953281,13.973751,7453
2024-01-30 09:59:00,13.973751,13.984362,13.960527,13.964824,7967
2024-01-30 10:00:00,13.964824,13.971559,13.956011,13.968900,2346
2024-01-30 10:01:00,13.968900,13.985525,13.962520,13.965739,1861
2024-01-30 10:02:00,13.965739,13.986909,13.950476,13.974300,1424
2024-01-30 10:03:00,13.974300,13.998873,13.970598,13.985806,2071
2024-01-30 10:04:00,13.985806,14.025974,13.973403,14.012378,6213
2024-01-30 10:05:00,14.012378,14.021421,13.992009,14.004555,2737
2024-01-30 10:06:00,14.004555,14.020699,13.990210,13.993018,918
2024-01-30 10:07:00,13.993018,14.029357,13.977817,14.024839,3433
2024-01-30 10:08:00,14.024839,14.037270,14.016487,14.028880,3247
2024-01-30 10:09:00,14.028880,14.047417,14.016675,14.034437,5257
2024-01-30 10:10:00,14.034437,14.058524,14.022127,14.046823,4814
2024-01-30 10:11:00,14.046823,14.053250,14.025253,14.038574,1146
2024-01-30 10:12:00,14.038574,14.054058,14.027316,14.038926,7528
2024-01-30 10:13:00,14.038926,14.041251,14.021257,14.026830,6612
2024-01-30 10:14:00,14.026830,14.054998,14.015256,14.048440,3507
2024-01-30 10:15:00,14.048440,14.073346,14.031732,14.061914,6043
2024-01-30 10:16:00,14.061914,14.079664,14.048433,14.061777,7089
2024-01-30 10:17:00,14.061777,14.111803,14.056852,14.098669,7565
2024-01-30 10:18:00,14.098669,14.128794,14.091263,14.123494,8910
2024-01-30 10:19:00,14.123494,14.137802,14.095819,14.109893,7954
2024-01-30 10:20:00,14.109893,14.123436,14.083187,14.095773,5572
2024-01-30 10:21:00,14.095773,14.107992,14.089823,14.100278,5199
2024-01-30 10:22:00,14.100278,14.103579,14.093819,14.099975,8044
2024-01-30 10:23:00,14.099975,14.113659,14.063387,14.080868,6836
2024-01-30 10:24:00,14.080868,14.096611,14.052232,14.066048,1109
2024-01-30 10:25:00,14.066048,14.084223,14.034108,14.046463,1392
2024-01-30 10:26:00,14.046463,14.078811,14.032572,14.069699,3225
2024-01-30 10:27:00,14.069699,14.083760,14.051726,14.071631,7771
2024-01-30 10:28:00,14.071631,14.097007,14.067000,14.085886,2259
2024-01-30 10:29:00,14.085886,14.105885,14.060185,14.079982,1881
2024-01-30 10:30:00,14.079982,14.092594,14.063779,14.076825,2868
2024-01-30 10:31:00,14.076825,14.092929,14.049178,14.065521,3267
2024-01-30 10:32:00,14.065521,14.105968,14.050578,14.088116,8075
2024-01-30 10:33:00,14.088116,14.091639,14.077733,14.083866,6257
2024-01-30 10:34:00,14.083866,14.096037,14.044584,14.061655,2541
2024-01-30 10:35:00,14.061655,14.073388,14.042696,14.062478,9987
2024-01-30 10:36:00,14.062478,14.080121,14.056194,14.059851,5728
2024-01-30 10:37:00,14.059851,14.087744,14.042181,14.082341,3227
2024-01-30 10:38:00,14.082341,14.118614,14.063460,14.105925,5197
2024-01-30 10:39:00,14.105925,14.125542,14.095639,14.102381,602
2024-01-30 10:40:00,14.102381,14.105176,14.076276,14.090003,2229
2024-01-30 10:41:00,14.090003,14.106803,14.076200,14.093608,2028
2024-01-30 10:42:00,14.093608,14.118375,14.075146,14.102156,5742
2024-01-30 10:43:00,14.102156,14.120473,14.077466,14.093428,2497
2024-01-30 10:44:00,14.093428,14.106298,14.087584,14.093823,9896
2024-01-30 10:45:00,14.093823,14.111107,14.076778,14.084776,9318
2024-01-30 10:46:00,14.084776,14.087767,14.057788,14.069094,5089
2024-01-30 10:47:00,14.069094,14.093204,14.049614,14.075752,8727
2024-01-30 10:48:00,14.075752,14.115778,14.070075,14.106784,1057
2024-01-30 10:49:00,14.106784,14.121502,14.078938,14.095157,3850
2024-01-30 10:50:00,14.095157,14.114650,14.080792,14.086453,4763
2024-01-30 10:51:00,14.086453,14.097231,14.072274,14.087105,7902
2024-01-30 10:52:00,14.087105,14.104887,14.084263,14.096819,4078
2024-01-30 10:53:00,14.096819,14.101515,14.072121,14.088183,7097
2024-01-30 10:54:00,14.088183,14.091004,14.058429,14.069211,4351
2024-01-30 10:55:00,14.069211,14.076484,14.049681,14.057134,8426
2024-01-30 10:56:00,14.057134,14.073750,14.026895,14.041078,8523
2024-01-30 10:57:00,14.041078,14.063936,14.029161,14.058012,9771
2024-01-30 10:58:00,14.058012,14.068589,14.052033,14.064747,2906
2024-01-30 10:59:00,14.064747,14.091099,14.049499,14.071173,9445
2024-01-30 11:00:00,14.071173,14.089837,14.037216,14.050507,4535
2024-01-30 11:01:00,14.050507,14.073083,14.038355,14.057802,1381
2024-01-30 11:02:00,14.057802,14.088910,14.053890,14.069099,1613
2024-01-30 11:03:00,14.069099,14.099018,14.051066,14.085531,5217
2024-01-30 11:04:00,14.085531,14.100402,14.050063,14.054419,4271
2024-01-30 11:05:00,14.054419,14.081109,14.039261,14.066487,4213
2024-01-30 11:06:00,14.066487,14.126903,14.059379,14.108989,7777
2024-01-30 11:07:00,14.108989,14.113756,14.093875,14.100353,1535
2024-01-30 11:08:00,14.100353,14.153083,14.087568,14.133808,8139
2024-01-30 11:09:00,14.133808,14.167751,14.123590,14.162527,7249
2024-01-30 11:10:00,14.162527,14.173636,14.151408,14.160748,1017
2024-01-30 11:11:00,14.160748,14.170778,14.129947,14.149326,6854
2024-01-30 11:12:00,14.149326,14.158771,14.130272,14.138342,5145
2024-01-30 11:13:00,14.138342,14.153548,14.111902,14.115421,1860
2024-01-30 11:14:00,14.115421,14.125101,14.108566,14.118271,7348
2024-01-30 11:15:00,14.118271,14.141747,14.105482,14.128876,4941
2024-01-30 11:16:00,14.128876,14.145424,14.105727,14.108712,8200
2024-01-30 11:17:00,14.108712,14.124301,14.104167,14.116073,5172
2024-01-30 11:18:00,14.116073,14.132010,14.104519,14.108147,9860
2024-01-30 11:19:00,14.108147,14.137853,14.089527,14.119735,3391
2024-01-30 11:20:00,14.119735,14.128716,14.104231,14.107890,5981
2024-01-30 11:21:00,14.107890,14.137752,14.105336,14.129502,2280
2024-01-30 11:22:00,14.129502,14.138397,14.122119,14.134165,9611
2024-01-30 11:23:00,14.134165,14.142989,14.115481,14.133076,5050
2024-01-30 11:24:00,14.133076,14.144504,14.119249,14.136575,2008
2024-01-30 11:25:00,14.136575,14.152942,14.110025,14.119615,8343
2024-01-30 11:26:00,14.119615,14.131268,14.104258,14.108385,3762
2024-01-30 11:27:00,14.108385,14.111245,14.099552,14.101707,8343
2024-01-30 11:28:00,14.101707,14.118251,14.093004,14.096347,8881
2024-01-30 11:29:00,14.096347,14.103758,14.076626,14.085357,8263
2024-01-30 11:30:00,14.085357,14.106198,14.075872,14.102413,8294
2024-01-30 13:01:00,14.102413,14.121374,14.093698,14.105426,9789
2024-01-30 13:02:00,14.105426,14.115226,14.091432,14.112175,6277
2024-01-30 13:03:00,14.112175,14.138483,14.098657,14.120677,9539
2024-01-30 13:04:00,14.120677,14.128372,14.100638,14.108271,7928
2024-01-30 13:05:00,14.108271,14.138116,14.104540,14.118280,1971
2024-01-30 13:06:00,14.118280,14.138444,14.110920,14.123553,8958
2024-01-30 13:07:00,14.123553,14.139010,14.100818,14.111292,2102
2024-01-30 13:08:00,14.111292,14.123944,14.089998,14.098251,2826
2024-01-30 13:09:00,14.098251,14.108896,14.094441,14.101210,360
2024-01-30 13:10:00,14.101210,14.130551,14.092771,14.115608,6566
2024-01-30 13:11:00,14.115608,14.127152,14.080197,14.099670,6293
2024-01-30 13:12:00,14.099670,14.105843,14.072174,14.090147,2581
2024-01-30 13:13:00,14.090147,14.097792,14.064946,14.083271,8771
2024-01-30 13:14:00,14.083271,14.085390,14.044724,14.063592,1914
2024-01-30 13:15:00,14.063592,14.111753,14.053343,14.097090,595
2024-01-30 13:16:00,14.097090,14.115214,14.086932,14.096293,6479
2024-01-30 13:17:00,14.096293,14.099168,14.060224,14.076426,2949
2024-01-30 13:18:00,14.076426,14.092654,14.062765,14.073544,5993
2024-01-30 13:19:00,14.073544,14.076755,14.042301,14.055405,9892
2024-01-30 13:20:00,14.055405,14.076579,14.037430,14.062077,6195
2024-01-30 13:21:00,14.062077,14.077599,14.033798,14.049499,1985
2024-01-30 13:22:00,14.049499,14.076494,14.047131,14.066967,7872
2024-01-30 13:23:00,14.066967,14.081948,14.034936,14.053115,8994
2024-01-30 13:24:00,14.053115,14.073358,14.043924,14.054272,5519
2024-01-30 13:25:00,14.054272,14.061750,14.023521,14.036236,7756
2024-01-30 13:26:00,14.036236,14.050266,14.011237,14.029597,2854
2024-01-30 13:27:00,14.029597,14.037656,13.998615,14.005341,9424
2024-01-30 13:28:00,14.005341,14.011154,13.982726,13.986429,4438
2024-01-30 13:29:00,13.986429,14.013050,13.979449,14.004079,1477
2024-01-30 13:30:00,14.004079,14.031623,13.991348,14.025190,3585
2024-01-30 13:31:00,14.025190,14.041063,13.986599,14.002855,2693
2024-01-30 13:32:00,14.002855,14.013976,13.994262,14.000914,7784
2024-01-30 13:33:00,14.000914,14.028959,13.985473,14.013120,8970
2024-01-30 13:34:00,14.013120,14.026907,13.981919,13.987472,4795
2024-01-30 13:35:00,13.987472,14.013655,13.967814,14.003637,6728
2024-01-30 13:36:00,14.003637,14.030365,13.990404,14.020621,8719
2024-01-30 13:37:00,14.020621,14.032753,13.987267,14.006904,5181
2024-01-30 13:38:00,14.006904,14.039129,13.991132,14.030270,5039
2024-01-30 13:39:00,14.030270,14.047606,14.014880,14.039979,7666
2024-01-30 13:40:00,14.039979,14.047541,14.010646,14.016234,9193
2024-01-30 13:41:00,14.016234,14.030834,14.012652,14.023267,2306
2024-01-30 13:42:00,14.023267,14.036194,14.021143,14.030970,8403
2024-01-30 13:43:00,14.030970,14.045769,14.014037,14.041124,4596
2024-01-30 13:44:00,14.041124,14.065625,14.033307,14.060505,4159
2024-01-30 13:45:00,14.060505,14.077521,14.043016,14.071901,4182
2024-01-30 13:46:00,14.071901,14.078282,14.042764,14.052224,9221
2024-01-30 13:47:00,14.052224,14.054408,14.019048,14.031115,7813
2024-01-30 13:48:00,14.031115,14.054520,14.022410,14.049145,1054
2024-01-30 13:49:00,14.049145,14.079829,14.037737,14.073818,1355
2024-01-30 13:50:00,14.073818,14.076218,14.058559,14.065799,4975
2024-01-30 13:51:00,14.065799,14.082599,14.056741,14.067570,3464
2024-01-30 13:52:00,14.067570,14.074518,14.038176,14.049156,8274
2024-01-30 13:53:00,14.049156,14.071550,14.043350,14.053385,4243
2024-01-30 13:54:00,14.053385,14.085007,14.050270,14.079628,5950
2024-01-30 13:55:00,14.079628,14.099282,14.067891,14.085864,4007
2024-01-30 13:56:00,14.085864,14.128677,14.072978,14.115345,6299
2024-01-30 13:57:00,14.115345,14.162878,14.096579,14.152632,5280
2024-01-30 13:58:00,14.152632,14.183565,14.135158,14.171916,1154
2024-01-30 13:59:00,14.171916,14.222938,14.166631,14.214502,8973
2024-01-30 14:00:00,14.214502,14.230251,14.205974,14.221334,9887
2024-01-30 14:01:00,14.221334,14.231981,14.211682,14.222341,8913
2024-01-30 14:02:00,14.222341,14.236001,14.201518,14.219142,1512
2024-01-30 14:03:00,14.219142,14.251368,14.204771,14.237748,7282
2024-01-30 14:04:00,14.237748,14.260490,14.226244,14.243720,5007
2024-01-30 14:05:00,14.243720,14.247823,14.225300,14.244252,1735
2024-01-30 14:06:00,14.244252,14.254545,14.235311,14.242925,337
2024-01-30 14:07:00,14.242925,14.250133,14.227563,14.231770,6262
2024-01-30 14:08:00,14.231770,14.257895,14.228677,14.242080,5773
2024-01-30 14:09:00,14.242080,14.247034,14.222062,14.229045,6915
2024-01-30 14:10:00,14.229045,14.235216,14.182495,14.194916,6369
2024-01-30 14:11:00,14.194916,14.227520,14.179545,14.217048,6070
2024-01-30 14:12:00,14.217048,14.225785,14.185059,14.195369,1473
2024-01-30 14:13:00,14.195369,14.207979,14.187221,14.200005,7097
2024-01-30 14:14:00,14.200005,14.214047,14.186237,14.198487,5530
2024-01-30 14:15:00,14.198487,14.209702,14.185634,14.204504,9756
2024-01-30 14:16:00,14.204504,14.212168,14.181245,14.197909,2719
2024-01-30 14:17:00,14.197909,14.213388,14.187023,14.191505,5360
2024-01-30 14:18:00,14.191505,14.204629,14.173837,14.181489,8485
2024-01-30 14:19:00,14.181489,14.207542,14.175130,14.192482,5388
2024-01-30 14:20:00,14.192482,14.212618,14.173295,14.196535,7535
2024-01-30 14:21:00,14.196535,14.236499,14.184105,14.234002,5100
2024-01-30 14:22:00,14.234002,14.249352,14.202804,14.216469,1883
2024-01-30 14:23:00,14.216469,14.235084,14.209516,14.222667,1909
2024-01-30 14:24:00,14.222667,14.275967,14.220428,14.260873,1699
2024-01-30 14:25:00,14.260873,14.282135,14.247488,14.272111,5734
2024-01-30 14:26:00,14.272111,14.288427,14.250754,14.258589,4638
2024-01-30 14:27:00,14.258589,14.283779,14.244005,14.264297,5783
2024-01-30 14:28:00,14.264297,14.294872,14.255750,14.285027,1563
2024-01-30 14:29:00,14.285027,14.306120,14.280072,14.300896,6557
2024-01-30 14:30:00,14.300896,14.315308,14.282635,14.310252,7346
2024-01-30 14:31:00,14.310252,14.312685,14.286548,14.300421,5353
2024-01-30 14:32:00,14.300421,14.318283,14.289012,14.301995,2060
2024-01-30 14:33:00,14.301995,14.304643,14.269694,14.283003,5050
2024-01-30 14:34:00,14.283003,14.305318,14.280695,14.292739,8600
2024-01-30 14:35:00,14.292739,14.304625,14.264807,14.283932,3204
2024-01-30 14:36:00,14.283932,14.294136,14.270712,14.290147,5064
2024-01-30 14:37:00,14.290147,14.304247,14.286842,14.292893,4303
2024-01-30 14:38:00,14.292893,14.322781,14.273595,14.313496,2252
2024-01-30 14:39:00,14.313496,14.320727,14.295437,14.312977,3133
2024-01-30 14:40:00,14.312977,14.318970,14.307168,14.315844,5388
2024-01-30 14:41:00,14.315844,14.331156,14.297848,14.318810,4987
2024-01-30 14:42:00,14.318810,14.354648,14.310879,14.335928,3627
2024-01-30 14:43:00,14.335928,14.353228,14.303381,14.322747,1980
2024-01-30 14:44:00,14.322747,14.338414,14.306566,14.314512,7477
2024-01-30 14:45:00,14.314512,14.357923,14.311361,14.348769,5411
2024-01-30 14:46:00,14.348769,14.352764,14.333676,14.336737,4930
2024-01-30 14:47:00,14.336737,14.353131,14.319996,14.343449,4172
2024-01-30 14:48:00,14.343449,14.356981,14.321854,14.332352,2221
2024-01-30 14:49:00,14.332352,14.349403,14.279432,14.290751,6698
2024-01-30 14:50:00,14.290751,14.308022,14.275577,14.286728,8205
2024-01-30 14:51:00,14.286728,14.300943,14.270103,14.291276,132
2024-01-30 14:52:00,14.291276,14.304299,14.274661,14.296683,1965
2024-01-30 14:53:00,14.296683,14.310445,14.285707,14.294905,6689
2024-01-30 14:54:00,14.294905,14.303948,14.250817,14.253774,3751
2024-01-30 14:55:00,14.253774,14.266456,14.235048,14.248580,4854
2024-01-30 14:56:00,14.248580,14.256525,14.231432,14.252059,8700
2024-01-30 14:57:00,14.252059,14.291719,14.234499,14.285649,8447
2024-01-30 14:58:00,14.285649,14.298760,14.258015,14.272853,3514
2024-01-30 14:59:00,14.272853,14.285926,14.252799,14.261077,3763
2024-01-30 15:00:00,14.261077,14.267394,14.232699,14.249631,6900
2024-01-31 09:31:00,14.131397,14.144688,14.122881,14.137340,809
2024-01-31 09:32:00,14.137340,14.139862,14.111088,14.125376,6371
2024-01-31 09:33:00,14.125376,14.135392,14.068691,14.086848,2999
2024-01-31 09:34:00,14.086848,14.096789,14.045927,14.058431,6827
2024-01-31 09:35:00,14.058431,14.072361,14.053211,14.059497,3062
2024-01-31 09:36:00,14.059497,14.084428,14.051416,14.071733,8100
2024-01-31 09:37:00,14.071733,14.086530,14.016946,14.031197,294
2024-01-31 09:38:00,14.031197,14.037978,14.014318,14.026264,905
2024-01-31 09:39:00,14.026264,14.034266,14.020118,14.027727,2428
2024-01-31 09:40:00,14.027727,14.040764,14.004317,14.015104,486
2024-01-31 09:41:00,14.015104,14.019960,13.994497,14.009228,225
2024-01-31 09:42:00,14.009228,14.027650,13.990709,13.997864,5147
2024-01-31 09:43:00,13.997864,14.025923,13.993611,14.015870,7862
2024-01-31 09:44:00,14.015870,14.033829,13.999722,14.001827,6629
2024-01-31 09:45:00,14.001827,14.018408,13.979162,13.997690,5092
2024-01-31 09:46:00,13.997690,14.012933,13.966681,13.974006,8238
2024-01-31 09:47:00,13.974006,13.988554,13.969292,13.972478,3451
2024-01-31 09:48:00,13.972478,13.980707,13.945481,13.962411,4688
2024-01-31 09:49:00,13.962411,13.977777,13.947122,13.973605,2440
2024-01-31 09:50:00,13.973605,14.015059,13.960257,14.008736,7963
2024-01-31 09:51:00,14.008736,14.039562,13.993580,14.026347,7319
2024-01-31 09:52:00,14.026347,14.062949,14.014394,14.045206,1848
2024-01-31 09:53:00,14.045206,14.065883,14.042172,14.053310,4758
2024-01-31 09:54:00,14.053310,14.058410,14.025249,14.040145,7268
2024-01-31 09:55:00,14.040145,14.043437,14.028269,14.034993,5361
2024-01-31 09:56:00,14.034993,14.056876,14.028119,14.053917,5164
2024-01-31 09:57:00,14.053917,14.061754,14.027596,14.045503,4368
2024-01-31 09:58:00,14.045503,14.062380,13.997621,14.006241,1358
2024-01-31 09:59:00,14.006241,14.022293,13.973024,13.979339,4632
2024-01-31 10:00:00,13.979339,14.013370,13.963223,13.995590,4769
2024-01-31 10:01:00,13.995590,14.007378,13.979108,13.997903,5654
2024-01-31 10:02:00,13.997903,14.019141,13.985499,14.010120,2124
2024-01-31 10:03:00,14.010120,14.019929,13.998731,14.004556,6585
2024-01-31 10:04:00,14.004556,14.016348,13.986605,14.002616,8540
2024-01-31 10:05:00,14.002616,14.014386,13.970573,13.982045,835
2024-01-31 10:06:00,13.982045,13.985523,13.972874,13.976691,7521
2024-01-31 10:07:00,13.976691,13.990233,13.946324,13.955743,6345
2024-01-31 10:08:00,13.955743,13.969320,13.930704,13.948310,342
2024-01-31 10:09:00,13.948310,13.955871,13.940005,13.947697,6907
2024-01-31 10:10:00,13.947697,13.961319,13.942470,13.947995,4108
2024-01-31 10:11:00,13.947995,13.951450,13.906259,13.919299,9211
2024-01-31 10:12:00,13.919299,13.926046,13.909107,13.915404,2893
2024-01-31 10:13:00,13.915404,13.936417,13.901700,13.931875,8005
2024-01-31 10:14:00,13.931875,13.938497,13.910892,13.923518,6129
2024-01-31 10:15:00,13.923518,13.934944,13.915318,13.932322,2827
2024-01-31 10:16:00,13.932322,13.967093,13.916455,13.951381,4852
2024-01-31 10:17:00,13.951381,13.960486,13.928167,13.933312,9342
2024-01-31 10:18:00,13.933312,13.985047,13.930927,13.971113,233
2024-01-31 10:19:00,13.971113,13.976538,13.963199,13.970396,7367
2024-01-31 10:20:00,13.970396,13.997945,13.957320,13.983742,4684
2024-01-31 10:21:00,13.983742,13.994316,13.932413,13.952255,7003
2024-01-31 10:22:00,13.952255,13.965960,13.937833,13.943319,5910
2024-01-31 10:23:00,13.943319,13.955902,13.920973,13.938527,2542
2024-01-31 10:24:00,13.938527,13.957172,13.929133,13.950006,4365
2024-01-31 10:25:00,13.950006,13.963571,13.946068,13.948321,7869
2024-01-31 10:26:00,13.948321,13.966070,13.934258,13.938354,7687
2024-01-31 10:27:00,13.938354,13.951628,13.894043,13.909891,998
2024-01-31 10:28:00,13.909891,13.922393,13.903498,13.912285,7977
2024-01-31 10:29:00,13.912285,13.928966,13.907634,13.924885,8883
2024-01-31 10:30:00,13.924885,13.942616,13.914465,13.939185,9157
2024-01-31 10:31:00,13.939185,13.967871,13.919819,13.963571,1391
2024-01-31 10:32:00,13.963571,13.981739,13.948864,13.972220,5660
2024-01-31 10:33:00,13.972220,13.985721,13.930554,13.944816,7690
2024-01-31 10:34:00,13.944816,13.964557,13.935876,13.944420,8702
2024-01-31 10:35:00,13.944420,13.958378,13.893938,13.911417,2104
2024-01-31 10:36:00,13.911417,13.918862,13.902683,13.905758,1786
2024-01-31 10:37:00,13.905758,13.911343,13.877888,13.896091,9231
2024-01-31 10:38:00,13.896091,13.900753,13.862797,13.873679,8854
2024-01-31 10:39:00,13.873679,13.898869,13.861731,13.886675,6378
2024-01-31 10:40:00,13.886675,13.898390,13.866721,13.876256,9787
2024-01-31 10:41:00,13.876256,13.898696,13.872311,13.894372,4699
2024-01-31 10:42:00,13.894372,13.934155,13.884422,13.914583,8520
2024-01-31 10:43:00,13.914583,13.959946,13.901569,13.948143,6121
2024-01-31 10:44:00,13.948143,14.000518,13.939201,13.982140,2948
2024-01-31 10:45:00,13.982140,14.006376,13.977703,13.991374,3130
2024-01-31 10:46:00,13.991374,14.013644,13.979776,13.998278,4657
2024-01-31 10:47:00,13.998278,14.023768,13.982910,14.015900,8278
2024-01-31 10:48:00,14.015900,14.027419,13.991125,14.003059,8701
2024-01-31 10:49:00,14.003059,14.015159,13.999961,14.006656,6127
2024-01-31 10:50:00,14.006656,14.025193,13.958278,13.978068,7109
2024-01-31 10:51:00,13.978068,13.992714,13.959383,13.973673,4396
2024-01-31 10:52:00,13.973673,14.019370,13.964778,14.007679,251
2024-01-31 10:53:00,14.007679,14.054198,13.990642,14.052155,974
2024-01-31 10:54:00,14.052155,14.096451,14.040888,14.086248,7139
2024-01-31 10:55:00,14.086248,14.103772,14.067300,14.098035,6331
2024-01-31 10:56:00,14.098035,14.145516,14.078125,14.128332,2644
2024-01-31 10:57:00,14.128332,14.196269,14.109240,14.176458,182
2024-01-31 10:58:00,14.176458,14.207823,14.160750,14.201968,6881
2024-01-31 10:59:00,14.201968,14.292291,14.192455,14.285990,2196
2024-01-31 11:00:00,14.285990,14.343073,14.276507,14.332310,1487
2024-01-31 11:01:00,14.332310,14.406419,14.323733,14.396310,7981
2024-01-31 11:02:00,14.396310,14.497391,14.381647,14.484100,5291
2024-01-31 11:03:00,14.484100,14.574280,14.479141,14.567510,9018
2024-01-31 11:04:00,14.567510,14.672587,14.556622,14.653815,9979
2024-01-31 11:05:00,14.653815,14.726108,14.640207,14.711873,6131
2024-01-31 11:06:00,14.711873,14.769544,14.703285,14.751239,3529
2024-01-31 11:07:00,14.751239,14.817929,14.744557,14.800076,9879
2024-01-31 11:08:00,14.800076,14.844237,14.797351,14.840246,6124
2024-01-31 11:09:00,14.840246,14.875187,14.824076,14.862505,8279
2024-01-31 11:10:00,14.862505,14.950194,14.847483,14.935952,9122
2024-01-31 11:11:00,14.935952,14.988869,14.927149,14.978279,3576
2024-01-31 11:12:00,14.978279,15.012813,14.970497,15.003742,4234
2024-01-31 11:13:00,15.003742,15.026023,14.997926,15.017061,3049
2024-01-31 11:14:00,15.017061,15.020049,14.996989,15.005834,1117
2024-01-31 11:15:00,15.005834,15.022357,14.989135,15.007780,1846
2024-01-31 11:16:00,15.007780,15.027125,14.962871,14.971358,4798
2024-01-31 11:17:00,14.971358,14.981173,14.919778,14.929710,6543
2024-01-31 11:18:00,14.929710,14.942448,14.890440,14.896944,2684
2024-01-31 11:19:00,14.896944,14.900645,14.853839,14.867759,2739
2024-01-31 11:20:00,14.867759,14.885161,14.803579,14.817456,3712
2024-01-31 11:21:00,14.817456,14.829336,14.727575,14.745946,4064
2024-01-31 11:22:00,14.745946,14.763798,14.699358,14.704622,5500
2024-01-31 11:23:00,14.704622,14.714917,14.630169,14.642752,5979
2024-01-31 11:24:00,14.642752,14.659842,14.567166,14.571928,9947
2024-01-31 11:25:00,14.571928,14.576570,14.539983,14.542383,3003
2024-01-31 11:26:00,14.542383,14.561201,14.485626,14.487681,1237
2024-01-31 11:27:00,14.487681,14.494962,14.431563,14.438411,8993
2024-01-31 11:28:00,14.438411,14.451248,14.378200,14.388542,2081
2024-01-31 11:29:00,14.388542,14.402766,14.292976,14.297774,1819
2024-01-31 11:30:00,14.297774,14.311248,14.260124,14.267062,6474
2024-01-31 13:01:00,14.267062,14.276744,14.235069,14.244235,9649
2024-01-31 13:02:00,14.244235,14.259505,14.234135,14.243423,891
2024-01-31 13:03:00,14.243423,14.255911,14.201330,14.218274,3469
2024-01-31 13:04:00,14.218274,14.237617,14.199352,14.202882,8822
2024-01-31 13:05:00,14.202882,14.207471,14.188877,14.200218,2413
2024-01-31 13:06:00,14.200218,14.207855,14.152027,14.167918,3812
2024-01-31 13:07:00,14.167918,14.185930,14.149642,14.156429,2957
2024-01-31 13:08:00,14.156429,14.170582,14.153152,14.160041,5549
2024-01-31 13:09:00,14.160041,14.167028,14.102362,14.117806,4906
2024-01-31 13:10:00,14.117806,14.120388,14.088516,14.106408,3622
2024-01-31 13:11:00,14.106408,14.125457,14.085025,14.091461,622
2024-01-31 13:12:00,14.091461,14.115063,14.083712,14.103340,8694
2024-01-31 13:13:00,14.103340,14.115648,14.071155,14.088758,1701
2024-01-31 13:14:00,14.088758,14.102043,14.070393,14.083892,9048
2024-01-31 13:15:00,14.083892,14.101398,14.063131,14.069540,203
2024-01-31 13:16:00,14.069540,14.073346,14.021261,14.034754,1037
2024-01-31 13:17:00,14.034754,14.042311,13.988423,14.004489,7280
2024-01-31 13:18:00,14.004489,14.045681,13.998278,14.043006,151
2024-01-31 13:19:00,14.043006,14.079186,14.023732,14.073632,5505
2024-01-31 13:20:00,14.073632,14.092730,14.040169,14.045128,4490
2024-01-31 13:21:00,14.045128,14.051438,14.037279,14.040141,1035
2024-01-31 13:22:00,14.040141,14.071488,14.027456,14.052051,4398
2024-01-31 13:23:00,14.052051,14.089528,14.043538,14.075321,1223
2024-01-31 13:24:00,14.075321,14.090851,14.035045,14.049278,5413
2024-01-31 13:25:00,14.049278,14.069520,14.040814,14.059092,7237
2024-01-31 13:26:00,14.059092,14.065440,14.030930,14.040136,5324
2024-01-31 13:27:00,14.040136,14.046445,14.011325,14.030774,4686
2024-01-31 13:28:00,14.030774,14.062591,14.014937,14.057129,6641
2024-01-31 13:29:00,14.057129,14.094107,14.048356,14.086216,1406
2024-01-31 13:30:00,14.086216,14.097293,14.078711,14.085303,3409
2024-01-31 13:31:00,14.085303,14.104612,14.071565,14.101088,3823
2024-01-31 13:32:00,14.101088,14.113143,14.094841,14.110693,7988
2024-01-31 13:33:00,14.110693,14.114192,14.084469,14.103650,1963
2024-01-31 13:34:00,14.103650,14.130170,14.084095,14.122589,9259
2024-01-31 13:35:00,14.122589,14.132464,14.094877,14.099609,4987
2024-01-31 13:36:00,14.099609,14.118372,14.079268,14.092798,178
2024-01-31 13:37:00,14.092798,14.116233,14.074899,14.109426,5050
2024-01-31 13:38:00,14.109426,14.131343,14.099103,14.112832,1974
2024-01-31 13:39:00,14.112832,14.124470,14.097206,14.115523,911
2024-01-31 13:40:00,14.115523,14.121515,14.093936,14.102379,4037
2024-01-31 13:41:00,14.102379,14.149390,14.089241,14.131017,1907
2024-01-31 13:42:00,14.131017,14.141997,14.110734,14.125366,1414
2024-01-31 13:43:00,14.125366,14.146196,14.120620,14.126701,9390
2024-01-31 13:44:00,14.126701,14.130036,14.106464,14.119078,6964
2024-01-31 13:45:00,14.119078,14.136693,14.116251,14.131462,7391
2024-01-31 13:46:00,14.131462,14.153288,14.116957,14.133929,7657
2024-01-31 13:47:00,14.133929,14.138020,14.122256,14.132646,2173
2024-01-31 13:48:00,14.132646,14.177702,14.115620,14.161988,7562
2024-01-31 13:49:00,14.161988,14.182653,14.148594,14.171142,3923
2024-01-31 13:50:00,14.171142,14.203940,14.153745,14.192572,9700
2024-01-31 13:51:00,14.192572,14.209612,14.187003,14.194468,4649
2024-01-31 13:52:00,14.194468,14.212451,14.176213,14.188328,1455
2024-01-31 13:53:00,14.188328,14.198559,14.151500,14.163372,717
2024-01-31 13:54:00,14.163372,14.182751,14.148750,14.163300,6019
2024-01-31 13:55:00,14.163300,14.183556,14.160911,14.171512,6590
2024-01-31 13:56:00,14.171512,14.185924,14.158450,14.162980,155
2024-01-31 13:57:00,14.162980,14.173492,14.134347,14.143897,4536
2024-01-31 13:58:00,14.143897,14.146686,14.112772,14.121522,9272
2024-01-31 13:59:00,14.121522,14.138401,14.104097,14.119245,529
2024-01-31 14:00:00,14.119245,14.141923,14.103320,14.127259,6432
2024-01-31 14:01:00,14.127259,14.171848,14.108533,14.162052,8352
2024-01-31 14:02:00,14.162052,14.177400,14.134041,14.147407,1842
2024-01-31 14:03:00,14.147407,14.155675,14.131665,14.138803,8467
2024-01-31 14:04:00,14.138803,14.175399,14.132266,14.163826,9367
2024-01-31 14:05:00,14.163826,14.175320,14.152179,14.156126,3017
2024-01-31 14:06:00,14.156126,14.167149,14.111173,14.130149,8008
2024-01-31 14:07:00,14.130149,14.136208,14.115252,14.130687,2388
2024-01-31 14:08:00,14.130687,14.142543,14.110146,14.125371,2405
2024-01-31 14:09:00,14.125371,14.152597,14.119059,14.134948,2717
2024-01-31 14:10:00,14.134948,14.172798,14.117576,14.155621,6247
2024-01-31 14:11:00,14.155621,14.168117,14.135852,14.147342,2007
2024-01-31 14:12:00,14.147342,14.155606,14.143831,14.150974,5027
2024-01-31 14:13:00,14.150974,14.168090,14.147216,14.151272,1650
2024-01-31 14:14:00,14.151272,14.166198,14.111720,14.131016,9342
2024-01-31 14:15:00,14.131016,14.157888,14.126740,14.148417,3987
2024-01-31 14:16:00,14.148417,14.152312,14.143319,14.150068,4564
2024-01-31 14:17:00,14.150068,14.182048,14.146168,14.169873,725
2024-01-31 14:18:00,14.169873,14.182445,14.166807,14.176532,7066
2024-01-31 14:19:00,14.176532,14.201727,14.162300,14.186434,8266
2024-01-31 14:20:00,14.186434,14.197342,14.173903,14.188201,2724
2024-01-31 14:21:00,14.188201,14.209441,14.178355,14.192588,3571
2024-01-31 14:22:00,14.192588,14.209651,14.151826,14.162399,7086
2024-01-31 14:23:00,14.162399,14.179978,14.155668,14.167636,9201
2024-01-31 14:24:00,14.167636,14.179513,14.137623,14.144116,9470
2024-01-31 14:25:00,14.144116,14.175330,14.126241,14.162296,3635
2024-01-31 14:26:00,14.162296,14.205029,14.156448,14.194613,5299
2024-01-31 14:27:00,14.194613,14.212528,14.184350,14.191456,489
2024-01-31 14:28:00,14.191456,14.207265,14.171485,14.186750,6275
2024-01-31 14:29:00,14.186750,14.199826,14.167482,14.183751,619
2024-01-31 14:30:00,14.183751,14.189556,14.163649,14.180889,261
2024-01-31 14:31:00,14.180889,14.206743,14.172800,14.197694,5155
2024-01-31 14:32:00,14.197694,14.209287,14.173339,14.190305,5510
2024-01-31 14:33:00,14.190305,14.215111,14.176974,14.204150,3651
2024-01-31 14:34:00,14.204150,14.207229,14.195515,14.199307,7293
2024-01-31 14:35:00,14.199307,14.203195,14.172625,14.191566,7117
2024-01-31 14:36:00,14.191566,14.204501,14.187172,14.190125,3380
2024-01-31 14:37:00,14.190125,14.207234,14.169520,14.184368,9221
2024-01-31 14:38:00,14.184368,14.201181,14.169392,14.194592,6759
2024-01-31 14:39:00,14.194592,14.220260,14.182483,14.205354,9635
2024-01-31 14:40:00,14.205354,14.230857,14.185566,14.226014,5995
2024-01-31 14:41:00,14.226014,14.242343,14.211483,14.235216,3272
2024-01-31 14:42:00,14.235216,14.260184,14.228616,14.243248,7598
2024-01-31 14:43:00,14.243248,14.245293,14.212570,14.229268,5439
2024-01-31 14:44:00,14.229268,14.248181,14.197484,14.214825,3442
2024-01-31 14:45:00,14.214825,14.221951,14.193676,14.199235,1598
2024-01-31 14:46:00,14.199235,14.212743,14.159148,14.163189,8696
2024-01-31 14:47:00,14.163189,14.200211,14.143404,14.182619,4421
2024-01-31 14:48:00,14.182619,14.198954,14.171387,14.180074,3432
2024-01-31 14:49:00,14.180074,14.242468,14.166349,14.232513,6445
2024-01-31 14:50:00,14.232513,14.235331,14.221396,14.232338,968
2024-01-31 14:51:00,14.232338,14.241966,14.216472,14.239503,6654
2024-01-31 14:52:00,14.239503,14.249808,14.184492,14.201871,4541
2024-01-31 14:53:00,14.201871,14.211305,14.173720,14.188636,7070
2024-01-31 14:54:00,14.188636,14.191221,14.163768,14.166235,1672
2024-01-31 14:55:00,14.166235,14.185791,14.156209,14.174908,4213
2024-01-31 14:56:00,14.174908,14.198797,14.160254,14.180964,1358
2024-01-31 14:57:00,14.180964,14.202429,14.177180,14.185952,4380
2024-01-31 14:58:00,14.185952,14.210335,14.181649,14.198645,7252
2024-01-31 14:59:00,14.198645,14.227893,14.192434,14.218043,3824
2024-01-31 15:00:00,14.218043,14.231476,14.206677,14.227461,3150
2024-02-01 09:31:00,14.173499,14.199782,14.164681,14.192817,9146
2024-02-01 09:32:00,14.192817,14.205167,14.150379,14.154361,8712
2024-02-01 09:33:00,14.154361,14.164814,14.116493,14.131018,6962
2024-02-01 09:34:00,14.131018,14.139616,14.121535,14.133698,8518
2024-02-01 09:35:00,14.133698,14.154151,14.124207,14.147742,3092
2024-02-01 09:36:00,14.147742,14.168504,14.134090,14.160042,9885
2024-02-01 09:37:00,14.160042,14.177599,14.134167,14.146615,4626
2024-02-01 09:38:00,14.146615,14.166301,14.084684,14.103943,8931
2024-02-01 09:39:00,14.103943,14.110660,14.087430,14.097449,7275
2024-02-01 09:40:00,14.097449,14.111288,14.089321,14.097294,4867
2024-02-01 09:41:00,14.097294,14.131383,14.086612,14.115543,9081
2024-02-01 09:42:00,14.115543,14.125108,14.106583,14.109201,7904
2024-02-01 09:43:00,14.109201,14.128667,14.102363,14.112185,5133
2024-02-01 09:44:00,14.112185,14.131105,14.099683,14.128472,5662
2024-02-01 09:45:00,14.128472,14.157442,14.126025,14.138411,5004
2024-02-01 09:46:00,14.138411,14.146311,14.119971,14.137166,8237
2024-02-01 09:47:00,14.137166,14.154510,14.125660,14.133861,1919
2024-02-01 09:48:00,14.133861,14.176449,14.129815,14.172240,7100
2024-02-01 09:49:00,14.172240,14.200605,14.153019,14.198160,8423
2024-02-01 09:50:00,14.198160,14.204106,14.171041,14.175322,6637
2024-02-01 09:51:00,14.175322,14.189454,14.148630,14.161058,8838
2024-02-01 09:52:00,14.161058,14.164085,14.138566,14.147293,2667
2024-02-01 09:53:00,14.147293,14.154521,14.131269,14.134333,3123
2024-02-01 09:54:00,14.134333,14.140029,14.123376,14.135056,5989
2024-02-01 09:55:00,14.135056,14.163435,14.128362,14.145524,9745
2024-02-01 09:56:00,14.145524,14.193837,14.131154,14.174252,1099
2024-02-01 09:57:00,14.174252,14.178571,14.125176,14.132735,4581
2024-02-01 09:58:00,14.132735,14.144765,14.119699,14.141080,159
2024-02-01 09:59:00,14.141080,14.159368,14.136233,14.149928,8377
2024-02-01 10:00:00,14.149928,14.161940,14.108316,14.116980,6891
2024-02-01 10:01:00,14.116980,14.153637,14.114454,14.145321,3306
2024-02-01 10:02:00,14.145321,14.191285,14.133866,14.172310,8980
2024-02-01 10:03:00,14.172310,14.174360,14.126657,14.133208,5378
2024-02-01 10:04:00,14.133208,14.150000,14.114294,14.136226,5859
2024-02-01 10:05:00,14.136226,14.146768,14.126242,14.143234,2729
2024-02-01 10:06:00,14.143234,14.145662,14.113794,14.119563,2576
2024-02-01 10:07:00,14.119563,14.127673,14.111750,14.124373,993
2024-02-01 10:08:00,14.124373,14.137041,14.104111,14.112351,6616
2024-02-01 10:09:00,14.112351,14.127490,14.096566,14.112576,2321
2024-02-01 10:10:00,14.112576,14.131583,14.088828,14.105105,961
2024-02-01 10:11:00,14.105105,14.134715,14.098673,14.117237,2844
2024-02-01 10:12:00,14.117237,14.140730,14.106158,14.124513,3188
2024-02-01 10:13:00,14.124513,14.131188,14.111910,14.126927,8743
2024-02-01 10:14:00,14.126927,14.130818,14.119217,14.122894,7230
2024-02-01 10:15:00,14.122894,14.132785,14.082970,14.086095,7309
2024-02-01 10:16:00,14.086095,14.089506,14.052272,14.059428,318
2024-02-01 10:17:00,14.059428,14.076419,14.041602,14.062045,925
2024-02-01 10:18:00,14.062045,14.085781,14.059461,14.070303,754
2024-02-01 10:19:00,14.070303,14.086955,14.052088,14.061957,9001
2024-02-01 10:20:00,14.061957,14.077896,14.040263,14.056206,9403
2024-02-01 10:21:00,14.056206,14.070188,14.039554,14.047869,3008
2024-02-01 10:22:00,14.047869,14.063710,14.023804,14.027366,1342
2024-02-01 10:23:00,14.027366,14.041285,13.992868,14.012507,6046
2024-02-01 10:24:00,14.012507,14.041140,14.008162,14.028154,2514
2024-02-01 10:25:00,14.028154,14.046727,14.000059,14.014750,2172
2024-02-01 10:26:00,14.014750,14.038395,14.005775,14.029179,9655
2024-02-01 10:27:00,14.029179,14.044185,14.011591,14.029209,6009
2024-02-01 10:28:00,14.029209,14.040686,14.014024,14.021636,4879
2024-02-01 10:29:00,14.021636,14.059794,14.017346,14.045095,8904
2024-02-01 10:30:00,14.045095,14.075025,14.041427,14.059942,5891
2024-02-01 10:31:00,14.059942,14.064827,14.005608,14.019575,9226
2024-02-01 10:32:00,14.019575,14.041511,14.006340,14.021554,4306
2024-02-01 10:33:00,14.021554,14.029969,14.003849,14.008122,4739
2024-02-01 10:34:00,14.008122,14.032787,13.993740,14.013911,1803
2024-02-01 10:35:00,14.013911,14.028743,13.997862,14.000341,3830
2024-02-01 10:36:00,14.000341,14.053442,13.987802,14.039950,7147
2024-02-01 10:37:00,14.039950,14.075814,14.023849,14.060239,6733
2024-02-01 10:38:00,14.060239,14.066768,14.020188,14.029619,4060
2024-02-01 10:39:00,14.029619,14.071042,14.023069,14.057389,9996
2024-02-01 10:40:00,14.057389,14.069720,14.054971,14.065036,8284
2024-02-01 10:41:00,14.065036,14.078058,14.018762,14.036574,6363
2024-02-01 10:42:00,14.036574,14.053242,14.022725,14.048854,5399
2024-02-01 10:43:00,14.048854,14.054879,14.038574,14.043369,6545
2024-02-01 10:44:00,14.043369,14.086385,14.025261,14.069656,3529
2024-02-01 10:45:00,14.069656,14.083198,14.043219,14.049774,7852
2024-02-01 10:46:00,14.049774,14.054867,14.024631,14.028381,5759
2024-02-01 10:47:00,14.028381,14.037179,13.990864,14.001200,8069
2024-02-01 10:48:00,14.001200,14.020356,13.955272,13.958042,4229
2024-02-01 10:49:00,13.958042,13.967292,13.929941,13.945966,3534
2024-02-01 10:50:00,13.945966,13.963037,13.927378,13.933778,3464
2024-02-01 10:51:00,13.933778,13.973670,13.916003,13.970120,3257
2024-02-01 10:52:00,13.970120,13.984311,13.934643,13.949672,5468
2024-02-01 10:53:00,13.949672,13.989284,13.938612,13.976659,3368
2024-02-01 10:54:00,13.976659,13.985178,13.961430,13.971872,2633
2024-02-01 10:55:00,13.971872,13.979549,13.931569,13.944322,7300
2024-02-01 10:56:00,13.944322,13.963977,13.917454,13.927666,804
2024-02-01 10:57:00,13.927666,13.943029,13.904231,13.923092,2781
2024-02-01 10:58:00,13.923092,13.935492,13.903763,13.917580,5078
2024-02-01 10:59:00,13.917580,13.945240,13.903049,13.931226,5608
2024-02-01 11:00:00,13.931226,13.941524,13.911499,13.926070,3137
2024-02-01 11:01:00,13.926070,13.953953,13.918764,13.934794,6086
2024-02-01 11:02:00,13.934794,13.950968,13.909864,13.916344,4315
2024-02-01 11:03:00,13.916344,13.930448,13.902888,13.911764,2712
2024-02-01 11:04:00,13.911764,13.932452,13.904231,13.918025,7157
2024-02-01 11:05:00,13.918025,13.933093,13.890550,13.904725,7437
2024-02-01 11:06:00,13.904725,13.920015,13.899197,13.917110,3908
2024-02-01 11:07:00,13.917110,13.929763,13.900752,13.923914,4635
2024-02-01 11:08:00,13.923914,13.937383,13.895563,13.901484,6975
2024-02-01 11:09:00,13.901484,13.915138,13.896625,13.899298,7501
2024-02-01 11:10:00,13.899298,13.918973,13.889071,13.892466,1898
2024-02-01 11:11:00,13.892466,13.901345,13.871163,13.881958,2002
2024-02-01 11:12:00,13.881958,13.900738,13.869533,13.880606,2870
2024-02-01 11:13:00,13.880606,13.900521,13.870723,13.890614,6785
2024-02-01 11:14:00,13.890614,13.921750,13.877200,13.903572,8237
2024-02-01 11:15:00,13.903572,13.956723,13.893774,13.938166,1868
2024-02-01 11:16:00,13.938166,13.956488,13.930509,13.943525,6680
2024-02-01 11:17:00,13.943525,13.971115,13.931409,13.960757,3699
2024-02-01 11:18:00,13.960757,13.972718,13.917917,13.935230,6939
2024-02-01 11:19:00,13.935230,13.955225,13.929633,13.947891,5799
2024-02-01 11:20:00,13.947891,13.958693,13.915694,13.924115,9456
2024-02-01 11:21:00,13.924115,13.944801,13.913388,13.942243,9180
2024-02-01 11:22:00,13.942243,13.960970,13.908096,13.926110,1838
2024-02-01 11:23:00,13.926110,13.931898,13.897595,13.908167,9638
2024-02-01 11:24:00,13.908167,13.926653,13.898652,13.912234,2749
2024-02-01 11:25:00,13.912234,13.948410,13.908837,13.936093,9596
2024-02-01 11:26:00,13.936093,13.955052,13.916719,13.935200,2946
2024-02-01 11:27:00,13.935200,13.946359,13.929830,13.942806,1528
2024-02-01 11:28:00,13.942806,13.948478,13.918128,13.934378,7665
2024-02-01 11:29:00,13.934378,13.941383,13.881184,13.900209,4746
2024-02-01 11:30:00,13.900209,13.919044,13.895726,13.916372,8441
2024-02-01 13:01:00,13.916372,13.934972,13.900144,13.914945,1759
2024-02-01 13:02:00,13.914945,13.948024,13.912786,13.943790,7414
2024-02-01 13:03:00,13.943790,13.960466,13.925608,13.930666,8884
2024-02-01 13:04:00,13.930666,13.941384,13.916113,13.928610,2363
2024-02-01 13:05:00,13.928610,13.985658,13.912610,13.965713,5189
2024-02-01 13:06:00,13.965713,13.985603,13.959629,13.970622,1280
2024-02-01 13:07:00,13.970622,13.983118,13.932315,13.935120,4718
2024-02-01 13:08:00,13.935120,13.943695,13.920845,13.939770,9407
2024-02-01 13:09:00,13.939770,13.942177,13.929644,13.937048,9659
2024-02-01 13:10:00,13.937048,13.949207,13.912793,13.925193,8704
2024-02-01 13:11:00,13.925193,13.934922,13.920068,13.925120,5438
2024-02-01 13:12:00,13.925120,13.942318,13.888765,13.893446,8026
2024-02-01 13:13:00,13.893446,13.901672,13.871543,13.874878,6267
2024-02-01 13:14:00,13.874878,13.878843,13.843609,13.847741,5604
2024-02-01 13:15:00,13.847741,13.852413,13.835705,13.840238,5858
2024-02-01 13:16:00,13.840238,13.847210,13.824414,13.831787,8221
2024-02-01 13:17:00,13.831787,13.863924,13.812807,13.845269,4090
2024-02-01 13:18:00,13.845269,13.856616,13.831153,13.842045,9391
2024-02-01 13:19:00,13.842045,13.869305,13.829874,13.861683,6840
2024-02-01 13:20:00,13.861683,13.881219,13.839830,13.848808,772
2024-02-01 13:21:00,13.848808,13.878407,13.844450,13.868574,2566
2024-02-01 13:22:00,13.868574,13.876277,13.865488,13.870036,3956
2024-02-01 13:23:00,13.870036,13.880969,13.852929,13.860680,4368
2024-02-01 13:24:00,13.860680,13.878481,13.826100,13.840718,1794
2024-02-01 13:25:00,13.840718,13.883863,13.824636,13.866066,3445
2024-02-01 13:26:00,13.866066,13.880163,13.833666,13.852171,2181
2024-02-01 13:27:00,13.852171,13.866000,13.839265,13.853038,2129
2024-02-01 13:28:00,13.853038,13.855373,13.827347,13.835325,1322
2024-02-01 13:29:00,13.835325,13.860295,13.823533,13.844746,3995
2024-02-01 13:30:00,13.844746,13.859612,13.833882,13.841901,4889
2024-02-01 13:31:00,13.841901,13.863032,13.823101,13.855099,6706
2024-02-01 13:32:00,13.855099,13.873070,13.820826,13.838801,6043
2024-02-01 13:33:00,13.838801,13.850052,13.812352,13.827042,5688
2024-02-01 13:34:00,13.827042,13.840174,13.809702,13.833844,7713
2024-02-01 13:35:00,13.833844,13.850678,13.824270,13.840939,1867
2024-02-01 13:36:00,13.840939,13.864679,13.835170,13.860578,9993
2024-02-01 13:37:00,13.860578,13.886197,13.858316,13.868142,5025
2024-02-01 13:38:00,13.868142,13.908892,13.853389,13.899225,4857
2024-02-01 13:39:00,13.899225,13.912894,13.855774,13.868967,8944
2024-02-01 13:40:00,13.868967,13.890074,13.856885,13.873171,9991
2024-02-01 13:41:00,13.873171,13.890120,13.845040,13.863021,6246
2024-02-01 13:42:00,13.863021,13.894698,13.851218,13.889102,1144
2024-02-01 13:43:00,13.889102,13.893237,13.880439,13.883659,3289
2024-02-01 13:44:00,13.883659,13.891393,13.857042,13.868844,6358
2024-02-01 13:45:00,13.868844,13.879036,13.843123,13.853958,5810
2024-02-01 13:46:00,13.853958,13.862848,13.846657,13.853951,146
2024-02-01 13:47:00,13.853951,13.877363,13.841071,13.871081,8221
2024-02-01 13:48:00,13.871081,13.913121,13.855613,13.896106,2303
2024-02-01 13:49:00,13.896106,13.913224,13.861222,13.874993,6331
2024-02-01 13:50:00,13.874993,13.884141,13.859142,13.864814,3314
2024-02-01 13:51:00,13.864814,13.891659,13.854757,13.877751,4077
2024-02-01 13:52:00,13.877751,13.883233,13.854725,13.857424,4297
2024-02-01 13:53:00,13.857424,13.876622,13.805898,13.824274,5730
2024-02-01 13:54:00,13.824274,13.863115,13.816437,13.845851,601
2024-02-01 13:55:00,13.845851,13.878790,13.831186,13.861500,8102
2024-02-01 13:56:00,13.861500,13.871042,13.854865,13.866584,1843
2024-02-01 13:57:00,13.866584,13.881196,13.848734,13.867927,5329
2024-02-01 13:58:00,13.867927,13.893651,13.854239,13.885567,8489
2024-02-01 13:59:00,13.885567,13.916404,13.877288,13.897690,132
2024-02-01 14:00:00,13.897690,13.911077,13.873089,13.890877,5140
2024-02-01 14:01:00,13.890877,13.901279,13.883024,13.899053,6026
2024-02-01 14:02:00,13.899053,13.940682,13.883995,13.929067,9766
2024-02-01 14:03:00,13.929067,13.944810,13.885431,13.894386,3055
2024-02-01 14:04:00,13.894386,13.922889,13.877113,13.909653,2640
2024-02-01 14:05:00,13.909653,13.947220,13.907042,13.929797,3247
2024-02-01 14:06:00,13.929797,13.932696,13.903612,13.913843,3645
2024-02-01 14:07:00,13.913843,13.927601,13.902947,13.920511,101
2024-02-01 14:08:00,13.920511,13.928481,13.884960,13.901200,4231
2024-02-01 14:09:00,13.901200,13.918747,13.881807,13.899315,848
2024-02-01 14:10:00,13.899315,13.921533,13.890295,13.913895,6917
2024-02-01 14:11:00,13.913895,13.953897,13.898358,13.938242,4552
2024-02-01 14:12:00,13.938242,13.946254,13.900311,13.917179,7467
2024-02-01 14:13:00,13.917179,13.925495,13.880252,13.895109,1479
2024-02-01 14:14:00,13.895109,13.909658,13.851732,13.862440,5070
2024-02-01 14:15:00,13.862440,13.888069,13.854151,13.885034,2926
2024-02-01 14:16:00,13.885034,13.895652,13.865157,13.887033,884
2024-02-01 14:17:00,13.887033,13.916034,13.882216,13.898254,1547
2024-02-01 14:18:00,13.898254,13.912462,13.869824,13.881113,9554
2024-02-01 14:19:00,13.881113,13.900490,13.864411,13.887350,8611
2024-02-01 14:20:00,13.887350,13.892950,13.867971,13.890679,9794
2024-02-01 14:21:00,13.890679,13.916237,13.886567,13.904693,854
2024-02-01 14:22:00,13.904693,13.926245,13.891480,13.921255,1950
2024-02-01 14:23:00,13.921255,13.924311,13.906676,13.909962,113
2024-02-01 14:24:00,13.909962,13.925817,13.899068,13.921503,1939
2024-02-01 14:25:00,13.921503,13.962670,13.906841,13.947613,6538
2024-02-01 14:26:00,13.947613,13.994560,13.928358,13.983144,2192
2024-02-01 14:27:00,13.983144,13.996856,13.955280,13.959125,2027
2024-02-01 14:28:00,13.959125,13.991566,13.948690,13.981552,6960
2024-02-01 14:29:00,13.981552,14.007603,13.964411,13.991827,3388
2024-02-01 14:30:00,13.991827,14.017314,13.981024,14.005167,6513
2024-02-01 14:31:00,14.005167,14.040392,13.989671,14.033633,8313
2024-02-01 14:32:00,14.033633,14.057454,14.017557,14.046082,5169
2024-02-01 14:33:00,14.046082,14.051517,14.032550,14.042795,3119
2024-02-01 14:34:00,14.042795,14.059514,14.022370,14.036950,9796
2024-02-01 14:35:00,14.036950,14.055200,14.010309,14.026959,2622
2024-02-01 14:36:00,14.026959,14.032789,14.008380,14.027863,9648
2024-02-01 14:37:00,14.027863,14.055733,14.017246,14.036439,6444
2024-02-01 14:38:00,14.036439,14.038632,14.019509,14.032508,2034
2024-02-01 14:39:00,14.032508,14.058868,14.014264,14.047412,8052
2024-02-01 14:40:00,14.047412,14.087933,14.039942,14.070614,6369
2024-02-01 14:41:00,14.070614,14.079757,14.055109,14.070809,1831
2024-02-01 14:42:00,14.070809,14.105439,14.065491,14.094565,4536
2024-02-01 14:43:00,14.094565,14.109748,14.077579,14.087776,7451
2024-02-01 14:44:00,14.087776,14.100765,14.077738,14.082567,4707
2024-02-01 14:45:00,14.082567,14.090878,14.051664,14.065415,9427
2024-02-01 14:46:00,14.065415,14.086976,14.050448,14.081116,1973
2024-02-01 14:47:00,14.081116,14.112847,14.077670,14.097393,2462
2024-02-01 14:48:00,14.097393,14.105294,14.091125,14.097370,187
2024-02-01 14:49:00,14.097370,14.114357,14.084164,14.097193,7335
2024-02-01 14:50:00,14.097193,14.103738,14.069424,14.088634,123
2024-02-01 14:51:00,14.088634,14.121345,14.079471,14.113625,9343
2024-02-01 14:52:00,14.113625,14.159028,14.102224,14.140461,2156
2024-02-01 14:53:00,14.140461,14.143191,14.116828,14.131323,8245
2024-02-01 14:54:00,14.131323,14.150052,14.114390,14.130152,7189
2024-02-01 14:55:00,14.130152,14.141410,14.100618,14.117102,1767
2024-02-01 14:56:00,14.117102,14.133992,14.098377,14.108141,8305
2024-02-01 14:57:00,14.108141,14.123839,14.076193,14.092053,8003
2024-02-01 14:58:00,14.092053,14.102181,14.084770,14.093561,8606
2024-02-01 14:59:00,14.093561,14.104939,14.067305,14.076198,9057
2024-02-01 15:00:00,14.076198,14.088141,14.055868,14.060911,4485
2024-02-02 09:31:00,14.196502,14.216553,14.187884,14.199727,4592
2024-02-02 09:32:00,14.199727,14.218519,14.185267,14.193332,2920
2024-02-02 09:33:00,14.193332,14.227512,14.183501,14.209052,4493
2024-02-02 09:34:00,14.209052,14.233768,14.200934,14.220939,7062
2024-02-02 09:35:00,14.220939,14.230476,14.180710,14.195322,6790
2024-02-02 09:36:00,14.195322,14.204833,14.184670,14.201411,2943
2024-02-02 09:37:00,14.201411,14.207047,14.188308,14.196704,8386
2024-02-02 09:38:00,14.196704,14.202308,14.178113,14.199037,9972
2024-02-02 09:39:00,14.199037,14.224724,14.196206,14.215860,5274
2024-02-02 09:40:00,14.215860,14.219726,14.203138,14.213429,5171
2024-02-02 09:41:00,14.213429,14.218238,14.187772,14.194035,3334
2024-02-02 09:42:00,14.194035,14.212317,14.181584,14.185426,8727
2024-02-02 09:43:00,14.185426,14.209333,14.169841,14.201410,3474
2024-02-02 09:44:00,14.201410,14.253056,14.187752,14.243272,3901
2024-02-02 09:45:00,14.243272,14.256352,14.230082,14.239501,9362
2024-02-02 09:46:00,14.239501,14.263067,14.222390,14.258590,553
2024-02-02 09:47:00,14.258590,14.274278,14.230533,14.247246,9729
2024-02-02 09:48:00,14.247246,14.251037,14.224546,14.234343,3256
2024-02-02 09:49:00,14.234343,14.264975,14.217369,14.245796,9920
2024-02-02 09:50:00,14.245796,14.248479,14.224427,14.238750,8604
2024-02-02 09:51:00,14.238750,14.250162,14.217719,14.226426,251
2024-02-02 09:52:00,14.226426,14.238440,14.174550,14.189950,3369
2024-02-02 09:53:00,14.189950,14.210919,14.185829,14.191261,5373
2024-02-02 09:54:00,14.191261,14.198183,14.175733,14.178329,9155
2024-02-02 09:55:00,14.178329,14.206833,14.174166,14.187303,2447
2024-02-02 09:56:00,14.187303,14.201778,14.159235,14.174589,4142
2024-02-02 09:57:00,14.174589,14.181040,14.154312,14.158649,2053
2024-02-02 09:58:00,14.158649,14.177402,14.154313,14.159265,6086
2024-02-02 09:59:00,14.159265,14.162450,14.140438,14.153277,3743
2024-02-02 10:00:00,14.153277,14.161198,14.121155,14.138915,9285
2024-02-02 10:01:00,14.138915,14.144359,14.124255,14.139031,8161
2024-02-02 10:02:00,14.139031,14.161009,14.129479,14.142516,4605
2024-02-02 10:03:00,14.142516,14.164934,14.127518,14.155746,4855
2024-02-02 10:04:00,14.155746,14.187426,14.136595,14.171635,6351
2024-02-02 10:05:00,14.171635,14.184839,14.146061,14.160501,4280
2024-02-02 10:06:00,14.160501,14.171962,14.139667,14.151110,6659
2024-02-02 10:07:00,14.151110,14.170355,14.140027,14.143595,7213
2024-02-02 10:08:00,14.143595,14.158268,14.099221,14.105758,5462
2024-02-02 10:09:00,14.105758,14.130800,14.093082,14.120776,8085
2024-02-02 10:10:00,14.120776,14.147782,14.103988,14.138291,9153
2024-02-02 10:11:00,14.138291,14.157226,14.117828,14.135526,5666
2024-02-02 10:12:00,14.135526,14.139677,14.112273,14.131540,6241
2024-02-02 10:13:00,14.131540,14.147427,14.129006,14.144441,2246
2024-02-02 10:14:00,14.144441,14.147656,14.129794,14.136528,5421
2024-02-02 10:15:00,14.136528,14.165702,14.117531,14.147547,8477
2024-02-02 10:16:00,14.147547,14.166102,14.141816,14.152021,2640
2024-02-02 10:17:00,14.152021,14.165761,14.133463,14.163187,4523
2024-02-02 10:18:00,14.163187,14.169522,14.151921,14.157597,672
2024-02-02 10:19:00,14.157597,14.182463,14.153655,14.172224,7279
2024-02-02 10:20:00,14.172224,14.177557,14.129573,14.134935,6689
2024-02-02 10:21:00,14.134935,14.141588,14.103277,14.110907,924
2024-02-02 10:22:00,14.110907,14.152708,14.108184,14.133372,3140
2024-02-02 10:23:00,14.133372,14.138338,14.121494,14.131111,2398
2024-02-02 10:24:00,14.131111,14.139818,14.097176,14.108863,8589
2024-02-02 10:25:00,14.108863,14.111028,14.088497,14.096244,1456
2024-02-02 10:26:00,14.096244,14.106530,14.084457,14.101031,7213
2024-02-02 10:27:00,14.101031,14.120713,14.082007,14.096889,1430
2024-02-02 10:28:00,14.096889,14.110595,14.088363,14.107326,7828
2024-02-02 10:29:00,14.107326,14.126405,14.091480,14.094025,8512
2024-02-02 10:30:00,14.094025,14.142293,14.086598,14.124285,2525
2024-02-02 10:31:00,14.124285,14.133622,14.102433,14.120976,7817
2024-02-02 10:32:00,14.120976,14.127389,14.083013,14.095825,5067
2024-02-02 10:33:00,14.095825,14.110940,14.067788,14.085207,1397
2024-02-02 10:34:00,14.085207,14.090702,14.081232,14.086642,2210
2024-02-02 10:35:00,14.086642,14.112654,14.076648,14.105079,4523
2024-02-02 10:36:00,14.105079,14.144374,14.097162,14.127639,8049
2024-02-02 10:37:00,14.127639,14.141766,14.100864,14.111943,9976
2024-02-02 10:38:00,14.111943,14.128570,14.102282,14.116483,9613
2024-02-02 10:39:00,14.116483,14.130706,14.092246,14.096249,1033
2024-02-02 10:40:00,14.096249,14.109819,14.089544,14.093284,4083
2024-02-02 10:41:00,14.093284,14.100640,14.073036,14.078501,126
2024-02-02 10:42:00,14.078501,14.082539,14.054366,14.057728,168
2024-02-02 10:43:00,14.057728,14.071705,14.027494,14.037229,2349
2024-02-02 10:44:00,14.037229,14.057306,14.026613,14.051251,8483
2024-02-02 10:45:00,14.051251,14.062995,14.034716,14.043155,1818
2024-02-02 10:46:00,14.043155,14.061586,14.028981,14.034553,4853
2024-02-02 10:47:00,14.034553,14.055356,14.024915,14.047112,7935
2024-02-02 10:48:00,14.047112,14.062450,14.037653,14.046299,4823
2024-02-02 10:49:00,14.046299,14.085994,14.029831,14.073425,9904
2024-02-02 10:50:00,14.073425,14.089628,14.041927,14.056674,2512
2024-02-02 10:51:00,14.056674,14.092536,14.053523,14.080143,1661
2024-02-02 10:52:00,14.080143,14.085947,14.061695,14.074654,9123
2024-02-02 10:53:00,14.074654,14.091998,14.064407,14.073174,1746
2024-02-02 10:54:00,14.073174,14.080266,14.027178,14.045368,7168
2024-02-02 10:55:00,14.045368,14.052058,14.027853,14.040506,2176
2024-02-02 10:56:00,14.040506,14.049796,14.026730,14.042637,9536
2024-02-02 10:57:00,14.042637,14.053798,14.030164,14.049716,5637
2024-02-02 10:58:00,14.049716,14.069033,13.996328,14.016179,7564
2024-02-02 10:59:00,14.016179,14.046044,14.012222,14.032993,3942
2024-02-02 11:00:00,14.032993,14.043435,14.012552,14.020246,3286
2024-02-02 11:01:00,14.020246,14.029266,13.989562,13.992138,2559
2024-02-02 11:02:00,13.992138,13.998984,13.970529,13.989369,9261
2024-02-02 11:03:00,13.989369,14.006200,13.953180,13.959706,4534
2024-02-02 11:04:00,13.959706,13.970269,13.918500,13.923775,1833
2024-02-02 11:05:00,13.923775,13.966696,13.919446,13.957367,3868
2024-02-02 11:06:00,13.957367,13.991731,13.947559,13.984363,8534
2024-02-02 11:07:00,13.984363,14.009603,13.978843,14.000258,5478
2024-02-02 11:08:00,14.000258,14.014250,13.991440,14.008271,864
2024-02-02 11:09:00,14.008271,14.040988,14.000212,14.025060,9891
2024-02-02 11:10:00,14.025060,14.035718,13.996615,14.008365,205
2024-02-02 11:11:00,14.008365,14.045554,13.996618,14.029124,1242
2024-02-02 11:12:00,14.029124,14.048524,14.011714,14.034455,9073
2024-02-02 11:13:00,14.034455,14.046103,13.998335,14.001788,8666
2024-02-02 11:14:00,14.001788,14.016249,13.965913,13.979464,8726
2024-02-02 11:15:00,13.979464,14.015730,13.975789,14.002332,5958
2024-02-02 11:16:00,14.002332,14.032600,13.994887,14.028470,7452
2024-02-02 11:17:00,14.028470,14.049671,14.012249,14.035940,3874
2024-02-02 11:18:00,14.035940,14.068943,14.022499,14.054489,4408
2024-02-02 11:19:00,14.054489,14.056963,14.051108,14.053498,5224
2024-02-02 11:20:00,14.053498,14.079815,14.036999,14.061556,841
2024-02-02 11:21:00,14.061556,14.070939,14.057171,14.060280,8422
2024-02-02 11:22:00,14.060280,14.078784,14.033649,14.052386,2178
2024-02-02 11:23:00,14.052386,14.076583,14.050358,14.059940,7451
2024-02-02 11:24:00,14.059940,14.079549,14.056102,14.058678,6339
2024-02-02 11:25:00,14.058678,14.107048,14.051893,14.097149,364
2024-02-02 11:26:00,14.097149,14.129962,14.084175,14.113175,1667
2024-02-02 11:27:00,14.113175,14.143270,14.103926,14.137807,7819
2024-02-02 11:28:00,14.137807,14.155859,14.132306,14.137096,5117
2024-02-02 11:29:00,14.137096,14.161841,14.118692,14.143052,6765
2024-02-02 11:30:00,14.143052,14.184787,14.128127,14.172489,409
2024-02-02 13:01:00,14.172489,14.200605,14.167703,14.185330,2496
2024-02-02 13:02:00,14.185330,14.195513,14.179923,14.182256,4114
2024-02-02 13:03:00,14.182256,14.200516,14.166377,14.196507,2991
2024-02-02 13:04:00,14.196507,14.218821,14.178233,14.207067,5591
2024-02-02 13:05:00,14.207067,14.236330,14.203088,14.229251,8837
2024-02-02 13:06:00,14.229251,14.234232,14.197989,14.214604,8677
2024-02-02 13:07:00,14.214604,14.239553,14.208292,14.224653,4012
2024-02-02 13:08:00,14.224653,14.234540,14.215703,14.230312,142
2024-02-02 13:09:00,14.230312,14.249448,14.226312,14.236914,536
2024-02-02 13:10:00,14.236914,14.260817,14.217369,14.243194,227
2024-02-02 13:11:00,14.243194,14.270645,14.231374,14.259404,8253
2024-02-02 13:12:00,14.259404,14.276769,14.241319,14.261750,6751
2024-02-02 13:13:00,14.261750,14.271446,14.254177,14.269032,7999
2024-02-02 13:14:00,14.269032,14.279823,14.261290,14.273893,6223
2024-02-02 13:15:00,14.273893,14.279772,14.256816,14.271529,4918
2024-02-02 13:16:00,14.271529,14.299159,14.268660,14.281038,160
2024-02-02 13:17:00,14.281038,14.306339,14.274941,14.288403,8296
2024-02-02 13:18:00,14.288403,14.304747,14.268527,14.302202,7627
2024-02-02 13:19:00,14.302202,14.317160,14.283867,14.301725,6528
2024-02-02 13:20:00,14.301725,14.324941,14.283422,14.318424,2353
2024-02-02 13:21:00,14.318424,14.322406,14.298326,14.314319,4127
2024-02-02 13:22:00,14.314319,14.343563,14.304866,14.341311,4906
2024-02-02 13:23:00,14.341311,14.380481,14.325513,14.361133,7640
2024-02-02 13:24:00,14.361133,14.375495,14.337337,14.343800,5384
2024-02-02 13:25:00,14.343800,14.383469,14.336842,14.369823,3858
2024-02-02 13:26:00,14.369823,14.390995,14.350222,14.376492,2233
2024-02-02 13:27:00,14.376492,14.399274,14.368027,14.388697,6116
2024-02-02 13:28:00,14.388697,14.400864,14.375225,14.395801,6014
2024-02-02 13:29:00,14.395801,14.406907,14.368344,14.378494,8101
2024-02-02 13:30:00,14.378494,14.406836,14.366323,14.395758,8456
2024-02-02 13:31:00,14.395758,14.401752,14.362537,14.369502,3206
2024-02-02 13:32:00,14.369502,14.396538,14.364396,14.392934,8802
2024-02-02 13:33:00,14.392934,14.400423,14.379105,14.390197,4725
2024-02-02 13:34:00,14.390197,14.414047,14.378790,14.404898,4933
2024-02-02 13:35:00,14.404898,14.413699,14.392906,14.403797,4806
2024-02-02 13:36:00,14.403797,14.429108,14.398328,14.414352,8464
2024-02-02 13:37:00,14.414352,14.435899,14.401142,14.428035,1543
2024-02-02 13:38:00,14.428035,14.469468,14.410758,14.451084,7726
2024-02-02 13:39:00,14.451084,14.464299,14.440504,14.451747,4692
2024-02-02 13:40:00,14.451747,14.458088,14.429680,14.441256,3623
2024-02-02 13:41:00,14.441256,14.445809,14.421930,14.436543,5726
2024-02-02 13:42:00,14.436543,14.466791,14.424635,14.457379,5029
2024-02-02 13:43:00,14.457379,14.504067,14.440160,14.490960,5108
2024-02-02 13:44:00,14.490960,14.524777,14.483434,14.509925,8747
2024-02-02 13:45:00,14.509925,14.514189,14.489449,14.494602,7568
2024-02-02 13:46:00,14.494602,14.510369,14.478002,14.484093,1323
2024-02-02 13:47:00,14.484093,14.491912,14.467996,14.479838,8872
2024-02-02 13:48:00,14.479838,14.509038,14.477688,14.494389,1240
2024-02-02 13:49:00,14.494389,14.505632,14.474468,14.481571,8542
2024-02-02 13:50:00,14.481571,14.503184,14.467000,14.490754,8221
2024-02-02 13:51:00,14.490754,14.510020,14.474900,14.497889,9850
2024-02-02 13:52:00,14.497889,14.503825,14.468224,14.483846,7558
2024-02-02 13:53:00,14.483846,14.502736,14.471433,14.482735,1389
2024-02-02 13:54:00,14.482735,14.512585,14.473022,14.502754,6160
2024-02-02 13:55:00,14.502754,14.518618,14.479437,14.499028,1163
2024-02-02 13:56:00,14.499028,14.522307,14.483655,14.519450,5873
2024-02-02 13:57:00,14.519450,14.523033,14.492993,14.500377,9137
2024-02-02 13:58:00,14.500377,14.506218,14.477123,14.479471,2389
2024-02-02 13:59:00,14.479471,14.483871,14.467200,14.470677,7946
2024-02-02 14:00:00,14.470677,14.476049,14.452842,14.471346,5804
2024-02-02 14:01:00,14.471346,14.487512,14.458138,14.468751,5440
2024-02-02 14:02:00,14.468751,14.474029,14.448087,14.451785,4290
2024-02-02 14:03:00,14.451785,14.464028,14.433998,14.457928,5054
2024-02-02 14:04:00,14.457928,14.472532,14.445870,14.469241,991
2024-02-02 14:05:00,14.469241,14.498341,14.467025,14.479307,7636
2024-02-02 14:06:00,14.479307,14.496878,14.460142,14.465386,5180
2024-02-02 14:07:00,14.465386,14.476678,14.427694,14.445804,7269
2024-02-02 14:08:00,14.445804,14.458899,14.440940,14.452111,2617
2024-02-02 14:09:00,14.452111,14.473414,14.443698,14.459047,7390
2024-02-02 14:10:00,14.459047,14.462957,14.436122,14.441465,9090
2024-02-02 14:11:00,14.441465,14.463657,14.424851,14.449461,6091
2024-02-02 14:12:00,14.449461,14.468571,14.441435,14.444135,3990
2024-02-02 14:13:00,14.444135,14.462829,14.428845,14.438915,4445
2024-02-02 14:14:00,14.438915,14.442657,14.408828,14.413842,7781
2024-02-02 14:15:00,14.413842,14.416209,14.363030,14.377722,9965
2024-02-02 14:16:00,14.377722,14.385636,14.334630,14.353897,8399
2024-02-02 14:17:00,14.353897,14.379773,14.347586,14.368740,8070
2024-02-02 14:18:00,14.368740,14.377774,14.352733,14.371653,5030
2024-02-02 14:19:00,14.371653,14.384884,14.333031,14.349386,797
2024-02-02 14:20:00,14.349386,14.366157,14.340824,14.353787,6888
2024-02-02 14:21:00,14.353787,14.367701,14.344262,14.357831,7674
2024-02-02 14:22:00,14.357831,14.385035,14.349518,14.371536,1728
2024-02-02 14:23:00,14.371536,14.400076,14.357588,14.386208,5552
2024-02-02 14:24:00,14.386208,14.393529,14.363084,14.374107,8645
2024-02-02 14:25:00,14.374107,14.379099,14.343110,14.360038,4042
2024-02-02 14:26:00,14.360038,14.366244,14.314407,14.327558,6283
2024-02-02 14:27:00,14.327558,14.340681,14.284837,14.302109,4206
2024-02-02 14:28:00,14.302109,14.329815,14.288665,14.313158,8285
2024-02-02 14:29:00,14.313158,14.318919,14.287916,14.304976,8057
2024-02-02 14:30:00,14.304976,14.309250,14.282801,14.291276,9307
2024-02-02 14:31:00,14.291276,14.299348,14.256839,14.275989,7785
2024-02-02 14:32:00,14.275989,14.322129,14.265987,14.307403,4421
2024-02-02 14:33:00,14.307403,14.319311,14.302391,14.310443,3185
2024-02-02 14:34:00,14.310443,14.313362,14.288584,14.296502,3516
2024-02-02 14:35:00,14.296502,14.308329,14.291447,14.295711,2473
2024-02-02 14:36:00,14.295711,14.309559,14.267228,14.273274,3030
2024-02-02 14:37:00,14.273274,14.313390,14.257560,14.297158,2590
2024-02-02 14:38:00,14.297158,14.309027,14.282118,14.294541,4940
2024-02-02 14:39:00,14.294541,14.304037,14.272384,14.289140,2723
2024-02-02 14:40:00,14.289140,14.298188,14.276656,14.293946,6533
2024-02-02 14:41:00,14.293946,14.310830,14.290516,14.301529,5097
2024-02-02 14:42:00,14.301529,14.318077,14.266727,14.286320,503
2024-02-02 14:43:00,14.286320,14.307485,14.283174,14.295286,5854
2024-02-02 14:44:00,14.295286,14.309881,14.280827,14.305586,5140
2024-02-02 14:45:00,14.305586,14.338211,14.302558,14.322084,6333
2024-02-02 14:46:00,14.322084,14.341665,14.319627,14.322465,1323
2024-02-02 14:47:00,14.322465,14.369661,14.309787,14.353379,6366
2024-02-02 14:48:00,14.353379,14.369905,14.343476,14.352676,4645
2024-02-02 14:49:00,14.352676,14.354967,14.339056,14.347124,4040
2024-02-02 14:50:00,14.347124,14.352117,14.330046,14.345411,2914
2024-02-02 14:51:00,14.345411,14.355985,14.339343,14.343512,7621
2024-02-02 14:52:00,14.343512,14.369037,14.334894,14.349645,8245
2024-02-02 14:53:00,14.349645,14.359982,14.307196,14.323134,1063
2024-02-02 14:54:00,14.323134,14.343849,14.303221,14.325260,2552
2024-02-02 14:55:00,14.325260,14.333827,14.322651,14.328427,7368
2024-02-02 14:56:00,14.328427,14.356181,14.317458,14.342072,4772
2024-02-02 14:57:00,14.342072,14.356136,14.321772,14.339851,391
2024-02-02 14:58:00,14.339851,14.347020,14.305804,14.313548,8608
2024-02-02 14:59:00,14.313548,14.324162,14.289386,14.301552,5684
2024-02-02 15:00:00,14.301552,14.308569,14.266405,14.281518,8155
