datetime,open,high,low,close,volume
2024-01-02 09:31:00,10.000000,10.012392,9.987696,10.003657,9847
2024-01-02 09:32:00,10.003657,10.013322,9.978993,9.991177,4605
2024-01-02 09:33:00,9.991177,10.013917,9.976541,10.000182,2712
2024-01-02 09:34:00,10.000182,10.029084,9.986519,10.011469,5209
2024-01-02 09:35:00,10.011469,10.021639,9.974313,9.988057,7922
2024-01-02 09:36:00,9.988057,9.994518,9.964739,9.972430,3194
2024-01-02 09:37:00,9.972430,9.980224,9.956257,9.973965,570
2024-01-02 09:38:00,9.973965,9.989393,9.958285,9.970170,604
2024-01-02 09:39:00,9.970170,9.986868,9.960202,9.969968,8534
2024-01-02 09:40:00,9.969968,9.973863,9.946463,9.959732,1204
2024-01-02 09:41:00,9.959732,9.973482,9.951240,9.970284,6392
2024-01-02 09:42:00,9.970284,9.992318,9.959055,9.979618,3906
2024-01-02 09:43:00,9.979618,9.985042,9.964357,9.980411,7797
2024-01-02 09:44:00,9.980411,10.010782,9.962455,9.993938,699
2024-01-02 09:45:00,9.993938,10.007135,9.975359,9.999548,8988
2024-01-02 09:46:00,9.999548,10.004138,9.978173,9.989238,7012
2024-01-02 09:47:00,9.989238,10.012242,9.977873,9.993664,4547
2024-01-02 09:48:00,9.993664,9.998644,9.965763,9.982160,2149
2024-01-02 09:49:00,9.982160,9.999831,9.974500,9.992706,9773
2024-01-02 09:50:00,9.992706,9.997471,9.975040,9.992113,3090
2024-01-02 09:51:00,9.992113,9.996192,9.979009,9.989904,4956
2024-01-02 09:52:00,9.989904,9.992285,9.977662,9.981748,4001
2024-01-02 09:53:00,9.981748,9.999438,9.978451,9.996441,2382
2024-01-02 09:54:00,9.996441,10.001585,9.977466,9.994622,4224
2024-01-02 09:55:00,9.994622,9.997583,9.986534,9.989534,1599
2024-01-02 09:56:00,9.989534,10.002174,9.978334,9.985385,116
2024-01-02 09:57:00,9.985385,10.006139,9.977371,9.991886,2970
2024-01-02 09:58:00,9.991886,10.005521,9.986772,9.996436,1209
2024-01-02 09:59:00,9.996436,10.009348,9.988786,10.001624,4206
2024-01-02 10:00:00,10.001624,10.018210,9.986256,10.007128,8641
2024-01-02 10:01:00,10.007128,10.051047,10.004864,10.033297,1709
2024-01-02 10:02:00,10.033297,10.050618,10.012183,10.029072,112
2024-01-02 10:03:00,10.029072,10.031854,10.006402,10.023820,1199
2024-01-02 10:04:00,10.023820,10.029087,10.006569,10.015270,5130
2024-01-02 10:05:00,10.015270,10.030556,10.010505,10.024294,2820
2024-01-02 10:06:00,10.024294,10.046499,10.011479,10.040010,4946
2024-01-02 10:07:00,10.040010,10.053773,10.035856,10.041491,389
2024-01-02 10:08:00,10.041491,10.050983,10.026538,10.035106,3397
2024-01-02 10:09:00,10.035106,10.037993,10.010707,10.029959,4160
2024-01-02 10:10:00,10.029959,10.052515,10.010041,10.043790,4370
2024-01-02 10:11:00,10.043790,10.071692,10.027892,10.060264,5556
2024-01-02 10:12:00,10.060264,10.079979,10.052667,10.076149,7827
2024-01-02 10:13:00,10.076149,10.096640,10.061771,10.079637,4725
2024-01-02 10:14:00,10.079637,10.099249,10.064940,10.096313,8427
2024-01-02 10:15:00,10.096313,10.132971,10.087332,10.114324,5344
2024-01-02 10:16:00,10.114324,10.140351,10.100788,10.136567,2677
2024-01-02 10:17:00,10.136567,10.187091,10.134373,10.169906,2367
2024-01-02 10:18:00,10.169906,10.217187,10.164143,10.198939,3292
2024-01-02 10:19:00,10.198939,10.256664,10.187487,10.237032,6014
2024-01-02 10:20:00,10.237032,10.287858,10.232085,10.271421,2500
2024-01-02 10:21:00,10.271421,10.328054,10.266435,10.312023,9150
2024-01-02 10:22:00,10.312023,10.373640,10.294969,10.360075,4850
2024-01-02 10:23:00,10.360075,10.402078,10.340271,10.386056,8646
2024-01-02 10:24:00,10.386056,10.432593,10.374049,10.428171,6864
2024-01-02 10:25:00,10.428171,10.481953,10.411068,10.470304,3400
2024-01-02 10:26:00,10.470304,10.522693,10.450478,10.511437,2359
2024-01-02 10:27:00,10.511437,10.574463,10.506888,10.557026,7465
2024-01-02 10:28:00,10.557026,10.633244,10.546958,10.622914,3374
2024-01-02 10:29:00,10.622914,10.667358,10.613848,10.658427,2543
2024-01-02 10:30:00,10.658427,10.726284,10.654986,10.712772,9310
2024-01-02 10:31:00,10.712772,10.737806,10.697176,10.731010,4878
2024-01-02 10:32:00,10.731010,10.764597,10.721202,10.760081,580
2024-01-02 10:33:00,10.760081,10.799443,10.749633,10.788841,4998
2024-01-02 10:34:00,10.788841,10.825123,10.784129,10.815619,4661
2024-01-02 10:35:00,10.815619,10.842430,10.810362,10.836244,8653
2024-01-02 10:36:00,10.836244,10.858450,10.817916,10.849835,7144
2024-01-02 10:37:00,10.849835,10.858430,10.838775,10.841579,1994
2024-01-02 10:38:00,10.841579,10.849474,10.817750,10.823941,1589
2024-01-02 10:39:00,10.823941,10.832771,10.807237,10.814494,6075
2024-01-02 10:40:00,10.814494,10.828837,10.774567,10.785391,569
2024-01-02 10:41:00,10.785391,10.792734,10.724437,10.736993,3258
2024-01-02 10:42:00,10.736993,10.756072,10.674081,10.684961,1468
2024-01-02 10:43:00,10.684961,10.703455,10.627688,10.631202,303
2024-01-02 10:44:00,10.631202,10.641858,10.584879,10.591265,9196
2024-01-02 10:45:00,10.591265,10.599175,10.527841,10.545026,989
2024-01-02 10:46:00,10.545026,10.556663,10.490944,10.504420,191
2024-01-02 10:47:00,10.504420,10.521694,10.436809,10.450494,9335
2024-01-02 10:48:00,10.450494,10.464240,10.390556,10.404619,1964
2024-01-02 10:49:00,10.404619,10.421098,10.350443,10.366175,8183
2024-01-02 10:50:00,10.366175,10.377764,10.315950,10.318996,409
2024-01-02 10:51:00,10.318996,10.332388,10.275402,10.284001,1620
2024-01-02 10:52:00,10.284001,10.291187,10.227214,10.238925,1195
2024-01-02 10:53:00,10.238925,10.254153,10.192898,10.200990,7092
2024-01-02 10:54:00,10.200990,10.206634,10.149263,10.166463,6239
2024-01-02 10:55:00,10.166463,10.180970,10.115077,10.125764,4807
2024-01-02 10:56:00,10.125764,10.143257,10.092889,10.108725,2492
2024-01-02 10:57:00,10.108725,10.113103,10.066137,10.083473,979
2024-01-02 10:58:00,10.083473,10.096532,10.055927,10.067013,5735
2024-01-02 10:59:00,10.067013,10.070725,10.040520,10.058892,2384
2024-01-02 11:00:00,10.058892,10.073955,10.040207,10.052775,5942
2024-01-02 11:01:00,10.052775,10.056296,10.034089,10.051394,6905
2024-01-02 11:02:00,10.051394,10.070240,10.034526,10.042656,8509
2024-01-02 11:03:00,10.042656,10.047130,10.020575,10.031553,4990
2024-01-02 11:04:00,10.031553,10.050813,10.014285,10.025850,146
2024-01-02 11:05:00,10.025850,10.042266,9.998015,10.001905,2878
2024-01-02 11:06:00,10.001905,10.014591,9.972518,9.981692,8548
2024-01-02 11:07:00,9.981692,9.997779,9.945139,9.963651,5379
2024-01-02 11:08:00,9.963651,9.979963,9.936696,9.950051,6229
2024-01-02 11:09:00,9.950051,9.972662,9.944856,9.953633,4632
2024-01-02 11:10:00,9.953633,9.960194,9.933773,9.941872,1711
2024-01-02 11:11:00,9.941872,9.954494,9.931234,9.936683,8977
2024-01-02 11:12:00,9.936683,9.955515,9.934236,9.951804,7752
2024-01-02 11:13:00,9.951804,9.964895,9.928501,9.947195,9952
2024-01-02 11:14:00,9.947195,9.960893,9.937127,9.955810,8569
2024-01-02 11:15:00,9.955810,9.967979,9.936906,9.944442,2982
2024-01-02 11:16:00,9.944442,9.956746,9.929091,9.941864,2617
2024-01-02 11:17:00,9.941864,9.952251,9.928254,9.930386,2559
2024-01-02 11:18:00,9.930386,9.941794,9.919261,9.926266,9196
2024-01-02 11:19:00,9.926266,9.952065,9.911611,9.936315,5613
2024-01-02 11:20:00,9.936315,9.952701,9.902156,9.915564,4599
2024-01-02 11:21:00,9.915564,9.931621,9.895891,9.920762,9685
2024-01-02 11:22:00,9.920762,9.936398,9.907596,9.923605,6073
2024-01-02 11:23:00,9.923605,9.942367,9.905874,9.916469,9103
2024-01-02 11:24:00,9.916469,9.920624,9.883407,9.899112,9848
2024-01-02 11:25:00,9.899112,9.904083,9.880853,9.899976,886
2024-01-02 11:26:00,9.899976,9.903554,9.878648,9.893620,3679
2024-01-02 11:27:00,9.893620,9.910253,9.874282,9.896411,7367
2024-01-02 11:28:00,9.896411,9.906208,9.880335,9.896673,8150
2024-01-02 11:29:00,9.896673,9.931832,9.879071,9.915894,1570
2024-01-02 11:30:00,9.915894,9.929976,9.908968,9.913022,3252
2024-01-02 13:01:00,9.913022,9.921027,9.885556,9.900739,5526
2024-01-02 13:02:00,9.900739,9.921061,9.890818,9.902891,8012
2024-01-02 13:03:00,9.902891,9.921256,9.890935,9.905531,1218
2024-01-02 13:04:00,9.905531,9.928710,9.891757,9.921841,6047
2024-01-02 13:05:00,9.921841,9.940418,9.902384,9.931862,3034
2024-01-02 13:06:00,9.931862,9.943805,9.912140,9.936145,2241
2024-01-02 13:07:00,9.936145,9.958541,9.928957,9.953704,5202
2024-01-02 13:08:00,9.953704,9.958364,9.924232,9.939439,4198
2024-01-02 13:09:00,9.939439,9.958289,9.916262,9.931762,6393
2024-01-02 13:10:00,9.931762,9.941644,9.912406,9.920643,3244
2024-01-02 13:11:00,9.920643,9.929543,9.911736,9.915965,8250
2024-01-02 13:12:00,9.915965,9.931100,9.896708,9.899445,873
2024-01-02 13:13:00,9.899445,9.919021,9.883453,9.907067,8632
2024-01-02 13:14:00,9.907067,9.925918,9.893586,9.904400,395
2024-01-02 13:15:00,9.904400,9.920446,9.867011,9.886751,7385
2024-01-02 13:16:00,9.886751,9.897379,9.864194,9.874564,3530
2024-01-02 13:17:00,9.874564,9.887100,9.854961,9.878326,3895
2024-01-02 13:18:00,9.878326,9.908143,9.868918,9.888383,288
2024-01-02 13:19:00,9.888383,9.927264,9.872097,9.912344,7050
2024-01-02 13:20:00,9.912344,9.966432,9.908817,9.947311,1738
2024-01-02 13:21:00,9.947311,9.956416,9.935312,9.952283,6625
2024-01-02 13:22:00,9.952283,9.969593,9.923972,9.940409,7279
2024-01-02 13:23:00,9.940409,9.953876,9.896180,9.914824,8467
2024-01-02 13:24:00,9.914824,9.922232,9.898018,9.918037,7110
2024-01-02 13:25:00,9.918037,9.930626,9.905616,9.908282,3084
2024-01-02 13:26:00,9.908282,9.922631,9.894589,9.903297,7411
2024-01-02 13:27:00,9.903297,9.905519,9.893076,9.895952,8276
2024-01-02 13:28:00,9.895952,9.906130,9.890296,9.894263,3239
2024-01-02 13:29:00,9.894263,9.923912,9.880107,9.907055,1329
2024-01-02 13:30:00,9.907055,9.916256,9.892216,9.908939,8911
2024-01-02 13:31:00,9.908939,9.919193,9.891108,9.907035,1564
2024-01-02 13:32:00,9.907035,9.916997,9.877029,9.894608,5978
2024-01-02 13:33:00,9.894608,9.902042,9.859202,9.874511,2439
2024-01-02 13:34:00,9.874511,9.893043,9.852260,9.868676,1347
2024-01-02 13:35:00,9.868676,9.884739,9.865149,9.868030,7786
2024-01-02 13:36:00,9.868030,9.893236,9.861809,9.889245,1522
2024-01-02 13:37:00,9.889245,9.910755,9.876051,9.890809,6735
2024-01-02 13:38:00,9.890809,9.920427,9.873363,9.902602,6961
2024-01-02 13:39:00,9.902602,9.909712,9.894529,9.896610,696
2024-01-02 13:40:00,9.896610,9.913674,9.871127,9.882391,1812
2024-01-02 13:41:00,9.882391,9.886306,9.856618,9.870809,7964
2024-01-02 13:42:00,9.870809,9.890793,9.859574,9.862107,5122
2024-01-02 13:43:00,9.862107,9.901631,9.852882,9.887648,1301
2024-01-02 13:44:00,9.887648,9.901351,9.859670,9.877792,9918
2024-01-02 13:45:00,9.877792,9.891481,9.863703,9.887854,2723
2024-01-02 13:46:00,9.887854,9.906000,9.870741,9.877018,139
2024-01-02 13:47:00,9.877018,9.890719,9.859668,9.888197,9249
2024-01-02 13:48:00,9.888197,9.899152,9.879933,9.892817,264
2024-01-02 13:49:00,9.892817,9.897391,9.873577,9.890937,5578
2024-01-02 13:50:00,9.890937,9.906919,9.883067,9.890448,9931
2024-01-02 13:51:00,9.890448,9.896016,9.869965,9.882590,5820
2024-01-02 13:52:00,9.882590,9.906335,9.873446,9.887943,5887
2024-01-02 13:53:00,9.887943,9.901756,9.875537,9.882484,3942
2024-01-02 13:54:00,9.882484,9.885134,9.849818,9.867776,1356
2024-01-02 13:55:00,9.867776,9.869874,9.847064,9.852441,5769
2024-01-02 13:56:00,9.852441,9.857442,9.848914,9.854512,8983
2024-01-02 13:57:00,9.854512,9.886368,9.846357,9.873461,1001
2024-01-02 13:58:00,9.873461,9.891808,9.858544,9.875381,8815
2024-01-02 13:59:00,9.875381,9.881675,9.857424,9.873957,4208
2024-01-02 14:00:00,9.873957,9.894677,9.853980,9.877387,5408
2024-01-02 14:01:00,9.877387,9.896089,9.870053,9.893059,1737
2024-01-02 14:02:00,9.893059,9.912109,9.883716,9.895692,6255
2024-01-02 14:03:00,9.895692,9.914392,9.886298,9.890761,1905
2024-01-02 14:04:00,9.890761,9.919934,9.878413,9.904036,2804
2024-01-02 14:05:00,9.904036,9.923748,9.884080,9.909181,7243
2024-01-02 14:06:00,9.909181,9.944694,9.894565,9.927610,600
2024-01-02 14:07:00,9.927610,9.932532,9.914897,9.929809,4527
2024-01-02 14:08:00,9.929809,9.935441,9.906053,9.915116,5986
2024-01-02 14:09:00,9.915116,9.919364,9.880222,9.898698,1407
2024-01-02 14:10:00,9.898698,9.929590,9.887753,9.918509,3018
2024-01-02 14:11:00,9.918509,9.954606,9.914090,9.939193,3500
2024-01-02 14:12:00,9.939193,9.952533,9.928462,9.937039,6669
2024-01-02 14:13:00,9.937039,9.954359,9.929231,9.932440,9769
2024-01-02 14:14:00,9.932440,9.954771,9.926805,9.949978,8378
2024-01-02 14:15:00,9.949978,9.965201,9.934375,9.936693,1978
2024-01-02 14:16:00,9.936693,9.942168,9.915797,9.925956,279
2024-01-02 14:17:00,9.925956,9.940550,9.912535,9.933676,613
2024-01-02 14:18:00,9.933676,9.948455,9.920762,9.928941,5997
2024-01-02 14:19:00,9.928941,9.948585,9.919313,9.928880,1646
2024-01-02 14:20:00,9.928880,9.941887,9.907652,9.926918,2389
2024-01-02 14:21:00,9.926918,9.933950,9.911383,9.930969,8489
2024-01-02 14:22:00,9.930969,9.960952,9.919234,9.947859,8751
2024-01-02 14:23:00,9.947859,9.951708,9.940737,9.948946,8406
2024-01-02 14:24:00,9.948946,9.974588,9.930800,9.956673,2611
2024-01-02 14:25:00,9.956673,9.971446,9.925839,9.932071,6234
2024-01-02 14:26:00,9.932071,9.937187,9.923630,9.931487,6146
2024-01-02 14:27:00,9.931487,9.935138,9.903005,9.921368,1933
2024-01-02 14:28:00,9.921368,9.926671,9.895210,9.906742,5580
2024-01-02 14:29:00,9.906742,9.926383,9.880842,9.896204,5300
2024-01-02 14:30:00,9.896204,9.906458,9.879561,9.892195,4022
2024-01-02 14:31:00,9.892195,9.919299,9.878433,9.903186,7541
2024-01-02 14:32:00,9.903186,9.916641,9.879880,9.887269,6808
2024-01-02 14:33:00,9.887269,9.899940,9.880924,9.887636,5373
2024-01-02 14:34:00,9.887636,9.892249,9.874022,9.881826,7285
2024-01-02 14:35:00,9.881826,9.900855,9.873096,9.877894,7654
2024-01-02 14:36:00,9.877894,9.897352,9.860157,9.889927,5712
2024-01-02 14:37:00,9.889927,9.908789,9.882829,9.896385,2749
2024-01-02 14:38:00,9.896385,9.927030,9.884278,9.912434,7608
2024-01-02 14:39:00,9.912434,9.926120,9.894324,9.910579,7204
2024-01-02 14:40:00,9.910579,9.929510,9.886119,9.902228,9835
2024-01-02 14:41:00,9.902228,9.906900,9.889651,9.899542,1582
2024-01-02 14:42:00,9.899542,9.913602,9.888969,9.902452,4250
2024-01-02 14:43:00,9.902452,9.913843,9.882547,9.904571,9249
2024-01-02 14:44:00,9.904571,9.915106,9.877415,9.891558,5194
2024-01-02 14:45:00,9.891558,9.896790,9.874895,9.892644,9431
2024-01-02 14:46:00,9.892644,9.899796,9.874398,9.895383,223
2024-01-02 14:47:00,9.895383,9.932598,9.879206,9.925592,448
2024-01-02 14:48:00,9.925592,9.955599,9.920259,9.948114,7980
2024-01-02 14:49:00,9.948114,9.957817,9.925756,9.937876,3648
2024-01-02 14:50:00,9.937876,9.950873,9.930593,9.934427,5250
2024-01-02 14:51:00,9.934427,9.947850,9.903113,9.916866,4337
2024-01-02 14:52:00,9.916866,9.926278,9.890581,9.909777,4138
2024-01-02 14:53:00,9.909777,9.922923,9.898548,9.913564,9400
2024-01-02 14:54:00,9.913564,9.933952,9.903771,9.928035,1031
2024-01-02 14:55:00,9.928035,9.940624,9.916641,9.919286,7744
2024-01-02 14:56:00,9.919286,9.926992,9.892160,9.911436,8907
2024-01-02 14:57:00,9.911436,9.914085,9.881814,9.885668,6608
2024-01-02 14:58:00,9.885668,9.895200,9.880977,9.883716,4010
2024-01-02 14:59:00,9.883716,9.894251,9.864538,9.870967,1684
2024-01-02 15:00:00,9.870967,9.877028,9.861435,9.864614,6857
2024-01-03 09:31:00,10.065439,10.075379,10.046061,10.068739,6460
2024-01-03 09:32:00,10.068739,10.081286,10.035632,10.054976,8382
2024-01-03 09:33:00,10.054976,10.064356,10.031762,10.049164,9896
2024-01-03 09:34:00,10.049164,10.072469,10.043787,10.066530,1175
2024-01-03 09:35:00,10.066530,10.083219,10.039797,10.052494,7157
2024-01-03 09:36:00,10.052494,10.069984,10.009121,10.026927,2329
2024-01-03 09:37:00,10.026927,10.031946,9.995699,10.004439,2048
2024-01-03 09:38:00,10.004439,10.006926,10.000619,10.004791,7950
2024-01-03 09:39:00,10.004791,10.013215,9.988193,10.005164,780
2024-01-03 09:40:00,10.005164,10.021519,9.993072,10.003744,8493
2024-01-03 09:41:00,10.003744,10.035514,9.991585,10.018409,7728
2024-01-03 09:42:00,10.018409,10.022899,9.966447,9.986125,9948
2024-01-03 09:43:00,9.986125,10.006846,9.973196,9.990908,6712
2024-01-03 09:44:00,9.990908,10.013850,9.981258,10.009768,8741
2024-01-03 09:45:00,10.009768,10.018789,9.987486,9.996146,1273
2024-01-03 09:46:00,9.996146,10.016121,9.982041,9.991558,8910
2024-01-03 09:47:00,9.991558,9.997025,9.978333,9.982464,1687
2024-01-03 09:48:00,9.982464,9.987236,9.955356,9.971662,3212
2024-01-03 09:49:00,9.971662,9.981272,9.950642,9.967721,1369
2024-01-03 09:50:00,9.967721,9.998117,9.960602,9.984963,4076
2024-01-03 09:51:00,9.984963,10.025948,9.977495,10.007156,7515
2024-01-03 09:52:00,10.007156,10.026811,9.985360,10.003098,2754
2024-01-03 09:53:00,10.003098,10.029362,10.000667,10.026109,8239
2024-01-03 09:54:00,10.026109,10.031022,10.014740,10.026538,6102
2024-01-03 09:55:00,10.026538,10.063954,10.016192,10.047720,6326
2024-01-03 09:56:00,10.047720,10.054592,10.032171,10.046593,9394
2024-01-03 09:57:00,10.046593,10.066104,10.041652,10.048176,4375
2024-01-03 09:58:00,10.048176,10.066533,10.034146,10.052591,3511
2024-01-03 09:59:00,10.052591,10.095000,10.043810,10.090987,9946
2024-01-03 10:00:00,10.090987,10.118254,10.077850,10.101269,5614
2024-01-03 10:01:00,10.101269,10.106443,10.090005,10.092726,6184
2024-01-03 10:02:00,10.092726,10.114053,10.082415,10.104430,3033
2024-01-03 10:03:00,10.104430,10.116370,10.088659,10.100060,2232
2024-01-03 10:04:00,10.100060,10.111074,10.088287,10.094144,1781
2024-01-03 10:05:00,10.094144,10.119470,10.089631,10.105119,2313
2024-01-03 10:06:00,10.105119,10.119243,10.099726,10.105494,2032
2024-01-03 10:07:00,10.105494,10.128716,10.097300,10.108859,7492
2024-01-03 10:08:00,10.108859,10.129018,10.105117,10.109028,673
2024-01-03 10:09:00,10.109028,10.124390,10.089976,10.113094,6330
2024-01-03 10:10:00,10.113094,10.121940,10.103804,10.118227,9498
2024-01-03 10:11:00,10.118227,10.133328,10.078269,10.094831,7678
2024-01-03 10:12:00,10.094831,10.122462,10.075291,10.102882,4088
2024-01-03 10:13:00,10.102882,10.110612,10.087567,10.091021,688
2024-01-03 10:14:00,10.091021,10.101322,10.059870,10.073600,8357
2024-01-03 10:15:00,10.073600,10.083246,10.055209,10.072894,131
2024-01-03 10:16:00,10.072894,10.076834,10.059478,10.073909,6845
2024-01-03 10:17:00,10.073909,10.088009,10.055810,10.065532,6742
2024-01-03 10:18:00,10.065532,10.083930,10.055773,10.075570,2000
2024-01-03 10:19:00,10.075570,10.091744,10.056712,10.059358,7424
2024-01-03 10:20:00,10.059358,10.076336,10.042820,10.054443,1837
2024-01-03 10:21:00,10.054443,10.071225,10.027495,10.047379,2333
2024-01-03 10:22:00,10.047379,10.056879,10.027559,10.046816,8138
2024-01-03 10:23:00,10.046816,10.057972,10.044089,10.050184,9793
2024-01-03 10:24:00,10.050184,10.065663,10.023306,10.038010,2720
2024-01-03 10:25:00,10.038010,10.063184,10.030579,10.046759,9221
2024-01-03 10:26:00,10.046759,10.058362,10.028505,10.047520,9141
2024-01-03 10:27:00,10.047520,10.065594,10.021856,10.024668,7717
2024-01-03 10:28:00,10.024668,10.029258,9.982165,10.001011,1486
2024-01-03 10:29:00,10.001011,10.018834,9.983787,10.000862,3064
2024-01-03 10:30:00,10.000862,10.004592,9.994078,9.998193,6809
2024-01-03 10:31:00,9.998193,10.002956,9.993867,9.996944,9992
2024-01-03 10:32:00,9.996944,10.008553,9.979581,9.996606,8163
2024-01-03 10:33:00,9.996606,10.002546,9.991802,9.999330,4260
2024-01-03 10:34:00,9.999330,10.013727,9.987702,10.010776,2429
2024-01-03 10:35:00,10.010776,10.012786,9.978873,9.997356,9607
2024-01-03 10:36:00,9.997356,10.007210,9.970986,9.983200,2834
2024-01-03 10:37:00,9.983200,9.999144,9.960844,9.969995,3487
2024-01-03 10:38:00,9.969995,9.976111,9.959984,9.973484,9648
2024-01-03 10:39:00,9.973484,10.002262,9.970348,9.988521,5660
2024-01-03 10:40:00,9.988521,10.005338,9.963874,9.983311,2719
2024-01-03 10:41:00,9.983311,9.988335,9.945503,9.953095,152
2024-01-03 10:42:00,9.953095,9.957738,9.927104,9.932513,4356
2024-01-03 10:43:00,9.932513,9.950007,9.915302,9.922451,9861
2024-01-03 10:44:00,9.922451,9.939267,9.896356,9.915714,4381
2024-01-03 10:45:00,9.915714,9.927415,9.907085,9.910782,7025
2024-01-03 10:46:00,9.910782,9.927993,9.893170,9.911248,2605
2024-01-03 10:47:00,9.911248,9.914917,9.892741,9.907482,7778
2024-01-03 10:48:00,9.907482,9.929257,9.890542,9.920157,7780
2024-01-03 10:49:00,9.920157,9.935437,9.892425,9.911991,6122
2024-01-03 10:50:00,9.911991,9.918626,9.884417,9.901576,7741
2024-01-03 10:51:00,9.901576,9.922902,9.882595,9.907360,5830
2024-01-03 10:52:00,9.907360,9.918435,9.884527,9.888812,3845
2024-01-03 10:53:00,9.888812,9.909023,9.872488,9.893519,7405
2024-01-03 10:54:00,9.893519,9.905122,9.881696,9.894757,8367
2024-01-03 10:55:00,9.894757,9.903380,9.881194,9.892976,8426
2024-01-03 10:56:00,9.892976,9.918106,9.874796,9.912160,2209
2024-01-03 10:57:00,9.912160,9.917911,9.885153,9.904645,6798
2024-01-03 10:58:00,9.904645,9.945057,9.889958,9.929531,142
2024-01-03 10:59:00,9.929531,9.933671,9.916115,9.926808,5762
2024-01-03 11:00:00,9.926808,9.930355,9.901168,9.911383,5754
2024-01-03 11:01:00,9.911383,9.917401,9.902429,9.912228,3698
2024-01-03 11:02:00,9.912228,9.917384,9.890719,9.899228,9941
2024-01-03 11:03:00,9.899228,9.916044,9.881101,9.890148,8841
2024-01-03 11:04:00,9.890148,9.904117,9.886533,9.894944,482
2024-01-03 11:05:00,9.894944,9.921481,9.891550,9.901654,2167
2024-01-03 11:06:00,9.901654,9.906124,9.878102,9.894139,2159
2024-01-03 11:07:00,9.894139,9.919830,9.884110,9.906066,8985
2024-01-03 11:08:00,9.906066,9.930124,9.887314,9.920047,5237
2024-01-03 11:09:00,9.920047,9.946468,9.907027,9.937395,7315
2024-01-03 11:10:00,9.937395,9.961541,9.934762,9.943790,8118
2024-01-03 11:11:00,9.943790,9.979819,9.938954,9.960258,7699
2024-01-03 11:12:00,9.960258,9.977969,9.931836,9.937541,981
2024-01-03 11:13:00,9.937541,9.943002,9.914138,9.933701,1489
2024-01-03 11:14:00,9.933701,9.939675,9.917292,9.923229,4012
2024-01-03 11:15:00,9.923229,9.938478,9.911945,9.924669,3449
2024-01-03 11:16:00,9.924669,9.931872,9.898915,9.917767,7496
2024-01-03 11:17:00,9.917767,9.932992,9.896170,9.915760,1646
2024-01-03 11:18:00,9.915760,9.950689,9.909505,9.938493,3778
2024-01-03 11:19:00,9.938493,9.950410,9.933559,9.936444,2442
2024-01-03 11:20:00,9.936444,9.958355,9.931679,9.941442,1969
2024-01-03 11:21:00,9.941442,9.956231,9.935496,9.938636,1810
2024-01-03 11:22:00,9.938636,9.942029,9.933124,9.939551,2035
2024-01-03 11:23:00,9.939551,9.942513,9.927316,9.939623,5687
2024-01-03 11:24:00,9.939623,9.957866,9.921199,9.945038,4159
2024-01-03 11:25:00,9.945038,9.969865,9.933368,9.959114,4409
2024-01-03 11:26:00,9.959114,9.985695,9.945846,9.979012,4846
2024-01-03 11:27:00,9.979012,9.992287,9.973378,9.982751,7436
2024-01-03 11:28:00,9.982751,10.005515,9.966341,9.989872,8631
2024-01-03 11:29:00,9.989872,10.006751,9.962851,9.975971,5311
2024-01-03 11:30:00,9.975971,9.988073,9.957356,9.974910,6458
2024-01-03 13:01:00,9.974910,9.995204,9.955831,9.986267,7411
2024-01-03 13:02:00,9.986267,10.003600,9.978005,9.996727,6934
2024-01-03 13:03:00,9.996727,10.010677,9.993097,9.999283,1429
2024-01-03 13:04:00,9.999283,10.017655,9.993216,10.009989,9831
2024-01-03 13:05:00,10.009989,10.028071,10.000108,10.015917,1731
2024-01-03 13:06:00,10.015917,10.044595,9.996895,10.030415,4177
2024-01-03 13:07:00,10.030415,10.037099,10.021605,10.033910,6560
2024-01-03 13:08:00,10.033910,10.035929,10.013740,10.029614,4093
2024-01-03 13:09:00,10.029614,10.039491,10.017885,10.033670,2506
2024-01-03 13:10:00,10.033670,10.051771,9.992982,9.998273,9241
2024-01-03 13:11:00,9.998273,10.016531,9.990500,10.002898,808
2024-01-03 13:12:00,10.002898,10.007993,9.945073,9.958830,2534
2024-01-03 13:13:00,9.958830,9.976855,9.923902,9.938013,9930
2024-01-03 13:14:00,9.938013,9.953929,9.928188,9.943470,7325
2024-01-03 13:15:00,9.943470,9.959807,9.937354,9.949238,961
2024-01-03 13:16:00,9.949238,9.968078,9.920203,9.935197,7570
2024-01-03 13:17:00,9.935197,9.938268,9.921556,9.926596,9698
2024-01-03 13:18:00,9.926596,9.949024,9.907736,9.943150,1068
2024-01-03 13:19:00,9.943150,9.955694,9.931922,9.937304,4199
2024-01-03 13:20:00,9.937304,9.969914,9.933372,9.964395,4735
2024-01-03 13:21:00,9.964395,9.978627,9.953414,9.964372,1397
2024-01-03 13:22:00,9.964372,9.975154,9.953020,9.969300,2085
2024-01-03 13:23:00,9.969300,9.992615,9.958153,9.988830,1820
2024-01-03 13:24:00,9.988830,9.996138,9.978970,9.990412,1935
2024-01-03 13:25:00,9.990412,10.000022,9.958399,9.978306,4094
2024-01-03 13:26:00,9.978306,9.983476,9.966227,9.976980,4691
2024-01-03 13:27:00,9.976980,9.981405,9.965947,9.976550,2456
2024-01-03 13:28:00,9.976550,9.994035,9.950474,9.960066,2965
2024-01-03 13:29:00,9.960066,9.967833,9.953773,9.956976,2003
2024-01-03 13:30:00,9.956976,9.965470,9.935338,9.948011,7980
2024-01-03 13:31:00,9.948011,9.962171,9.941908,9.959176,2196
2024-01-03 13:32:00,9.959176,9.968027,9.945699,9.959594,9085
2024-01-03 13:33:00,9.959594,9.966361,9.953264,9.956179,5434
2024-01-03 13:34:00,9.956179,9.969167,9.935231,9.954896,8046
2024-01-03 13:35:00,9.954896,9.963288,9.944454,9.957591,6400
2024-01-03 13:36:00,9.957591,9.983032,9.939449,9.965041,2733
2024-01-03 13:37:00,9.965041,9.983775,9.942406,9.952966,6053
2024-01-03 13:38:00,9.952966,9.956763,9.937299,9.940385,2813
2024-01-03 13:39:00,9.940385,9.957662,9.923586,9.953728,1273
2024-01-03 13:40:00,9.953728,9.957804,9.935081,9.948748,2621
2024-01-03 13:41:00,9.948748,9.961900,9.915563,9.931634,2828
2024-01-03 13:42:00,9.931634,9.941191,9.921927,9.936995,1436
2024-01-03 13:43:00,9.936995,9.959935,9.923512,9.942592,333
2024-01-03 13:44:00,9.942592,9.958169,9.906691,9.924103,9443
2024-01-03 13:45:00,9.924103,9.943631,9.910744,9.926875,5182
2024-01-03 13:46:00,9.926875,9.947229,9.918617,9.935760,4080
2024-01-03 13:47:00,9.935760,9.960222,9.921834,9.940282,9306
2024-01-03 13:48:00,9.940282,9.950710,9.926188,9.947915,2324
2024-01-03 13:49:00,9.947915,9.957138,9.911663,9.930954,4088
2024-01-03 13:50:00,9.930954,9.942783,9.922277,9.934952,8482
2024-01-03 13:51:00,9.934952,9.954028,9.921645,9.931297,6357
2024-01-03 13:52:00,9.931297,9.943680,9.908847,9.925466,4052
2024-01-03 13:53:00,9.925466,9.952492,9.914362,9.935981,2632
2024-01-03 13:54:00,9.935981,9.958914,9.920722,9.953848,447
2024-01-03 13:55:00,9.953848,9.995137,9.943573,9.975521,942
2024-01-03 13:56:00,9.975521,10.002378,9.969642,9.991402,1703
2024-01-03 13:57:00,9.991402,10.002288,9.974663,9.990077,7887
2024-01-03 13:58:00,9.990077,10.013813,9.985716,9.994337,6428
2024-01-03 13:59:00,9.994337,10.012452,9.988763,10.003599,4391
2024-01-03 14:00:00,10.003599,10.014218,9.990316,10.005063,7850
2024-01-03 14:01:00,10.005063,10.019168,9.989612,10.006642,1691
2024-01-03 14:02:00,10.006642,10.020897,9.988538,10.016592,2188
2024-01-03 14:03:00,10.016592,10.024372,10.008970,10.015876,3988
2024-01-03 14:04:00,10.015876,10.021354,10.003074,10.007067,9182
2024-01-03 14:05:00,10.007067,10.010926,9.982852,10.002061,6180
2024-01-03 14:06:00,10.002061,10.027308,9.997282,10.009718,8524
2024-01-03 14:07:00,10.009718,10.022362,10.004160,10.009754,2556
2024-01-03 14:08:00,10.009754,10.022319,10.002510,10.013863,8498
2024-01-03 14:09:00,10.013863,10.031313,10.002334,10.021957,817
2024-01-03 14:10:00,10.021957,10.031724,9.999538,10.017429,2353
2024-01-03 14:11:00,10.017429,10.039960,10.001739,10.026564,5277
2024-01-03 14:12:00,10.026564,10.049821,10.011817,10.031139,600
2024-01-03 14:13:00,10.031139,10.049930,10.011072,10.016225,8596
2024-01-03 14:14:00,10.016225,10.042693,10.007786,10.033646,8687
2024-01-03 14:15:00,10.033646,10.041572,10.016986,10.027597,5460
2024-01-03 14:16:00,10.027597,10.037716,10.002953,10.007606,3127
2024-01-03 14:17:00,10.007606,10.019829,9.988062,9.994984,1079
2024-01-03 14:18:00,9.994984,10.005296,9.975101,9.982651,6227
2024-01-03 14:19:00,9.982651,9.997139,9.978360,9.983281,5422
2024-01-03 14:20:00,9.983281,9.995260,9.968069,9.979973,7623
2024-01-03 14:21:00,9.979973,9.987746,9.961215,9.975905,6065
2024-01-03 14:22:00,9.975905,9.991613,9.972646,9.983390,1370
2024-01-03 14:23:00,9.983390,9.996310,9.972730,9.987495,1305
2024-01-03 14:24:00,9.987495,9.995016,9.971416,9.991313,7830
2024-01-03 14:25:00,9.991313,10.001252,9.975849,9.996263,1674
2024-01-03 14:26:00,9.996263,10.018721,9.979592,10.003705,9391
2024-01-03 14:27:00,10.003705,10.012709,9.968176,9.978244,1148
2024-01-03 14:28:00,9.978244,9.984106,9.957072,9.973842,7310
2024-01-03 14:29:00,9.973842,9.985970,9.941175,9.947508,9754
2024-01-03 14:30:00,9.947508,9.963544,9.939014,9.947944,4468
2024-01-03 14:31:00,9.947944,9.954577,9.942713,9.947888,661
2024-01-03 14:32:00,9.947888,9.977399,9.937473,9.960516,8779
2024-01-03 14:33:00,9.960516,9.993556,9.951459,9.974861,1954
2024-01-03 14:34:00,9.974861,9.990064,9.968525,9.977310,5321
2024-01-03 14:35:00,9.977310,9.991351,9.955735,9.971267,9846
2024-01-03 14:36:00,9.971267,9.980073,9.963618,9.977127,7473
2024-01-03 14:37:00,9.977127,9.996146,9.963840,9.970750,558
2024-01-03 14:38:00,9.970750,9.979815,9.966378,9.970734,8223
2024-01-03 14:39:00,9.970734,10.001275,9.960835,9.982645,1696
2024-01-03 14:40:00,9.982645,9.995066,9.968454,9.975908,7518
2024-01-03 14:41:00,9.975908,9.987722,9.967261,9.985639,6247
2024-01-03 14:42:00,9.985639,9.996515,9.979391,9.993821,2949
2024-01-03 14:43:00,9.993821,10.008069,9.966552,9.982289,4293
2024-01-03 14:44:00,9.982289,10.006180,9.963548,9.994052,1266
2024-01-03 14:45:00,9.994052,10.004967,9.983089,10.002489,9869
2024-01-03 14:46:00,10.002489,10.019103,9.988915,10.003720,2459
2024-01-03 14:47:00,10.003720,10.021059,9.976904,9.994513,3155
2024-01-03 14:48:00,9.994513,10.005448,9.964156,9.984135,5078
2024-01-03 14:49:00,9.984135,9.994518,9.964597,9.977641,6756
2024-01-03 14:50:00,9.977641,9.986293,9.959625,9.984194,5102
2024-01-03 14:51:00,9.984194,10.000354,9.954297,9.972652,5100
2024-01-03 14:52:00,9.972652,9.985889,9.956406,9.977936,5868
2024-01-03 14:53:00,9.977936,9.995754,9.952641,9.962938,8591
2024-01-03 14:54:00,9.962938,9.971653,9.957012,9.960473,4011
2024-01-03 14:55:00,9.960473,9.973969,9.958188,9.961797,8338
2024-01-03 14:56:00,9.961797,9.998197,9.951208,9.991331,7890
2024-01-03 14:57:00,9.991331,9.996221,9.963797,9.974695,9613
2024-01-03 14:58:00,9.974695,10.008423,9.965362,9.992475,9140
2024-01-03 14:59:00,9.992475,10.005223,9.980248,9.994285,8001
2024-01-03 15:00:00,9.994285,10.010908,9.982346,9.999251,2542
2024-01-04 09:31:00,10.123674,10.143050,10.106844,10.130189,9769
2024-01-04 09:32:00,10.130189,10.136609,10.118883,10.125504,5323
2024-01-04 09:33:00,10.125504,10.128270,10.103176,10.122632,1456
2024-01-04 09:34:00,10.122632,10.128657,10.087468,10.103593,767
2024-01-04 09:35:00,10.103593,10.118501,10.084176,10.108313,8522
2024-01-04 09:36:00,10.108313,10.117763,10.069847,10.086934,9321
2024-01-04 09:37:00,10.086934,10.101247,10.082376,10.096067,7653
2024-01-04 09:38:00,10.096067,10.114469,10.084590,10.097629,1326
2024-01-04 09:39:00,10.097629,10.145289,10.092570,10.126627,1073
2024-01-04 09:40:00,10.126627,10.132251,10.096534,10.113262,2060
2024-01-04 09:41:00,10.113262,10.131994,10.099500,10.112015,7536
2024-01-04 09:42:00,10.112015,10.136183,10.105273,10.133861,7676
2024-01-04 09:43:00,10.133861,10.166984,10.115128,10.148335,8394
2024-01-04 09:44:00,10.148335,10.167469,10.135803,10.139877,1059
2024-01-04 09:45:00,10.139877,10.144815,10.127727,10.142598,1616
2024-01-04 09:46:00,10.142598,10.158356,10.127619,10.142622,9012
2024-01-04 09:47:00,10.142622,10.165511,10.139563,10.146047,9294
2024-01-04 09:48:00,10.146047,10.164353,10.124798,10.137559,7284
2024-01-04 09:49:00,10.137559,10.157032,10.119788,10.136474,1149
2024-01-04 09:50:00,10.136474,10.148380,10.113845,10.117060,779
2024-01-04 09:51:00,10.117060,10.122109,10.105840,10.118702,650
2024-01-04 09:52:00,10.118702,10.141465,10.112048,10.124169,6949
2024-01-04 09:53:00,10.124169,10.137218,10.107474,10.121406,8475
2024-01-04 09:54:00,10.121406,10.134472,10.097650,10.101786,6353
2024-01-04 09:55:00,10.101786,10.123306,10.082919,10.113795,2694
2024-01-04 09:56:00,10.113795,10.130517,10.095690,10.118223,7597
2024-01-04 09:57:00,10.118223,10.122988,10.104056,10.109404,685
2024-01-04 09:58:00,10.109404,10.124719,10.098176,10.105995,8299
2024-01-04 09:59:00,10.105995,10.109345,10.075186,10.087764,8929
2024-01-04 10:00:00,10.087764,10.102900,10.060382,10.075307,7211
2024-01-04 10:01:00,10.075307,10.092588,10.058805,10.068773,8804
2024-01-04 10:02:00,10.068773,10.094201,10.063960,10.083697,5903
2024-01-04 10:03:00,10.083697,10.094874,10.072053,10.075928,4736
2024-01-04 10:04:00,10.075928,10.091325,10.055932,10.083705,3292
2024-01-04 10:05:00,10.083705,10.103156,10.066969,10.077166,9224
2024-01-04 10:06:00,10.077166,10.095374,10.059460,10.080178,7003
2024-01-04 10:07:00,10.080178,10.088820,10.067777,10.078460,1985
2024-01-04 10:08:00,10.078460,10.094213,10.059858,10.089066,9574
2024-01-04 10:09:00,10.089066,10.095019,10.078989,10.082569,686
2024-01-04 10:10:00,10.082569,10.092920,10.059413,10.063465,5916
2024-01-04 10:11:00,10.063465,10.082432,10.027944,10.046677,1986
2024-01-04 10:12:00,10.046677,10.061892,10.021161,10.040215,6677
2024-01-04 10:13:00,10.040215,10.046090,10.017376,10.025041,4185
2024-01-04 10:14:00,10.025041,10.047497,10.016648,10.030025,4427
2024-01-04 10:15:00,10.030025,10.038832,10.014222,10.024366,6748
2024-01-04 10:16:00,10.024366,10.070545,10.014876,10.053214,7585
2024-01-04 10:17:00,10.053214,10.059565,10.026683,10.032104,3862
2024-01-04 10:18:00,10.032104,10.047713,10.013933,10.034578,9976
2024-01-04 10:19:00,10.034578,10.053258,10.014315,10.020875,5034
2024-01-04 10:20:00,10.020875,10.027517,10.000186,10.014881,1687
2024-01-04 10:21:00,10.014881,10.031071,10.011672,10.016599,163
2024-01-04 10:22:00,10.016599,10.036370,9.985652,9.988349,2103
2024-01-04 10:23:00,9.988349,9.995937,9.974582,9.991226,6941
2024-01-04 10:24:00,9.991226,10.017935,9.983124,10.014343,5440
2024-01-04 10:25:00,10.014343,10.028479,9.995037,10.008835,3444
2024-01-04 10:26:00,10.008835,10.020106,10.005143,10.011991,4865
2024-01-04 10:27:00,10.011991,10.027725,9.992894,10.024442,8397
2024-01-04 10:28:00,10.024442,10.034998,10.006977,10.022451,5758
2024-01-04 10:29:00,10.022451,10.038018,9.997620,10.015393,675
2024-01-04 10:30:00,10.015393,10.022525,9.983290,9.987746,585
2024-01-04 10:31:00,9.987746,10.003564,9.979983,9.995533,4872
2024-01-04 10:32:00,9.995533,10.012756,9.985528,9.994158,4102
2024-01-04 10:33:00,9.994158,10.005520,9.970187,9.981856,8519
2024-01-04 10:34:00,9.981856,10.000563,9.974512,9.983394,5871
2024-01-04 10:35:00,9.983394,9.993429,9.973212,9.976303,7592
2024-01-04 10:36:00,9.976303,9.995457,9.961244,9.969884,5893
2024-01-04 10:37:00,9.969884,9.990963,9.963302,9.977249,3518
2024-01-04 10:38:00,9.977249,9.981335,9.952043,9.960990,6607
2024-01-04 10:39:00,9.960990,9.991645,9.955445,9.973713,6252
2024-01-04 10:40:00,9.973713,9.984520,9.950019,9.956733,7230
2024-01-04 10:41:00,9.956733,9.961283,9.935397,9.948683,1973
2024-01-04 10:42:00,9.948683,9.976792,9.939696,9.972043,6451
2024-01-04 10:43:00,9.972043,10.000115,9.963826,9.985739,2926
2024-01-04 10:44:00,9.985739,9.989777,9.974129,9.986925,7923
2024-01-04 10:45:00,9.986925,9.994083,9.959605,9.975499,8005
2024-01-04 10:46:00,9.975499,9.980015,9.960249,9.969069,6285
2024-01-04 10:47:00,9.969069,9.979898,9.956494,9.969959,9472
2024-01-04 10:48:00,9.969959,9.979873,9.950567,9.970415,5421
2024-01-04 10:49:00,9.970415,9.981809,9.957915,9.969311,348
2024-01-04 10:50:00,9.969311,9.976344,9.950560,9.968936,6101
2024-01-04 10:51:00,9.968936,9.971513,9.950046,9.966332,7799
2024-01-04 10:52:00,9.966332,9.979391,9.945757,9.948814,1101
2024-01-04 10:53:00,9.948814,9.957541,9.932816,9.942540,1135
2024-01-04 10:54:00,9.942540,9.967375,9.927970,9.953651,2804
2024-01-04 10:55:00,9.953651,9.957607,9.917267,9.937028,8458
2024-01-04 10:56:00,9.937028,9.939276,9.924474,9.934725,5321
2024-01-04 10:57:00,9.934725,9.941194,9.921096,9.924766,9766
2024-01-04 10:58:00,9.924766,9.936337,9.912650,9.926119,8742
2024-01-04 10:59:00,9.926119,9.935212,9.917120,9.921398,5592
2024-01-04 11:00:00,9.921398,9.955931,9.905870,9.939346,6822
2024-01-04 11:01:00,9.939346,9.954301,9.928207,9.945500,3376
2024-01-04 11:02:00,9.945500,9.957048,9.914542,9.929563,995
2024-01-04 11:03:00,9.929563,9.950401,9.911915,9.937718,4047
2024-01-04 11:04:00,9.937718,9.940111,9.914986,9.928307,5963
2024-01-04 11:05:00,9.928307,9.939579,9.908274,9.921297,1903
2024-01-04 11:06:00,9.921297,9.933317,9.905715,9.925110,2295
2024-01-04 11:07:00,9.925110,9.934693,9.901972,9.919136,248
2024-01-04 11:08:00,9.919136,9.933788,9.901493,9.929983,7366
2024-01-04 11:09:00,9.929983,9.946073,9.917918,9.920574,9004
2024-01-04 11:10:00,9.920574,9.939537,9.901043,9.913054,8291
2024-01-04 11:11:00,9.913054,9.915455,9.899188,9.905081,3861
2024-01-04 11:12:00,9.905081,9.917905,9.880723,9.898209,5975
2024-01-04 11:13:00,9.898209,9.927312,9.884538,9.911562,9611
2024-01-04 11:14:00,9.911562,9.926328,9.901998,9.919201,5954
2024-01-04 11:15:00,9.919201,9.956150,9.913815,9.939974,3029
2024-01-04 11:16:00,9.939974,9.980905,9.931872,9.967523,3452
2024-01-04 11:17:00,9.967523,9.986248,9.940333,9.955001,7298
2024-01-04 11:18:00,9.955001,9.975515,9.949323,9.955857,4517
2024-01-04 11:19:00,9.955857,9.958619,9.937883,9.941568,8389
2024-01-04 11:20:00,9.941568,9.951576,9.914136,9.932121,8654
2024-01-04 11:21:00,9.932121,9.943967,9.908711,9.924466,454
2024-01-04 11:22:00,9.924466,9.929108,9.906027,9.911624,7260
2024-01-04 11:23:00,9.911624,9.919677,9.891583,9.898845,3762
2024-01-04 11:24:00,9.898845,9.918623,9.877595,9.897092,5245
2024-01-04 11:25:00,9.897092,9.899384,9.867564,9.882311,2721
2024-01-04 11:26:00,9.882311,9.902687,9.869321,9.892541,3745
2024-01-04 11:27:00,9.892541,9.909709,9.873855,9.881392,3370
2024-01-04 11:28:00,9.881392,9.923354,9.874008,9.915524,598
2024-01-04 11:29:00,9.915524,9.926160,9.907329,9.910040,7849
2024-01-04 11:30:00,9.910040,9.930520,9.894928,9.910915,1515
2024-01-04 13:01:00,9.910915,9.921463,9.892402,9.895179,3820
2024-01-04 13:02:00,9.895179,9.920262,9.893091,9.915905,2010
2024-01-04 13:03:00,9.915905,9.932436,9.900774,9.929505,1690
2024-01-04 13:04:00,9.929505,9.952130,9.910426,9.933112,3796
2024-01-04 13:05:00,9.933112,9.939897,9.901134,9.916751,9195
2024-01-04 13:06:00,9.916751,9.930383,9.906261,9.919310,9447
2024-01-04 13:07:00,9.919310,9.922943,9.894938,9.905687,3878
2024-01-04 13:08:00,9.905687,9.933078,9.895836,9.923452,5101
2024-01-04 13:09:00,9.923452,9.952024,9.915608,9.933282,9858
2024-01-04 13:10:00,9.933282,9.945485,9.921891,9.934442,2424
2024-01-04 13:11:00,9.934442,9.953922,9.895083,9.904844,9452
2024-01-04 13:12:00,9.904844,9.911503,9.880130,9.892897,1146
2024-01-04 13:13:00,9.892897,9.912334,9.874731,9.901252,2335
2024-01-04 13:14:00,9.901252,9.933458,9.881342,9.915986,3449
2024-01-04 13:15:00,9.915986,9.939530,9.912569,9.929461,467
2024-01-04 13:16:00,9.929461,9.936492,9.901196,9.910121,8175
2024-01-04 13:17:00,9.910121,9.931183,9.904868,9.913784,8568
2024-01-04 13:18:00,9.913784,9.935139,9.905446,9.926121,3895
2024-01-04 13:19:00,9.926121,9.937674,9.898800,9.905975,8380
2024-01-04 13:20:00,9.905975,9.925552,9.900737,9.905879,7747
2024-01-04 13:21:00,9.905879,9.914562,9.890125,9.909206,8033
2024-01-04 13:22:00,9.909206,9.916631,9.894619,9.905552,8046
2024-01-04 13:23:00,9.905552,9.908111,9.864505,9.883051,5777
2024-01-04 13:24:00,9.883051,9.892104,9.876508,9.879094,1197
2024-01-04 13:25:00,9.879094,9.884698,9.871912,9.875118,9242
2024-01-04 13:26:00,9.875118,9.889359,9.864060,9.873319,6125
2024-01-04 13:27:00,9.873319,9.878583,9.863029,9.866474,9022
2024-01-04 13:28:00,9.866474,9.880620,9.854363,9.861092,9595
2024-01-04 13:29:00,9.861092,9.867835,9.840861,9.860610,1952
2024-01-04 13:30:00,9.860610,9.874379,9.854848,9.865985,4081
2024-01-04 13:31:00,9.865985,9.874264,9.856720,9.862286,2005
2024-01-04 13:32:00,9.862286,9.877188,9.844984,9.857310,604
2024-01-04 13:33:00,9.857310,9.868829,9.846346,9.858432,9667
2024-01-04 13:34:00,9.858432,9.866935,9.822648,9.835096,9240
2024-01-04 13:35:00,9.835096,9.858238,9.826314,9.840891,9324
2024-01-04 13:36:00,9.840891,9.853186,9.824002,9.840884,8848
2024-01-04 13:37:00,9.840884,9.847215,9.836390,9.841366,6522
2024-01-04 13:38:00,9.841366,9.871239,9.831655,9.853038,5269
2024-01-04 13:39:00,9.853038,9.861205,9.814898,9.829314,9915
2024-01-04 13:40:00,9.829314,9.832016,9.787707,9.805335,5567
2024-01-04 13:41:00,9.805335,9.819564,9.796683,9.808661,6460
2024-01-04 13:42:00,9.808661,9.812892,9.796356,9.808575,2196
2024-01-04 13:43:00,9.808575,9.816935,9.805330,9.810642,7492
2024-01-04 13:44:00,9.810642,9.826090,9.799962,9.805028,8212
2024-01-04 13:45:00,9.805028,9.817453,9.801784,9.813099,6817
2024-01-04 13:46:00,9.813099,9.840954,9.797997,9.824429,5036
2024-01-04 13:47:00,9.824429,9.849173,9.817244,9.830309,2058
2024-01-04 13:48:00,9.830309,9.843226,9.812113,9.827140,435
2024-01-04 13:49:00,9.827140,9.841927,9.798340,9.801535,6310
2024-01-04 13:50:00,9.801535,9.825725,9.784009,9.810880,6861
2024-01-04 13:51:00,9.810880,9.845593,9.793841,9.825722,7748
2024-01-04 13:52:00,9.825722,9.841700,9.822121,9.833552,9509
2024-01-04 13:53:00,9.833552,9.838484,9.820439,9.822866,5023
2024-01-04 13:54:00,9.822866,9.842397,9.819853,9.831052,8308
2024-01-04 13:55:00,9.831052,9.853104,9.813686,9.841506,7191
2024-01-04 13:56:00,9.841506,9.865645,9.835281,9.860443,2844
2024-01-04 13:57:00,9.860443,9.873479,9.837931,9.849800,8466
2024-01-04 13:58:00,9.849800,9.852054,9.837376,9.847049,627
2024-01-04 13:59:00,9.847049,9.874825,9.830729,9.856127,6029
2024-01-04 14:00:00,9.856127,9.863586,9.845327,9.856824,9409
2024-01-04 14:01:00,9.856824,9.859536,9.832238,9.843250,6623
2024-01-04 14:02:00,9.843250,9.852236,9.823447,9.848287,9376
2024-01-04 14:03:00,9.848287,9.861642,9.843585,9.855317,655
2024-01-04 14:04:00,9.855317,9.863316,9.838364,9.856386,5370
2024-01-04 14:05:00,9.856386,9.861644,9.853454,9.859053,7828
2024-01-04 14:06:00,9.859053,9.866082,9.845313,9.855910,6458
2024-01-04 14:07:00,9.855910,9.879342,9.837956,9.873869,8817
2024-01-04 14:08:00,9.873869,9.882684,9.848953,9.862927,4679
2024-01-04 14:09:00,9.862927,9.871860,9.841458,9.855792,6857
2024-01-04 14:10:00,9.855792,9.864028,9.849053,9.855926,4255
2024-01-04 14:11:00,9.855926,9.874506,9.846391,9.866604,8733
2024-01-04 14:12:00,9.866604,9.870219,9.839814,9.848413,1282
2024-01-04 14:13:00,9.848413,9.850867,9.821109,9.832495,2615
2024-01-04 14:14:00,9.832495,9.838133,9.797420,9.807740,1057
2024-01-04 14:15:00,9.807740,9.823757,9.799856,9.808137,7050
2024-01-04 14:16:00,9.808137,9.827971,9.787053,9.794551,2404
2024-01-04 14:17:00,9.794551,9.813265,9.783364,9.789880,3239
2024-01-04 14:18:00,9.789880,9.808990,9.781309,9.797914,8382
2024-01-04 14:19:00,9.797914,9.809487,9.785422,9.790121,3665
2024-01-04 14:20:00,9.790121,9.800593,9.772423,9.792930,1543
2024-01-04 14:21:00,9.792930,9.808861,9.776456,9.789294,307
2024-01-04 14:22:00,9.789294,9.813225,9.784886,9.797459,2344
2024-01-04 14:23:00,9.797459,9.820428,9.782969,9.803231,9155
2024-01-04 14:24:00,9.803231,9.821350,9.777567,9.794825,5531
2024-01-04 14:25:00,9.794825,9.804643,9.786501,9.792776,9948
2024-01-04 14:26:00,9.792776,9.821260,9.788065,9.805456,2229
2024-01-04 14:27:00,9.805456,9.826750,9.803301,9.810235,3579
2024-01-04 14:28:00,9.810235,9.817787,9.790414,9.793264,1715
2024-01-04 14:29:00,9.793264,9.819955,9.777544,9.801229,4043
2024-01-04 14:30:00,9.801229,9.804927,9.768283,9.788052,5676
2024-01-04 14:31:00,9.788052,9.825109,9.785245,9.805212,8100
2024-01-04 14:32:00,9.805212,9.833515,9.789747,9.817653,3744
2024-01-04 14:33:00,9.817653,9.824854,9.814360,9.821175,7738
2024-01-04 14:34:00,9.821175,9.836897,9.808517,9.823085,6298
2024-01-04 14:35:00,9.823085,9.825700,9.804936,9.820546,2988
2024-01-04 14:36:00,9.820546,9.844652,9.812080,9.828789,9130
2024-01-04 14:37:00,9.828789,9.845175,9.822088,9.824284,4399
2024-01-04 14:38:00,9.824284,9.839990,9.811571,9.827146,1594
2024-01-04 14:39:00,9.827146,9.855162,9.807304,9.837739,9630
2024-01-04 14:40:00,9.837739,9.841501,9.824277,9.830914,9142
2024-01-04 14:41:00,9.830914,9.837880,9.818017,9.823428,590
2024-01-04 14:42:00,9.823428,9.832883,9.804688,9.808918,9034
2024-01-04 14:43:00,9.808918,9.811683,9.783992,9.795987,9479
2024-01-04 14:44:00,9.795987,9.806055,9.761039,9.773775,8307
2024-01-04 14:45:00,9.773775,9.789415,9.757514,9.782641,2624
2024-01-04 14:46:00,9.782641,9.813686,9.767086,9.804616,6349
2024-01-04 14:47:00,9.804616,9.831584,9.786551,9.821932,5428
2024-01-04 14:48:00,9.821932,9.839761,9.785674,9.802177,6239
2024-01-04 14:49:00,9.802177,9.817849,9.795727,9.810983,6202
2024-01-04 14:50:00,9.810983,9.846347,9.798978,9.828260,6428
2024-01-04 14:51:00,9.828260,9.837927,9.815357,9.822710,5188
2024-01-04 14:52:00,9.822710,9.831843,9.814774,9.823943,6935
2024-01-04 14:53:00,9.823943,9.834988,9.780775,9.799550,5313
2024-01-04 14:54:00,9.799550,9.812310,9.785276,9.802790,263
2024-01-04 14:55:00,9.802790,9.809423,9.770327,9.789870,449
2024-01-04 14:56:00,9.789870,9.803343,9.780365,9.792295,9585
2024-01-04 14:57:00,9.792295,9.797027,9.761655,9.773329,9101
2024-01-04 14:58:00,9.773329,9.788258,9.762561,9.779924,5897
2024-01-04 14:59:00,9.779924,9.804554,9.775993,9.792370,1828
2024-01-04 15:00:00,9.792370,9.801811,9.776595,9.782856,7836
2024-01-05 09:31:00,10.168294,10.182748,10.163314,10.167857,732
2024-01-05 09:32:00,10.167857,10.182220,10.159828,10.166633,2357
2024-01-05 09:33:00,10.166633,10.178338,10.147764,10.165238,5043
2024-01-05 09:34:00,10.165238,10.185374,10.152395,10.166545,1968
2024-01-05 09:35:00,10.166545,10.185829,10.157741,10.176892,9786
2024-01-05 09:36:00,10.176892,10.210749,10.160674,10.193703,7657
2024-01-05 09:37:00,10.193703,10.197056,10.190515,10.193676,3511
2024-01-05 09:38:00,10.193676,10.218941,10.187106,10.203624,9520
2024-01-05 09:39:00,10.203624,10.223416,10.188919,10.195061,3317
2024-01-05 09:40:00,10.195061,10.221646,10.175325,10.204407,1487
2024-01-05 09:41:00,10.204407,10.216841,10.180400,10.195110,9389
2024-01-05 09:42:00,10.195110,10.221700,10.181989,10.208418,9600
2024-01-05 09:43:00,10.208418,10.243751,10.206328,10.235392,3195
2024-01-05 09:44:00,10.235392,10.249623,10.228585,10.233903,5988
2024-01-05 09:45:00,10.233903,10.249770,10.193710,10.207150,1815
2024-01-05 09:46:00,10.207150,10.227118,10.191629,10.200464,6452
2024-01-05 09:47:00,10.200464,10.226361,10.181827,10.215496,6932
2024-01-05 09:48:00,10.215496,10.225351,10.199731,10.222247,7128
2024-01-05 09:49:00,10.222247,10.238014,10.212195,10.225289,5730
2024-01-05 09:50:00,10.225289,10.241745,10.209797,10.237603,7070
2024-01-05 09:51:00,10.237603,10.249930,10.218045,10.243524,5594
2024-01-05 09:52:00,10.243524,10.266316,10.233226,10.258398,8216
2024-01-05 09:53:00,10.258398,10.284798,10.244832,10.269640,1877
2024-01-05 09:54:00,10.269640,10.293551,10.251104,10.288243,4886
2024-01-05 09:55:00,10.288243,10.297657,10.281767,10.292674,4222
2024-01-05 09:56:00,10.292674,10.306608,10.274716,10.303798,5380
2024-01-05 09:57:00,10.303798,10.321517,10.296410,10.300166,1506
2024-01-05 09:58:00,10.300166,10.314649,10.279322,10.292994,3305
2024-01-05 09:59:00,10.292994,10.316778,10.276903,10.314059,9545
2024-01-05 10:00:00,10.314059,10.319546,10.300996,10.317037,1142
2024-01-05 10:01:00,10.317037,10.339391,10.306117,10.327335,6389
2024-01-05 10:02:00,10.327335,10.336593,10.314223,10.329508,6679
2024-01-05 10:03:00,10.329508,10.342249,10.318531,10.323261,4797
2024-01-05 10:04:00,10.323261,10.334454,10.317381,10.324631,432
2024-01-05 10:05:00,10.324631,10.362433,10.317773,10.343813,440
2024-01-05 10:06:00,10.343813,10.359974,10.331053,10.352793,2828
2024-01-05 10:07:00,10.352793,10.367018,10.324851,10.334805,1114
2024-01-05 10:08:00,10.334805,10.338912,10.328405,10.335939,1032
2024-01-05 10:09:00,10.335939,10.381718,10.318048,10.362512,1685
2024-01-05 10:10:00,10.362512,10.385682,10.353782,10.366028,1988
2024-01-05 10:11:00,10.366028,10.381332,10.341713,10.351742,8400
2024-01-05 10:12:00,10.351742,10.394739,10.342367,10.384365,6423
2024-01-05 10:13:00,10.384365,10.410319,10.379090,10.404359,401
2024-01-05 10:14:00,10.404359,10.434254,10.389190,10.417629,6321
2024-01-05 10:15:00,10.417629,10.445241,10.407557,10.429986,1453
2024-01-05 10:16:00,10.429986,10.469137,10.427694,10.463142,4268
2024-01-05 10:17:00,10.463142,10.489918,10.443790,10.479797,476
2024-01-05 10:18:00,10.479797,10.530931,10.463113,10.520601,992
2024-01-05 10:19:00,10.520601,10.574542,10.505576,10.557666,1412
2024-01-05 10:20:00,10.557666,10.609105,10.540023,10.594795,4390
2024-01-05 10:21:00,10.594795,10.647905,10.576473,10.634328,4684
2024-01-05 10:22:00,10.634328,10.687048,10.626253,10.673351,3592
2024-01-05 10:23:00,10.673351,10.737177,10.660354,10.730308,6239
2024-01-05 10:24:00,10.730308,10.775165,10.717350,10.766474,7232
2024-01-05 10:25:00,10.766474,10.798086,10.759663,10.795265,7314
2024-01-05 10:26:00,10.795265,10.868548,10.789269,10.852383,5832
2024-01-05 10:27:00,10.852383,10.919593,10.848332,10.909799,5501
2024-01-05 10:28:00,10.909799,10.974302,10.895931,10.964414,4966
2024-01-05 10:29:00,10.964414,11.022481,10.948358,11.016065,2455
2024-01-05 10:30:00,11.016065,11.061367,11.000367,11.055598,4921
2024-01-05 10:31:00,11.055598,11.116867,11.047905,11.104286,199
2024-01-05 10:32:00,11.104286,11.143563,11.098591,11.137377,9666
2024-01-05 10:33:00,11.137377,11.161847,11.127212,11.158692,3763
2024-01-05 10:34:00,11.158692,11.190776,11.146849,11.174961,7587
2024-01-05 10:35:00,11.174961,11.220687,11.156418,11.211910,9571
2024-01-05 10:36:00,11.211910,11.220755,11.177133,11.194880,5020
2024-01-05 10:37:00,11.194880,11.206602,11.176391,11.196839,8632
2024-01-05 10:38:00,11.196839,11.213509,11.146752,11.164057,4844
2024-01-05 10:39:00,11.164057,11.171832,11.123299,11.142661,1409
2024-01-05 10:40:00,11.142661,11.158306,11.099732,11.110111,362
2024-01-05 10:41:00,11.110111,11.129023,11.048169,11.051023,1442
2024-01-05 10:42:00,11.051023,11.064919,11.013187,11.016691,9430
2024-01-05 10:43:00,11.016691,11.026461,10.959584,10.968609,4803
2024-01-05 10:44:00,10.968609,10.984069,10.889681,10.896319,3259
2024-01-05 10:45:00,10.896319,10.906562,10.852749,10.857808,4516
2024-01-05 10:46:00,10.857808,10.867268,10.806447,10.825604,2633
2024-01-05 10:47:00,10.825604,10.837060,10.788648,10.794166,8718
2024-01-05 10:48:00,10.794166,10.801885,10.730696,10.749965,9994
2024-01-05 10:49:00,10.749965,10.753841,10.688107,10.703802,940
2024-01-05 10:50:00,10.703802,10.713270,10.662273,10.675810,7215
2024-01-05 10:51:00,10.675810,10.680039,10.641012,10.655180,3422
2024-01-05 10:52:00,10.655180,10.664568,10.623288,10.631255,568
2024-01-05 10:53:00,10.631255,10.643280,10.571987,10.585623,9229
2024-01-05 10:54:00,10.585623,10.604376,10.552269,10.557630,712
2024-01-05 10:55:00,10.557630,10.560282,10.517321,10.536200,2138
2024-01-05 10:56:00,10.536200,10.549386,10.483419,10.490851,352
2024-01-05 10:57:00,10.490851,10.501090,10.470036,10.476629,4765
2024-01-05 10:58:00,10.476629,10.489839,10.461828,10.487475,6036
2024-01-05 10:59:00,10.487475,10.493967,10.467343,10.481159,3274
2024-01-05 11:00:00,10.481159,10.491603,10.471036,10.487470,808
2024-01-05 11:01:00,10.487470,10.493372,10.466794,10.480178,1249
2024-01-05 11:02:00,10.480178,10.487120,10.466731,10.471602,9340
2024-01-05 11:03:00,10.471602,10.480825,10.456009,10.470129,8078
2024-01-05 11:04:00,10.470129,10.481652,10.448477,10.455348,9375
2024-01-05 11:05:00,10.455348,10.457366,10.432917,10.439828,5354
2024-01-05 11:06:00,10.439828,10.457298,10.434909,10.452384,5505
2024-01-05 11:07:00,10.452384,10.470609,10.444401,10.466925,7881
2024-01-05 11:08:00,10.466925,10.478819,10.445209,10.453171,6204
2024-01-05 11:09:00,10.453171,10.471670,10.442996,10.463747,4420
2024-01-05 11:10:00,10.463747,10.475618,10.456348,10.461776,2989
2024-01-05 11:11:00,10.461776,10.471252,10.456301,10.465259,4906
2024-01-05 11:12:00,10.465259,10.472834,10.453508,10.470398,733
2024-01-05 11:13:00,10.470398,10.501135,10.466078,10.482191,2005
2024-01-05 11:14:00,10.482191,10.486910,10.467791,10.482961,7400
2024-01-05 11:15:00,10.482961,10.504284,10.463970,10.500000,8693
2024-01-05 11:16:00,10.500000,10.508299,10.490318,10.503661,1107
2024-01-05 11:17:00,10.503661,10.530862,10.485441,10.511199,1059
2024-01-05 11:18:00,10.511199,10.524316,10.497209,10.500978,947
2024-01-05 11:19:00,10.500978,10.540268,10.498205,10.527283,7936
2024-01-05 11:20:00,10.527283,10.552753,10.512298,10.532992,3181
2024-01-05 11:21:00,10.532992,10.545269,10.517294,10.541677,3334
2024-01-05 11:22:00,10.541677,10.561218,10.504869,10.522044,223
2024-01-05 11:23:00,10.522044,10.527716,10.508977,10.511999,9728
2024-01-05 11:24:00,10.511999,10.540315,10.496015,10.527100,4396
2024-01-05 11:25:00,10.527100,10.540159,10.518322,10.530598,7994
2024-01-05 11:26:00,10.530598,10.539509,10.499785,10.507245,7106
2024-01-05 11:27:00,10.507245,10.538675,10.502130,10.519913,1503
2024-01-05 11:28:00,10.519913,10.524599,10.493349,10.513277,8033
2024-01-05 11:29:00,10.513277,10.550445,10.510131,10.530497,5548
2024-01-05 11:30:00,10.530497,10.539322,10.512539,10.529426,6082
2024-01-05 13:01:00,10.529426,10.545601,10.515915,10.531923,2083
2024-01-05 13:02:00,10.531923,10.565731,10.516692,10.546309,8484
2024-01-05 13:03:00,10.546309,10.549346,10.520547,10.535357,9323
2024-01-05 13:04:00,10.535357,10.553969,10.505791,10.523243,4124
2024-01-05 13:05:00,10.523243,10.535463,10.515537,10.520845,1015
2024-01-05 13:06:00,10.520845,10.545617,10.518830,10.530938,8502
2024-01-05 13:07:00,10.530938,10.535624,10.501925,10.514699,8885
2024-01-05 13:08:00,10.514699,10.526300,10.485976,10.494346,5114
2024-01-05 13:09:00,10.494346,10.518520,10.490117,10.504397,5833
2024-01-05 13:10:00,10.504397,10.514609,10.491689,10.497039,2308
2024-01-05 13:11:00,10.497039,10.501829,10.484282,10.492253,767
2024-01-05 13:12:00,10.492253,10.498647,10.466332,10.469597,9447
2024-01-05 13:13:00,10.469597,10.486976,10.458287,10.461312,4881
2024-01-05 13:14:00,10.461312,10.463932,10.442731,10.461219,2822
2024-01-05 13:15:00,10.461219,10.487331,10.453601,10.472572,6963
2024-01-05 13:16:00,10.472572,10.492561,10.443481,10.463161,359
2024-01-05 13:17:00,10.463161,10.485519,10.443803,10.483384,891
2024-01-05 13:18:00,10.483384,10.488283,10.470465,10.475032,2502
2024-01-05 13:19:00,10.475032,10.489166,10.451828,10.466696,4561
2024-01-05 13:20:00,10.466696,10.488535,10.453882,10.485455,3730
2024-01-05 13:21:00,10.485455,10.500652,10.471024,10.488035,1954
2024-01-05 13:22:00,10.488035,10.502347,10.477568,10.481300,3578
2024-01-05 13:23:00,10.481300,10.493886,10.474013,10.479407,3405
2024-01-05 13:24:00,10.479407,10.504490,10.476027,10.495917,5294
2024-01-05 13:25:00,10.495917,10.528359,10.483042,10.513807,5671
2024-01-05 13:26:00,10.513807,10.526505,10.484082,10.503841,8842
2024-01-05 13:27:00,10.503841,10.509578,10.489227,10.503323,8087
2024-01-05 13:28:00,10.503323,10.516560,10.488529,10.504423,2994
2024-01-05 13:29:00,10.504423,10.522298,10.472667,10.492389,9036
2024-01-05 13:30:00,10.492389,10.506392,10.477506,10.491710,5255
2024-01-05 13:31:00,10.491710,10.502267,10.488986,10.491775,1958
2024-01-05 13:32:00,10.491775,10.513476,10.474169,10.505687,3467
2024-01-05 13:33:00,10.505687,10.523966,10.497123,10.520420,7443
2024-01-05 13:34:00,10.520420,10.526824,10.514325,10.516403,8235
2024-01-05 13:35:00,10.516403,10.518605,10.502663,10.513793,3803
2024-01-05 13:36:00,10.513793,10.541658,10.494927,10.521898,1660
2024-01-05 13:37:00,10.521898,10.527903,10.508126,10.514758,1999
2024-01-05 13:38:00,10.514758,10.538608,10.503911,10.521941,1124
2024-01-05 13:39:00,10.521941,10.526976,10.515740,10.520868,7017
2024-01-05 13:40:00,10.520868,10.527973,10.506001,10.509039,5079
2024-01-05 13:41:00,10.509039,10.518568,10.493914,10.497364,4566
2024-01-05 13:42:00,10.497364,10.522860,10.482278,10.515021,6751
2024-01-05 13:43:00,10.515021,10.531391,10.495559,10.513112,8303
2024-01-05 13:44:00,10.513112,10.552366,10.508533,10.533128,7975
2024-01-05 13:45:00,10.533128,10.550883,10.519671,10.526861,1457
2024-01-05 13:46:00,10.526861,10.535178,10.521350,10.530414,5937
2024-01-05 13:47:00,10.530414,10.575590,10.527930,10.559609,8836
2024-01-05 13:48:00,10.559609,10.564272,10.534745,10.546707,7761
2024-01-05 13:49:00,10.546707,10.565148,10.508951,10.523550,3361
2024-01-05 13:50:00,10.523550,10.550571,10.509888,10.539249,3987
2024-01-05 13:51:00,10.539249,10.547304,10.520175,10.529160,8912
2024-01-05 13:52:00,10.529160,10.533987,10.516917,10.528907,425
2024-01-05 13:53:00,10.528907,10.531120,10.518064,10.521758,5301
2024-01-05 13:54:00,10.521758,10.531493,10.516981,10.525030,1249
2024-01-05 13:55:00,10.525030,10.543483,10.494660,10.513432,8956
2024-01-05 13:56:00,10.513432,10.529783,10.495529,10.511236,483
2024-01-05 13:57:00,10.511236,10.536181,10.492627,10.516725,331
2024-01-05 13:58:00,10.516725,10.520539,10.485921,10.504422,3356
2024-01-05 13:59:00,10.504422,10.517081,10.482190,10.495879,2081
2024-01-05 14:00:00,10.495879,10.502508,10.472932,10.491640,5005
2024-01-05 14:01:00,10.491640,10.503413,10.464705,10.474206,3065
2024-01-05 14:02:00,10.474206,10.481974,10.466985,10.469050,3627
2024-01-05 14:03:00,10.469050,10.477602,10.465924,10.470500,5692
2024-01-05 14:04:00,10.470500,10.482829,10.461653,10.465624,5649
2024-01-05 14:05:00,10.465624,10.470924,10.458597,10.462313,9355
2024-01-05 14:06:00,10.462313,10.472757,10.453739,10.462070,4858
2024-01-05 14:07:00,10.462070,10.475785,10.439446,10.454069,5685
2024-01-05 14:08:00,10.454069,10.466808,10.437837,10.462501,6811
2024-01-05 14:09:00,10.462501,10.498773,10.449877,10.480023,1824
2024-01-05 14:10:00,10.480023,10.491126,10.469721,10.474356,6702
2024-01-05 14:11:00,10.474356,10.497028,10.458894,10.480277,8632
2024-01-05 14:12:00,10.480277,10.494047,10.468967,10.477353,3248
2024-01-05 14:13:00,10.477353,10.496593,10.475119,10.481813,1865
2024-01-05 14:14:00,10.481813,10.515809,10.474762,10.500918,3527
2024-01-05 14:15:00,10.500918,10.524877,10.492967,10.507125,2822
2024-01-05 14:16:00,10.507125,10.520170,10.478549,10.485486,5892
2024-01-05 14:17:00,10.485486,10.498033,10.468872,10.491025,8650
2024-01-05 14:18:00,10.491025,10.509860,10.475347,10.506069,6004
2024-01-05 14:19:00,10.506069,10.518981,10.488845,10.503365,1342
2024-01-05 14:20:00,10.503365,10.518708,10.498863,10.515514,3215
2024-01-05 14:21:00,10.515514,10.521857,10.490552,10.507093,6924
2024-01-05 14:22:00,10.507093,10.510185,10.474777,10.488966,3370
2024-01-05 14:23:00,10.488966,10.502569,10.483459,10.490689,5905
2024-01-05 14:24:00,10.490689,10.495575,10.455591,10.469256,6971
2024-01-05 14:25:00,10.469256,10.482244,10.455627,10.466331,3358
2024-01-05 14:26:00,10.466331,10.498268,10.456422,10.482033,6509
2024-01-05 14:27:00,10.482033,10.498827,10.454712,10.458730,4041
2024-01-05 14:28:00,10.458730,10.466302,10.431788,10.443117,1437
2024-01-05 14:29:00,10.443117,10.454999,10.426726,10.430525,3784
2024-01-05 14:30:00,10.430525,10.442659,10.424795,10.429752,4466
2024-01-05 14:31:00,10.429752,10.440264,10.420904,10.425290,123
2024-01-05 14:32:00,10.425290,10.456154,10.406116,10.442362,8937
2024-01-05 14:33:00,10.442362,10.459788,10.435234,10.454007,5326
2024-01-05 14:34:00,10.454007,10.479676,10.445613,10.460050,459
2024-01-05 14:35:00,10.460050,10.465592,10.452253,10.461827,8693
2024-01-05 14:36:00,10.461827,10.483551,10.443658,10.466625,8566
2024-01-05 14:37:00,10.466625,10.479319,10.443974,10.456107,219
2024-01-05 14:38:00,10.456107,10.472974,10.437562,10.466567,1715
2024-01-05 14:39:00,10.466567,10.481989,10.445599,10.452998,3701
2024-01-05 14:40:00,10.452998,10.466712,10.448931,10.463191,5121
2024-01-05 14:41:00,10.463191,10.493604,10.451179,10.477664,7285
2024-01-05 14:42:00,10.477664,10.492857,10.469445,10.480237,4300
2024-01-05 14:43:00,10.480237,10.484231,10.461653,10.478087,6156
2024-01-05 14:44:00,10.478087,10.486403,10.460257,10.482972,200
2024-01-05 14:45:00,10.482972,10.498487,10.437549,10.448056,6619
2024-01-05 14:46:00,10.448056,10.459017,10.428571,10.451744,9162
2024-01-05 14:47:00,10.451744,10.469751,10.438406,10.450361,5309
2024-01-05 14:48:00,10.450361,10.466078,10.442866,10.449743,4603
2024-01-05 14:49:00,10.449743,10.472931,10.438941,10.458364,3041
2024-01-05 14:50:00,10.458364,10.465379,10.454780,10.457452,9547
2024-01-05 14:51:00,10.457452,10.472213,10.427067,10.443539,428
2024-01-05 14:52:00,10.443539,10.462605,10.437988,10.441813,2938
2024-01-05 14:53:00,10.441813,10.446286,10.434256,10.442638,1473
2024-01-05 14:54:00,10.442638,10.451911,10.430462,10.444040,8676
2024-01-05 14:55:00,10.444040,10.452240,10.441267,10.446016,4877
2024-01-05 14:56:00,10.446016,10.467777,10.442588,10.458698,9231
2024-01-05 14:57:00,10.458698,10.474060,10.430916,10.445446,6685
2024-01-05 14:58:00,10.445446,10.458127,10.442154,10.447590,5612
2024-01-05 14:59:00,10.447590,10.475603,10.437003,10.463330,5222
2024-01-05 15:00:00,10.463330,10.470985,10.434068,10.442164,2106
2024-01-08 09:31:00,10.194388,10.207167,10.178037,10.182045,8917
2024-01-08 09:32:00,10.182045,10.191527,10.172456,10.176614,7731
2024-01-08 09:33:00,10.176614,10.189217,10.150439,10.170422,6136
2024-01-08 09:34:00,10.170422,10.181457,10.161001,10.178345,5053
2024-01-08 09:35:00,10.178345,10.195143,10.174179,10.176214,3462
2024-01-08 09:36:00,10.176214,10.183804,10.157061,10.177905,7701
2024-01-08 09:37:00,10.177905,10.207690,10.175545,10.191208,3249
2024-01-08 09:38:00,10.191208,10.213386,10.181673,10.201767,2751
2024-01-08 09:39:00,10.201767,10.208745,10.184874,10.199789,8691
2024-01-08 09:40:00,10.199789,10.202332,10.173130,10.191592,5936
2024-01-08 09:41:00,10.191592,10.222166,10.176761,10.205481,3606
2024-01-08 09:42:00,10.205481,10.220124,10.195135,10.214948,8665
2024-01-08 09:43:00,10.214948,10.217880,10.175758,10.195298,9630
2024-01-08 09:44:00,10.195298,10.210904,10.188759,10.191467,3248
2024-01-08 09:45:00,10.191467,10.201793,10.171703,10.193492,5262
2024-01-08 09:46:00,10.193492,10.212028,10.176203,10.203020,4887
2024-01-08 09:47:00,10.203020,10.220600,10.184299,10.214153,7046
2024-01-08 09:48:00,10.214153,10.235091,10.207567,10.217626,9515
2024-01-08 09:49:00,10.217626,10.232138,10.213062,10.224786,5530
2024-01-08 09:50:00,10.224786,10.231354,10.210846,10.225570,8002
2024-01-08 09:51:00,10.225570,10.233137,10.206041,10.217327,5996
2024-01-08 09:52:00,10.217327,10.222984,10.202714,10.214131,8881
2024-01-08 09:53:00,10.214131,10.222081,10.195488,10.214363,4105
2024-01-08 09:54:00,10.214363,10.217856,10.200777,10.213939,3913
2024-01-08 09:55:00,10.213939,10.218792,10.183273,10.190872,4281
2024-01-08 09:56:00,10.190872,10.200379,10.176808,10.186010,9965
2024-01-08 09:57:00,10.186010,10.204528,10.181607,10.186697,6153
2024-01-08 09:58:00,10.186697,10.189728,10.177793,10.183255,1610
2024-01-08 09:59:00,10.183255,10.189083,10.175655,10.180236,504
2024-01-08 10:00:00,10.180236,10.204556,10.163650,10.186205,5235
2024-01-08 10:01:00,10.186205,10.204226,10.158318,10.173006,8076
2024-01-08 10:02:00,10.173006,10.187236,10.141544,10.153090,4844
2024-01-08 10:03:00,10.153090,10.159418,10.140092,10.148831,5646
2024-01-08 10:04:00,10.148831,10.167735,10.134798,10.158178,8004
2024-01-08 10:05:00,10.158178,10.184625,10.141546,10.178823,5211
2024-01-08 10:06:00,10.178823,10.192705,10.160960,10.188391,9095
2024-01-08 10:07:00,10.188391,10.197231,10.158583,10.170429,6415
2024-01-08 10:08:00,10.170429,10.182794,10.150828,10.167586,7338
2024-01-08 10:09:00,10.167586,10.179205,10.156383,10.170726,7836
2024-01-08 10:10:00,10.170726,10.185893,10.160184,10.172898,6305
2024-01-08 10:11:00,10.172898,10.186828,10.155321,10.179496,595
2024-01-08 10:12:00,10.179496,10.187721,10.159322,10.168277,4331
2024-01-08 10:13:00,10.168277,10.185304,10.159151,10.169072,1500
2024-01-08 10:14:00,10.169072,10.192023,10.161583,10.174214,5152
2024-01-08 10:15:00,10.174214,10.192111,10.162877,10.184314,1517
2024-01-08 10:16:00,10.184314,10.196602,10.162650,10.174458,5142
2024-01-08 10:17:00,10.174458,10.181465,10.156347,10.170235,3504
2024-01-08 10:18:00,10.170235,10.173195,10.127410,10.137159,301
2024-01-08 10:19:00,10.137159,10.152440,10.123635,10.129556,1336
2024-01-08 10:20:00,10.129556,10.134634,10.105538,10.123141,5080
2024-01-08 10:21:00,10.123141,10.132804,10.102440,10.110668,880
2024-01-08 10:22:00,10.110668,10.123461,10.092055,10.112694,8574
2024-01-08 10:23:00,10.112694,10.118015,10.106277,10.112010,7611
2024-01-08 10:24:00,10.112010,10.115712,10.072291,10.084372,7121
2024-01-08 10:25:00,10.084372,10.095273,10.072713,10.087009,1803
2024-01-08 10:26:00,10.087009,10.106150,10.058736,10.075652,7977
2024-01-08 10:27:00,10.075652,10.094666,10.071153,10.081594,6383
2024-01-08 10:28:00,10.081594,10.090459,10.047534,10.065912,3965
2024-01-08 10:29:00,10.065912,10.068980,10.054347,10.066279,104
2024-01-08 10:30:00,10.066279,10.079084,10.050266,10.062815,5336
2024-01-08 10:31:00,10.062815,10.070184,10.051632,10.066523,7979
2024-01-08 10:32:00,10.066523,10.079815,10.063875,10.068049,431
2024-01-08 10:33:00,10.068049,10.083584,10.053980,10.064927,621
2024-01-08 10:34:00,10.064927,10.074552,10.039390,10.046134,3891
2024-01-08 10:35:00,10.046134,10.053523,10.019894,10.028063,5164
2024-01-08 10:36:00,10.028063,10.030916,10.007236,10.020920,4796
2024-01-08 10:37:00,10.020920,10.023366,10.009860,10.020819,4319
2024-01-08 10:38:00,10.020819,10.030559,10.009700,10.013378,2626
2024-01-08 10:39:00,10.013378,10.038926,10.010063,10.021026,692
2024-01-08 10:40:00,10.021026,10.027419,10.012268,10.017610,409
2024-01-08 10:41:00,10.017610,10.029943,10.000369,10.005805,1078
2024-01-08 10:42:00,10.005805,10.020123,9.989454,10.002403,6935
2024-01-08 10:43:00,10.002403,10.008261,9.997202,10.005166,7881
2024-01-08 10:44:00,10.005166,10.013896,9.987295,10.009140,4407
2024-01-08 10:45:00,10.009140,10.040082,10.003365,10.032119,866
2024-01-08 10:46:00,10.032119,10.046181,10.020296,10.023936,4215
2024-01-08 10:47:00,10.023936,10.033839,10.005274,10.023037,9857
2024-01-08 10:48:00,10.023037,10.043466,10.015721,10.028250,2574
2024-01-08 10:49:00,10.028250,10.045867,10.018306,10.027964,4962
2024-01-08 10:50:00,10.027964,10.043614,10.002577,10.021839,5424
2024-01-08 10:51:00,10.021839,10.041700,9.983888,10.002887,3366
2024-01-08 10:52:00,10.002887,10.018465,9.981769,9.996638,4436
2024-01-08 10:53:00,9.996638,10.013977,9.980262,9.983503,4770
2024-01-08 10:54:00,9.983503,10.000485,9.949701,9.962381,4792
2024-01-08 10:55:00,9.962381,9.977526,9.932844,9.952647,7205
2024-01-08 10:56:00,9.952647,9.969080,9.920793,9.939838,5850
2024-01-08 10:57:00,9.939838,9.965804,9.935930,9.946979,628
2024-01-08 10:58:00,9.946979,9.964886,9.937852,9.954333,162
2024-01-08 10:59:00,9.954333,9.967822,9.935596,9.943275,4165
2024-01-08 11:00:00,9.943275,9.954544,9.935757,9.940092,9086
2024-01-08 11:01:00,9.940092,9.957411,9.902853,9.917359,465
2024-01-08 11:02:00,9.917359,9.927124,9.904383,9.911312,803
2024-01-08 11:03:00,9.911312,9.932948,9.903104,9.916193,6824
2024-01-08 11:04:00,9.916193,9.942673,9.912566,9.926285,4564
2024-01-08 11:05:00,9.926285,9.945599,9.906598,9.917562,2383
2024-01-08 11:06:00,9.917562,9.936910,9.912715,9.930429,2152
2024-01-08 11:07:00,9.930429,9.945202,9.902110,9.911887,6683
2024-01-08 11:08:00,9.911887,9.927512,9.892045,9.896625,5285
2024-01-08 11:09:00,9.896625,9.924159,9.877456,9.905306,6418
2024-01-08 11:10:00,9.905306,9.944074,9.900697,9.925750,2874
2024-01-08 11:11:00,9.925750,9.944109,9.914356,9.931786,5311
2024-01-08 11:12:00,9.931786,9.944211,9.925747,9.931292,8614
2024-01-08 11:13:00,9.931292,9.936304,9.901064,9.904438,3234
2024-01-08 11:14:00,9.904438,9.923987,9.874055,9.879697,4023
2024-01-08 11:15:00,9.879697,9.887870,9.876711,9.881280,1721
2024-01-08 11:16:00,9.881280,9.896325,9.872391,9.876900,6423
2024-01-08 11:17:00,9.876900,9.893224,9.852489,9.863372,421
2024-01-08 11:18:00,9.863372,9.874115,9.849639,9.864174,2563
2024-01-08 11:19:00,9.864174,9.871383,9.860601,9.865582,7159
2024-01-08 11:20:00,9.865582,9.882537,9.855644,9.877135,292
2024-01-08 11:21:00,9.877135,9.896223,9.864673,9.878806,9891
2024-01-08 11:22:00,9.878806,9.905027,9.872590,9.893834,4101
2024-01-08 11:23:00,9.893834,9.897554,9.885136,9.893931,4047
2024-01-08 11:24:00,9.893931,9.908838,9.889227,9.892521,5411
2024-01-08 11:25:00,9.892521,9.912044,9.886558,9.905541,6427
2024-01-08 11:26:00,9.905541,9.923316,9.883169,9.893571,4649
2024-01-08 11:27:00,9.893571,9.935573,9.873743,9.928001,8854
2024-01-08 11:28:00,9.928001,9.938196,9.908068,9.932592,9623
2024-01-08 11:29:00,9.932592,9.940778,9.912958,9.937250,2083
2024-01-08 11:30:00,9.937250,9.954881,9.927635,9.943674,7097
2024-01-08 13:01:00,9.943674,9.976751,9.940222,9.966637,3079
2024-01-08 13:02:00,9.966637,9.991856,9.958813,9.976332,9957
2024-01-08 13:03:00,9.976332,9.986695,9.950418,9.956697,2607
2024-01-08 13:04:00,9.956697,9.982055,9.954443,9.973866,3021
2024-01-08 13:05:00,9.973866,9.980576,9.965982,9.969696,7170
2024-01-08 13:06:00,9.969696,9.978014,9.959539,9.971007,7911
2024-01-08 13:07:00,9.971007,9.989708,9.947244,9.955357,1372
2024-01-08 13:08:00,9.955357,9.966766,9.950111,9.961795,5600
2024-01-08 13:09:00,9.961795,9.981582,9.938936,9.953826,3522
2024-01-08 13:10:00,9.953826,9.962936,9.945398,9.955052,6156
2024-01-08 13:11:00,9.955052,9.958643,9.934243,9.951576,5611
2024-01-08 13:12:00,9.951576,9.981602,9.945239,9.975125,9859
2024-01-08 13:13:00,9.975125,10.002426,9.963434,9.999375,9343
2024-01-08 13:14:00,9.999375,10.016164,9.994060,9.999944,6574
2024-01-08 13:15:00,9.999944,10.011952,9.989028,10.000727,6826
2024-01-08 13:16:00,10.000727,10.008792,9.991414,9.996158,8998
2024-01-08 13:17:00,9.996158,10.023605,9.991250,10.009688,1916
2024-01-08 13:18:00,10.009688,10.023040,9.992644,10.005664,7284
2024-01-08 13:19:00,10.005664,10.024582,9.993762,10.000510,7743
2024-01-08 13:20:00,10.000510,10.031784,9.995407,10.012481,1361
2024-01-08 13:21:00,10.012481,10.026734,9.987160,10.005896,8824
2024-01-08 13:22:00,10.005896,10.022617,10.002660,10.005434,7024
2024-01-08 13:23:00,10.005434,10.021698,9.973917,9.986090,3536
2024-01-08 13:24:00,9.986090,10.005548,9.974221,9.994704,4894
2024-01-08 13:25:00,9.994704,10.033128,9.988193,10.018448,4947
2024-01-08 13:26:00,10.018448,10.030679,10.008298,10.027270,9196
2024-01-08 13:27:00,10.027270,10.060797,10.023691,10.045153,9695
2024-01-08 13:28:00,10.045153,10.064466,10.019820,10.034802,8087
2024-01-08 13:29:00,10.034802,10.041223,10.028812,10.037693,6556
2024-01-08 13:30:00,10.037693,10.054744,10.020675,10.026156,1130
2024-01-08 13:31:00,10.026156,10.044949,10.015701,10.023369,9156
2024-01-08 13:32:00,10.023369,10.038887,10.005127,10.032816,1425
2024-01-08 13:33:00,10.032816,10.045508,10.016479,10.034061,1751
2024-01-08 13:34:00,10.034061,10.052763,9.997736,10.016780,789
2024-01-08 13:35:00,10.016780,10.036064,9.986958,10.000693,9482
2024-01-08 13:36:00,10.000693,10.004995,9.969864,9.983797,4983
2024-01-08 13:37:00,9.983797,9.998091,9.973156,9.989809,2436
2024-01-08 13:38:00,9.989809,10.029624,9.971516,10.015057,899
2024-01-08 13:39:00,10.015057,10.037713,10.003861,10.031725,4178
2024-01-08 13:40:00,10.031725,10.039570,10.000139,10.008531,7264
2024-01-08 13:41:00,10.008531,10.028334,9.995004,10.025915,9946
2024-01-08 13:42:00,10.025915,10.042134,10.014084,10.037370,5568
2024-01-08 13:43:00,10.037370,10.049492,10.014234,10.018466,6110
2024-01-08 13:44:00,10.018466,10.032222,10.005688,10.014757,8375
2024-01-08 13:45:00,10.014757,10.041839,10.007117,10.028159,9028
2024-01-08 13:46:00,10.028159,10.050903,10.010916,10.034892,2869
2024-01-08 13:47:00,10.034892,10.044367,10.010059,10.018878,9919
2024-01-08 13:48:00,10.018878,10.033272,10.002090,10.026349,5239
2024-01-08 13:49:00,10.026349,10.028630,9.990238,10.000201,9308
2024-01-08 13:50:00,10.000201,10.005920,9.981912,9.997475,1263
2024-01-08 13:51:00,9.997475,10.019019,9.993040,10.011396,1064
2024-01-08 13:52:00,10.011396,10.016828,9.992752,10.011621,8857
2024-01-08 13:53:00,10.011621,10.013983,9.994867,10.005517,6758
2024-01-08 13:54:00,10.005517,10.021231,9.998841,10.016397,1832
2024-01-08 13:55:00,10.016397,10.042311,10.010050,10.028321,8959
2024-01-08 13:56:00,10.028321,10.057680,10.021550,10.044347,1113
2024-01-08 13:57:00,10.044347,10.073885,10.035746,10.055043,6854
2024-01-08 13:58:00,10.055043,10.084639,10.040128,10.068272,2130
2024-01-08 13:59:00,10.068272,10.089457,10.049179,10.077238,798
2024-01-08 14:00:00,10.077238,10.084962,10.063195,10.080486,8081
2024-01-08 14:01:00,10.080486,10.093734,10.068637,10.081581,8489
2024-01-08 14:02:00,10.081581,10.084690,10.068604,10.078679,1147
2024-01-08 14:03:00,10.078679,10.088435,10.046940,10.063847,1022
2024-01-08 14:04:00,10.063847,10.072872,10.034867,10.052161,6182
2024-01-08 14:05:00,10.052161,10.061861,10.041436,10.048711,384
2024-01-08 14:06:00,10.048711,10.058701,10.029549,10.051665,7487
2024-01-08 14:07:00,10.051665,10.083635,10.042553,10.069290,9165
2024-01-08 14:08:00,10.069290,10.086427,10.052378,10.068779,7535
2024-01-08 14:09:00,10.068779,10.096888,10.049376,10.081055,2383
2024-01-08 14:10:00,10.081055,10.107558,10.066389,10.094258,1981
2024-01-08 14:11:00,10.094258,10.105949,10.086519,10.091427,6837
2024-01-08 14:12:00,10.091427,10.101262,10.078877,10.098702,710
2024-01-08 14:13:00,10.098702,10.113715,10.091585,10.095723,5423
2024-01-08 14:14:00,10.095723,10.123707,10.079518,10.111897,4543
2024-01-08 14:15:00,10.111897,10.126549,10.104833,10.119675,7471
2024-01-08 14:16:00,10.119675,10.127577,10.090598,10.105112,2104
2024-01-08 14:17:00,10.105112,10.125929,10.086730,10.107088,7647
2024-01-08 14:18:00,10.107088,10.140488,10.101830,10.127250,7022
2024-01-08 14:19:00,10.127250,10.137816,10.115961,10.125033,2463
2024-01-08 14:20:00,10.125033,10.143686,10.111385,10.130510,3631
2024-01-08 14:21:00,10.130510,10.146635,10.120956,10.137188,753
2024-01-08 14:22:00,10.137188,10.147651,10.119360,10.124506,4548
2024-01-08 14:23:00,10.124506,10.137979,10.121983,10.130754,2679
2024-01-08 14:24:00,10.130754,10.140671,10.104384,10.113703,1223
2024-01-08 14:25:00,10.113703,10.128043,10.092364,10.106049,5643
2024-01-08 14:26:00,10.106049,10.121928,10.093718,10.119209,5718
2024-01-08 14:27:00,10.119209,10.139884,10.114397,10.123573,950
2024-01-08 14:28:00,10.123573,10.130667,10.109736,10.119848,1936
2024-01-08 14:29:00,10.119848,10.139596,10.111198,10.125310,917
2024-01-08 14:30:00,10.125310,10.138879,10.117639,10.124575,6821
2024-01-08 14:31:00,10.124575,10.138476,10.109448,10.124729,3446
2024-01-08 14:32:00,10.124729,10.145710,10.117155,10.132764,804
2024-01-08 14:33:00,10.132764,10.152028,10.112143,10.123866,1996
2024-01-08 14:34:00,10.123866,10.135509,10.105248,10.124359,9761
2024-01-08 14:35:00,10.124359,10.139541,10.108832,10.120539,2631
2024-01-08 14:36:00,10.120539,10.135237,10.088036,10.101142,6876
2024-01-08 14:37:00,10.101142,10.107395,10.086564,10.089882,4737
2024-01-08 14:38:00,10.089882,10.116166,10.084676,10.109066,1899
2024-01-08 14:39:00,10.109066,10.123405,10.105249,10.113773,3143
2024-01-08 14:40:00,10.113773,10.120771,10.081814,10.097581,239
2024-01-08 14:41:00,10.097581,10.106182,10.061691,10.078737,7495
2024-01-08 14:42:00,10.078737,10.087775,10.072009,10.077365,3411
2024-01-08 14:43:00,10.077365,10.109333,10.071418,10.096464,5042
2024-01-08 14:44:00,10.096464,10.102422,10.086361,10.094179,1612
2024-01-08 14:45:00,10.094179,10.126645,10.081540,10.110168,8259
2024-01-08 14:46:00,10.110168,10.124349,10.096975,10.114473,2262
2024-01-08 14:47:00,10.114473,10.134950,10.100111,10.120238,5706
2024-01-08 14:48:00,10.120238,10.123704,10.085604,10.103898,8740
2024-01-08 14:49:00,10.103898,10.125826,10.096587,10.115367,7160
2024-01-08 14:50:00,10.115367,10.117875,10.097412,10.111269,6071
2024-01-08 14:51:00,10.111269,10.135994,10.099194,10.121828,8891
2024-01-08 14:52:00,10.121828,10.130015,10.104363,10.111868,1846
2024-01-08 14:53:00,10.111868,10.133120,10.093534,10.114034,9639
2024-01-08 14:54:00,10.114034,10.126174,10.110315,10.118340,5610
2024-01-08 14:55:00,10.118340,10.130488,10.101640,10.116456,4157
2024-01-08 14:56:00,10.116456,10.128037,10.101354,10.121405,2632
2024-01-08 14:57:00,10.121405,10.134567,10.099670,10.118146,7474
2024-01-08 14:58:00,10.118146,10.128552,10.098871,10.110205,9764
2024-01-08 14:59:00,10.110205,10.138517,10.102416,10.129846,6932
2024-01-08 15:00:00,10.129846,10.148344,10.112946,10.142678,424
2024-01-09 09:31:00,10.199082,10.226272,10.189039,10.216006,2307
2024-01-09 09:32:00,10.216006,10.231921,10.204231,10.218474,1671
2024-01-09 09:33:00,10.218474,10.234702,10.199312,10.206124,7044
2024-01-09 09:34:00,10.206124,10.216207,10.193100,10.209860,1674
2024-01-09 09:35:00,10.209860,10.227421,10.204809,10.208072,736
2024-01-09 09:36:00,10.208072,10.257390,10.200013,10.250346,4914
2024-01-09 09:37:00,10.250346,10.269800,10.233869,10.253836,5752
2024-01-09 09:38:00,10.253836,10.257853,10.242510,10.249177,2512
2024-01-09 09:39:00,10.249177,10.273748,10.236284,10.266557,2191
2024-01-09 09:40:00,10.266557,10.278162,10.234644,10.244024,2433
2024-01-09 09:41:00,10.244024,10.256627,10.236328,10.245179,3493
2024-01-09 09:42:00,10.245179,10.286896,10.226688,10.269588,191
2024-01-09 09:43:00,10.269588,10.289519,10.259988,10.268166,216
2024-01-09 09:44:00,10.268166,10.272096,10.240692,10.246953,3767
2024-01-09 09:45:00,10.246953,10.253838,10.223740,10.242107,297
2024-01-09 09:46:00,10.242107,10.268345,10.226680,10.259909,3250
2024-01-09 09:47:00,10.259909,10.275132,10.245636,10.264511,5851
2024-01-09 09:48:00,10.264511,10.275402,10.251353,10.254245,408
2024-01-09 09:49:00,10.254245,10.271656,10.241496,10.245858,6216
2024-01-09 09:50:00,10.245858,10.261728,10.225518,10.239008,6250
2024-01-09 09:51:00,10.239008,10.245768,10.233238,10.243429,5776
2024-01-09 09:52:00,10.243429,10.269997,10.237367,10.259807,6303
2024-01-09 09:53:00,10.259807,10.285812,10.243782,10.272687,8111
2024-01-09 09:54:00,10.272687,10.288555,10.265540,10.278268,800
2024-01-09 09:55:00,10.278268,10.282620,10.258682,10.261970,1771
2024-01-09 09:56:00,10.261970,10.271125,10.243062,10.245718,3238
2024-01-09 09:57:00,10.245718,10.261654,10.235741,10.252244,6912
2024-01-09 09:58:00,10.252244,10.257623,10.222669,10.235777,8740
2024-01-09 09:59:00,10.235777,10.251391,10.215377,10.233017,9194
2024-01-09 10:00:00,10.233017,10.244524,10.229022,10.236739,5863
2024-01-09 10:01:00,10.236739,10.249341,10.217276,10.222816,4160
2024-01-09 10:02:00,10.222816,10.234099,10.198744,10.210280,4178
2024-01-09 10:03:00,10.210280,10.228074,10.200574,10.209128,692
2024-01-09 10:04:00,10.209128,10.219489,10.198443,10.215292,4704
2024-01-09 10:05:00,10.215292,10.232341,10.196658,10.228284,5177
2024-01-09 10:06:00,10.228284,10.243120,10.216476,10.235714,2161
2024-01-09 10:07:00,10.235714,10.246377,10.226242,10.236615,7702
2024-01-09 10:08:00,10.236615,10.243989,10.207673,10.227483,8137
2024-01-09 10:09:00,10.227483,10.243220,10.211202,10.214376,3089
2024-01-09 10:10:00,10.214376,10.220791,10.189346,10.208124,9148
2024-01-09 10:11:00,10.208124,10.216667,10.197094,10.213141,1160
2024-01-09 10:12:00,10.213141,10.226709,10.202073,10.217261,9115
2024-01-09 10:13:00,10.217261,10.233181,10.172965,10.191560,7704
2024-01-09 10:14:00,10.191560,10.208870,10.170812,10.181944,2316
2024-01-09 10:15:00,10.181944,10.211886,10.172053,10.196686,6536
2024-01-09 10:16:00,10.196686,10.209698,10.189781,10.197656,3176
2024-01-09 10:17:00,10.197656,10.212691,10.166454,10.180313,8017
2024-01-09 10:18:00,10.180313,10.223411,10.168059,10.209146,1690
2024-01-09 10:19:00,10.209146,10.215364,10.202933,10.208791,2524
2024-01-09 10:20:00,10.208791,10.225409,10.194022,10.213495,3141
2024-01-09 10:21:00,10.213495,10.234256,10.199902,10.218385,2076
2024-01-09 10:22:00,10.218385,10.226093,10.204734,10.213886,3394
2024-01-09 10:23:00,10.213886,10.227658,10.202902,10.204981,6065
2024-01-09 10:24:00,10.204981,10.241615,10.194943,10.230948,6367
2024-01-09 10:25:00,10.230948,10.254283,10.228839,10.243226,5583
2024-01-09 10:26:00,10.243226,10.256907,10.239876,10.253286,1977
2024-01-09 10:27:00,10.253286,10.274331,10.243535,10.260339,2104
2024-01-09 10:28:00,10.260339,10.277922,10.244585,10.248060,9202
2024-01-09 10:29:00,10.248060,10.268241,10.241098,10.263695,2588
2024-01-09 10:30:00,10.263695,10.272285,10.239577,10.253376,1120
2024-01-09 10:31:00,10.253376,10.259719,10.245821,10.256843,4594
2024-01-09 10:32:00,10.256843,10.259377,10.216821,10.236779,168
2024-01-09 10:33:00,10.236779,10.256593,10.193308,10.211801,3492
2024-01-09 10:34:00,10.211801,10.226579,10.199266,10.215697,8563
2024-01-09 10:35:00,10.215697,10.224096,10.186389,10.205794,2747
2024-01-09 10:36:00,10.205794,10.212742,10.163825,10.181449,7067
2024-01-09 10:37:00,10.181449,10.207706,10.173709,10.188065,4949
2024-01-09 10:38:00,10.188065,10.220553,10.172573,10.214013,3618
2024-01-09 10:39:00,10.214013,10.246082,10.209550,10.231020,6649
2024-01-09 10:40:00,10.231020,10.238127,10.213548,10.227870,5995
2024-01-09 10:41:00,10.227870,10.231247,10.217031,10.227979,3250
2024-01-09 10:42:00,10.227979,10.253142,10.225676,10.238843,2313
2024-01-09 10:43:00,10.238843,10.254606,10.231907,10.252577,9176
2024-01-09 10:44:00,10.252577,10.266740,10.229175,10.248372,1767
2024-01-09 10:45:00,10.248372,10.255297,10.240687,10.248791,9599
2024-01-09 10:46:00,10.248791,10.267900,10.243524,10.252470,4764
2024-01-09 10:47:00,10.252470,10.275104,10.247094,10.259249,9967
2024-01-09 10:48:00,10.259249,10.274283,10.246994,10.257620,3596
2024-01-09 10:49:00,10.257620,10.260061,10.238982,10.256150,5698
2024-01-09 10:50:00,10.256150,10.287705,10.240506,10.273038,6190
2024-01-09 10:51:00,10.273038,10.307664,10.263174,10.287841,3453
2024-01-09 10:52:00,10.287841,10.300051,10.282084,10.293684,2259
2024-01-09 10:53:00,10.293684,10.321660,10.290855,10.314724,5251
2024-01-09 10:54:00,10.314724,10.331367,10.299667,10.309994,6662
2024-01-09 10:55:00,10.309994,10.334745,10.293328,10.329858,2688
2024-01-09 10:56:00,10.329858,10.350388,10.314723,10.336498,7691
2024-01-09 10:57:00,10.336498,10.392122,10.327143,10.376531,6424
2024-01-09 10:58:00,10.376531,10.379200,10.349232,10.361937,1749
2024-01-09 10:59:00,10.361937,10.373904,10.343647,10.353500,9392
2024-01-09 11:00:00,10.353500,10.370991,10.341077,10.358625,534
2024-01-09 11:01:00,10.358625,10.370949,10.347310,10.363487,6571
2024-01-09 11:02:00,10.363487,10.405129,10.349230,10.387355,4451
2024-01-09 11:03:00,10.387355,10.392284,10.368036,10.379174,6572
2024-01-09 11:04:00,10.379174,10.398805,10.360243,10.390250,7762
2024-01-09 11:05:00,10.390250,10.421753,10.380545,10.404477,6903
2024-01-09 11:06:00,10.404477,10.418533,10.402190,10.413101,6542
2024-01-09 11:07:00,10.413101,10.429886,10.395085,10.401340,8424
2024-01-09 11:08:00,10.401340,10.421992,10.390329,10.418569,7048
2024-01-09 11:09:00,10.418569,10.444421,10.406839,10.433615,8156
2024-01-09 11:10:00,10.433615,10.444309,10.421672,10.440953,4088
2024-01-09 11:11:00,10.440953,10.457656,10.426091,10.443454,2107
2024-01-09 11:12:00,10.443454,10.462452,10.436510,10.446221,2425
2024-01-09 11:13:00,10.446221,10.463519,10.431289,10.445257,6159
2024-01-09 11:14:00,10.445257,10.472763,10.430585,10.453100,5364
2024-01-09 11:15:00,10.453100,10.467577,10.443697,10.453481,863
2024-01-09 11:16:00,10.453481,10.469324,10.433857,10.443096,2123
2024-01-09 11:17:00,10.443096,10.454200,10.425042,10.430262,9678
2024-01-09 11:18:00,10.430262,10.448692,10.411607,10.421058,7289
2024-01-09 11:19:00,10.421058,10.437365,10.404896,10.423777,7574
2024-01-09 11:20:00,10.423777,10.441681,10.405086,10.423447,2049
2024-01-09 11:21:00,10.423447,10.432321,10.410762,10.426083,735
2024-01-09 11:22:00,10.426083,10.443153,10.418694,10.432212,2983
2024-01-09 11:23:00,10.432212,10.447349,10.410253,10.424534,8583
2024-01-09 11:24:00,10.424534,10.448121,10.409212,10.442472,5114
2024-01-09 11:25:00,10.442472,10.448276,10.431216,10.439196,7867
2024-01-09 11:26:00,10.439196,10.458801,10.417013,10.433891,4918
2024-01-09 11:27:00,10.433891,10.449618,10.430565,10.439795,4952
2024-01-09 11:28:00,10.439795,10.445068,10.415125,10.417318,6048
2024-01-09 11:29:00,10.417318,10.425285,10.403429,10.407643,9593
2024-01-09 11:30:00,10.407643,10.428803,10.402835,10.419650,4430
2024-01-09 13:01:00,10.419650,10.432866,10.380565,10.398386,5998
2024-01-09 13:02:00,10.398386,10.430678,10.388736,10.412064,9202
2024-01-09 13:03:00,10.412064,10.450317,10.405115,10.430559,3785
2024-01-09 13:04:00,10.430559,10.444289,10.416314,10.426037,8415
2024-01-09 13:05:00,10.426037,10.444207,10.416930,10.429608,5397
2024-01-09 13:06:00,10.429608,10.451098,10.422182,10.443305,8803
2024-01-09 13:07:00,10.443305,10.460734,10.433110,10.437592,4731
2024-01-09 13:08:00,10.437592,10.454133,10.423785,10.448212,6332
2024-01-09 13:09:00,10.448212,10.452127,10.435539,10.439998,3300
2024-01-09 13:10:00,10.439998,10.459517,10.418195,10.434153,6386
2024-01-09 13:11:00,10.434153,10.451707,10.418740,10.424370,3329
2024-01-09 13:12:00,10.424370,10.436029,10.409205,10.428564,6131
2024-01-09 13:13:00,10.428564,10.456889,10.412063,10.442736,7908
2024-01-09 13:14:00,10.442736,10.453142,10.436227,10.440482,4405
2024-01-09 13:15:00,10.440482,10.448299,10.421362,10.424924,4349
2024-01-09 13:16:00,10.424924,10.432086,10.392580,10.411673,3288
2024-01-09 13:17:00,10.411673,10.420951,10.401338,10.416502,7331
2024-01-09 13:18:00,10.416502,10.450960,10.403158,10.439072,5960
2024-01-09 13:19:00,10.439072,10.453930,10.436653,10.443891,5212
2024-01-09 13:20:00,10.443891,10.455110,10.432139,10.439156,352
2024-01-09 13:21:00,10.439156,10.454409,10.428058,10.448533,1190
2024-01-09 13:22:00,10.448533,10.467428,10.427650,10.445602,173
2024-01-09 13:23:00,10.445602,10.459096,10.434086,10.440972,8517
2024-01-09 13:24:00,10.440972,10.459165,10.413288,10.429241,8531
2024-01-09 13:25:00,10.429241,10.450446,10.415322,10.446479,772
2024-01-09 13:26:00,10.446479,10.459691,10.411327,10.415402,559
2024-01-09 13:27:00,10.415402,10.442457,10.408121,10.425167,7836
2024-01-09 13:28:00,10.425167,10.433124,10.413210,10.419491,5295
2024-01-09 13:29:00,10.419491,10.425004,10.404504,10.414469,3158
2024-01-09 13:30:00,10.414469,10.441952,10.401033,10.435181,6188
2024-01-09 13:31:00,10.435181,10.442094,10.416640,10.426441,2441
2024-01-09 13:32:00,10.426441,10.436491,10.411716,10.418118,2061
2024-01-09 13:33:00,10.418118,10.425985,10.401996,10.416522,3738
2024-01-09 13:34:00,10.416522,10.428470,10.404001,10.421587,8967
2024-01-09 13:35:00,10.421587,10.435260,10.404831,10.416179,7694
2024-01-09 13:36:00,10.416179,10.419134,10.384937,10.396917,1981
2024-01-09 13:37:00,10.396917,10.405043,10.380327,10.386322,5661
2024-01-09 13:38:00,10.386322,10.416419,10.372074,10.402004,8856
2024-01-09 13:39:00,10.402004,10.408084,10.393029,10.402919,9521
2024-01-09 13:40:00,10.402919,10.414416,10.394377,10.408440,7653
2024-01-09 13:41:00,10.408440,10.414052,10.400545,10.405240,1375
2024-01-09 13:42:00,10.405240,10.407257,10.384426,10.397169,2483
2024-01-09 13:43:00,10.397169,10.428228,10.384321,10.417700,2264
2024-01-09 13:44:00,10.417700,10.420402,10.407272,10.415397,1592
2024-01-09 13:45:00,10.415397,10.422310,10.392493,10.409971,1835
2024-01-09 13:46:00,10.409971,10.443293,10.392752,10.423386,3230
2024-01-09 13:47:00,10.423386,10.441917,10.410582,10.414545,5599
2024-01-09 13:48:00,10.414545,10.420417,10.392756,10.407267,4039
2024-01-09 13:49:00,10.407267,10.414972,10.398178,10.407392,4266
2024-01-09 13:50:00,10.407392,10.417742,10.387397,10.407395,2533
2024-01-09 13:51:00,10.407395,10.427772,10.401345,10.410573,1595
2024-01-09 13:52:00,10.410573,10.452620,10.403523,10.436172,9989
2024-01-09 13:53:00,10.436172,10.444560,10.426214,10.440288,6030
2024-01-09 13:54:00,10.440288,10.444528,10.404346,10.411183,2373
2024-01-09 13:55:00,10.411183,10.424678,10.396727,10.415176,8118
2024-01-09 13:56:00,10.415176,10.433302,10.404520,10.415640,8323
2024-01-09 13:57:00,10.415640,10.434049,10.409664,10.416172,9671
2024-01-09 13:58:00,10.416172,10.423115,10.405057,10.419182,1675
2024-01-09 13:59:00,10.419182,10.431519,10.400833,10.418831,6435
2024-01-09 14:00:00,10.418831,10.423633,10.401924,10.418187,9804
2024-01-09 14:01:00,10.418187,10.440040,10.407208,10.425690,8086
2024-01-09 14:02:00,10.425690,10.444186,10.411863,10.419056,2332
2024-01-09 14:03:00,10.419056,10.429241,10.402219,10.407457,8941
2024-01-09 14:04:00,10.407457,10.447960,10.389646,10.444465,4274
2024-01-09 14:05:00,10.444465,10.456891,10.420920,10.435703,4940
2024-01-09 14:06:00,10.435703,10.446282,10.423404,10.436929,5629
2024-01-09 14:07:00,10.436929,10.453525,10.400794,10.418624,7736
2024-01-09 14:08:00,10.418624,10.428175,10.414433,10.420049,1290
2024-01-09 14:09:00,10.420049,10.437797,10.394343,10.408628,5438
2024-01-09 14:10:00,10.408628,10.415554,10.397311,10.403212,8186
2024-01-09 14:11:00,10.403212,10.420838,10.399042,10.416003,5530
2024-01-09 14:12:00,10.416003,10.429296,10.405622,10.421780,2819
2024-01-09 14:13:00,10.421780,10.431365,10.412806,10.428736,657
2024-01-09 14:14:00,10.428736,10.435799,10.388118,10.407059,5537
2024-01-09 14:15:00,10.407059,10.443422,10.399227,10.429540,7063
2024-01-09 14:16:00,10.429540,10.434101,10.398285,10.414953,5541
2024-01-09 14:17:00,10.414953,10.437665,10.399474,10.433661,9795
2024-01-09 14:18:00,10.433661,10.450546,10.419638,10.446163,6066
2024-01-09 14:19:00,10.446163,10.456625,10.427596,10.453229,5131
2024-01-09 14:20:00,10.453229,10.470973,10.433423,10.442765,649
2024-01-09 14:21:00,10.442765,10.463615,10.433751,10.444621,5630
2024-01-09 14:22:00,10.444621,10.447459,10.433960,10.438857,1769
2024-01-09 14:23:00,10.438857,10.454894,10.431893,10.439212,7274
2024-01-09 14:24:00,10.439212,10.454481,10.418318,10.436154,1695
2024-01-09 14:25:00,10.436154,10.456099,10.400665,10.411204,9076
2024-01-09 14:26:00,10.411204,10.433195,10.403059,10.424933,3090
2024-01-09 14:27:00,10.424933,10.432072,10.418051,10.423941,4396
2024-01-09 14:28:00,10.423941,10.434096,10.407278,10.418007,1534
2024-01-09 14:29:00,10.418007,10.435426,10.396249,10.411149,2185
2024-01-09 14:30:00,10.411149,10.430651,10.403989,10.415537,9227
2024-01-09 14:31:00,10.415537,10.426026,10.388959,10.404598,2908
2024-01-09 14:32:00,10.404598,10.411000,10.363661,10.376997,5178
2024-01-09 14:33:00,10.376997,10.397066,10.360821,10.381980,9815
2024-01-09 14:34:00,10.381980,10.405715,10.375464,10.388333,6273
2024-01-09 14:35:00,10.388333,10.397532,10.372531,10.385890,512
2024-01-09 14:36:00,10.385890,10.399924,10.367074,10.371841,3639
2024-01-09 14:37:00,10.371841,10.382133,10.363292,10.372929,3929
2024-01-09 14:38:00,10.372929,10.383542,10.339967,10.355005,2834
2024-01-09 14:39:00,10.355005,10.366453,10.329063,10.342433,2487
2024-01-09 14:40:00,10.342433,10.358396,10.327864,10.333245,5081
2024-01-09 14:41:00,10.333245,10.363169,10.315795,10.343574,3832
2024-01-09 14:42:00,10.343574,10.353573,10.336176,10.339136,3013
2024-01-09 14:43:00,10.339136,10.347298,10.320941,10.333655,4188
2024-01-09 14:44:00,10.333655,10.366303,10.313946,10.357578,3502
2024-01-09 14:45:00,10.357578,10.366302,10.346011,10.361892,2364
2024-01-09 14:46:00,10.361892,10.373386,10.345480,10.366041,4582
2024-01-09 14:47:00,10.366041,10.369597,10.348803,10.361516,9428
2024-01-09 14:48:00,10.361516,10.371218,10.338121,10.354217,5106
2024-01-09 14:49:00,10.354217,10.359229,10.313657,10.327458,6015
2024-01-09 14:50:00,10.327458,10.347549,10.313017,10.339314,9844
2024-01-09 14:51:00,10.339314,10.361085,10.333213,10.344801,6174
2024-01-09 14:52:00,10.344801,10.351228,10.327255,10.342608,2310
2024-01-09 14:53:00,10.342608,10.355622,10.334646,10.340929,4044
2024-01-09 14:54:00,10.340929,10.368159,10.321277,10.349938,4930
2024-01-09 14:55:00,10.349938,10.362143,10.324810,10.330910,4800
2024-01-09 14:56:00,10.330910,10.336399,10.317430,10.323691,1580
2024-01-09 14:57:00,10.323691,10.331897,10.292328,10.309784,1147
2024-01-09 14:58:00,10.309784,10.344092,10.303410,10.331465,3564
2024-01-09 14:59:00,10.331465,10.353301,10.322969,10.342182,9151
2024-01-09 15:00:00,10.342182,10.346857,10.300360,10.315224,7201
2024-01-10 09:31:00,10.181859,10.186474,10.152024,10.170813,6193
2024-01-10 09:32:00,10.170813,10.175448,10.156260,10.162708,5136
2024-01-10 09:33:00,10.162708,10.183205,10.148787,10.170364,3457
2024-01-10 09:34:00,10.170364,10.192056,10.165553,10.173474,7296
2024-01-10 09:35:00,10.173474,10.183354,10.162016,10.167510,8800
2024-01-10 09:36:00,10.167510,10.175699,10.141747,10.159573,7082
2024-01-10 09:37:00,10.159573,10.176896,10.154909,10.161111,7744
2024-01-10 09:38:00,10.161111,10.176477,10.153770,10.156108,8320
2024-01-10 09:39:00,10.156108,10.162549,10.131533,10.142555,3736
2024-01-10 09:40:00,10.142555,10.147450,10.120962,10.138492,719
2024-01-10 09:41:00,10.138492,10.151081,10.130624,10.142641,3441
2024-01-10 09:42:00,10.142641,10.158602,10.136158,10.140465,7574
2024-01-10 09:43:00,10.140465,10.154976,10.103514,10.123194,8175
2024-01-10 09:44:00,10.123194,10.149265,10.109013,10.135279,5186
2024-01-10 09:45:00,10.135279,10.152209,10.084504,10.101817,7808
2024-01-10 09:46:00,10.101817,10.108805,10.080825,10.096364,839
2024-01-10 09:47:00,10.096364,10.104478,10.074219,10.088788,6476
2024-01-10 09:48:00,10.088788,10.093363,10.079865,10.090601,6822
2024-01-10 09:49:00,10.090601,10.115104,10.082762,10.097467,5127
2024-01-10 09:50:00,10.097467,10.123724,10.082562,10.111240,7193
2024-01-10 09:51:00,10.111240,10.118607,10.087645,10.102546,4965
2024-01-10 09:52:00,10.102546,10.112978,10.083435,10.109728,5283
2024-01-10 09:53:00,10.109728,10.127165,10.097492,10.112144,6079
2024-01-10 09:54:00,10.112144,10.127621,10.083964,10.091267,7958
2024-01-10 09:55:00,10.091267,10.128533,10.080456,10.114542,2562
2024-01-10 09:56:00,10.114542,10.120210,10.083994,10.097041,3072
2024-01-10 09:57:00,10.097041,10.120720,10.087360,10.102282,4246
2024-01-10 09:58:00,10.102282,10.122770,10.086041,10.107213,2098
2024-01-10 09:59:00,10.107213,10.124661,10.094690,10.110821,3408
2024-01-10 10:00:00,10.110821,10.124538,10.102949,10.105119,3572
2024-01-10 10:01:00,10.105119,10.133982,10.092861,10.115704,3210
2024-01-10 10:02:00,10.115704,10.134414,10.083898,10.097303,4159
2024-01-10 10:03:00,10.097303,10.110131,10.078828,10.097410,5097
2024-01-10 10:04:00,10.097410,10.106910,10.082311,10.091758,6989
2024-01-10 10:05:00,10.091758,10.100305,10.072804,10.085144,3099
2024-01-10 10:06:00,10.085144,10.109334,10.074594,10.092591,8470
2024-01-10 10:07:00,10.092591,10.122258,10.081021,10.108655,4846
2024-01-10 10:08:00,10.108655,10.112046,10.105014,10.108226,7237
2024-01-10 10:09:00,10.108226,10.127157,10.090075,10.122597,1236
2024-01-10 10:10:00,10.122597,10.147541,10.104210,10.129338,1822
2024-01-10 10:11:00,10.129338,10.147259,10.114258,10.126123,4590
2024-01-10 10:12:00,10.126123,10.151641,10.114105,10.132508,3725
2024-01-10 10:13:00,10.132508,10.150234,10.129472,10.140533,5011
2024-01-10 10:14:00,10.140533,10.162276,10.127770,10.146163,1668
2024-01-10 10:15:00,10.146163,10.185219,10.136439,10.168311,4788
2024-01-10 10:16:00,10.168311,10.198836,10.153548,10.191153,6898
2024-01-10 10:17:00,10.191153,10.199633,10.188305,10.195017,7311
2024-01-10 10:18:00,10.195017,10.221614,10.180221,10.201667,2556
2024-01-10 10:19:00,10.201667,10.239891,10.194503,10.237347,3509
2024-01-10 10:20:00,10.237347,10.274326,10.223616,10.261574,5301
2024-01-10 10:21:00,10.261574,10.316776,10.248286,10.303072,5227
2024-01-10 10:22:00,10.303072,10.368099,10.296989,10.353827,7939
2024-01-10 10:23:00,10.353827,10.389157,10.343898,10.382555,3963
2024-01-10 10:24:00,10.382555,10.427084,10.365514,10.412096,6742
2024-01-10 10:25:00,10.412096,10.487095,10.399195,10.481200,8849
2024-01-10 10:26:00,10.481200,10.552105,10.477963,10.535183,3053
2024-01-10 10:27:00,10.535183,10.585785,10.525210,10.579841,8247
2024-01-10 10:28:00,10.579841,10.631791,10.572229,10.617250,3395
2024-01-10 10:29:00,10.617250,10.673852,10.603700,10.657751,3410
2024-01-10 10:30:00,10.657751,10.692107,10.644689,10.686706,6568
2024-01-10 10:31:00,10.686706,10.742916,10.684519,10.736632,6255
2024-01-10 10:32:00,10.736632,10.776857,10.723693,10.760833,5539
2024-01-10 10:33:00,10.760833,10.805037,10.745605,10.801489,2389
2024-01-10 10:34:00,10.801489,10.822130,10.785652,10.816696,1054
2024-01-10 10:35:00,10.816696,10.826895,10.813196,10.816258,9098
2024-01-10 10:36:00,10.816258,10.835001,10.807728,10.815194,8752
2024-01-10 10:37:00,10.815194,10.827308,10.769403,10.778986,8878
2024-01-10 10:38:00,10.778986,10.787965,10.759965,10.765201,5174
2024-01-10 10:39:00,10.765201,10.784812,10.733447,10.743021,8856
2024-01-10 10:40:00,10.743021,10.753367,10.722522,10.725802,4786
2024-01-10 10:41:00,10.725802,10.735610,10.665026,10.669064,847
2024-01-10 10:42:00,10.669064,10.678473,10.630091,10.644128,2064
2024-01-10 10:43:00,10.644128,10.651747,10.603925,10.610652,2798
2024-01-10 10:44:00,10.610652,10.618514,10.564407,10.579212,3832
2024-01-10 10:45:00,10.579212,10.593593,10.526881,10.529747,9396
2024-01-10 10:46:00,10.529747,10.532482,10.480227,10.492355,3394
2024-01-10 10:47:00,10.492355,10.506628,10.415646,10.424692,6164
2024-01-10 10:48:00,10.424692,10.430314,10.368413,10.384759,2780
2024-01-10 10:49:00,10.384759,10.393674,10.312438,10.328549,6468
2024-01-10 10:50:00,10.328549,10.333187,10.255355,10.264115,5717
2024-01-10 10:51:00,10.264115,10.276064,10.195958,10.209167,1589
2024-01-10 10:52:00,10.209167,10.224295,10.165331,10.171427,4676
2024-01-10 10:53:00,10.171427,10.179811,10.114719,10.127167,1143
2024-01-10 10:54:00,10.127167,10.132108,10.097808,10.101271,8903
2024-01-10 10:55:00,10.101271,10.107348,10.042526,10.052349,7070
2024-01-10 10:56:00,10.052349,10.069075,9.997771,10.003060,9419
2024-01-10 10:57:00,10.003060,10.009878,9.981952,9.999853,8768
2024-01-10 10:58:00,9.999853,10.015798,9.983976,9.993984,2272
2024-01-10 10:59:00,9.993984,10.001945,9.954387,9.967021,7101
2024-01-10 11:00:00,9.967021,9.972418,9.946814,9.955300,1091
2024-01-10 11:01:00,9.955300,9.973312,9.948103,9.958220,9609
2024-01-10 11:02:00,9.958220,9.968654,9.949997,9.955649,7874
2024-01-10 11:03:00,9.955649,9.958212,9.932914,9.951327,6836
2024-01-10 11:04:00,9.951327,9.979154,9.934937,9.959875,9949
2024-01-10 11:05:00,9.959875,9.964535,9.942784,9.947182,8484
2024-01-10 11:06:00,9.947182,9.955544,9.929223,9.944664,8649
2024-01-10 11:07:00,9.944664,9.953590,9.932705,9.942238,1091
2024-01-10 11:08:00,9.942238,9.953048,9.934966,9.937243,334
2024-01-10 11:09:00,9.937243,9.953381,9.919732,9.931243,9614
2024-01-10 11:10:00,9.931243,9.933353,9.926881,9.931222,2587
2024-01-10 11:11:00,9.931222,9.950006,9.925200,9.930979,4321
2024-01-10 11:12:00,9.930979,9.944607,9.903162,9.917691,529
2024-01-10 11:13:00,9.917691,9.946259,9.911063,9.927147,6268
2024-01-10 11:14:00,9.927147,9.943860,9.896924,9.914978,8225
2024-01-10 11:15:00,9.914978,9.933679,9.898315,9.912144,8433
2024-01-10 11:16:00,9.912144,9.924962,9.891440,9.908421,5855
2024-01-10 11:17:00,9.908421,9.921150,9.895348,9.912718,6647
2024-01-10 11:18:00,9.912718,9.922690,9.869134,9.886773,5185
2024-01-10 11:19:00,9.886773,9.911468,9.878263,9.897623,4516
2024-01-10 11:20:00,9.897623,9.907308,9.877444,9.889328,5589
2024-01-10 11:21:00,9.889328,9.919389,9.878042,9.904219,9365
2024-01-10 11:22:00,9.904219,9.907872,9.880098,9.898367,2599
2024-01-10 11:23:00,9.898367,9.915306,9.892795,9.897764,4754
2024-01-10 11:24:00,9.897764,9.926818,9.885358,9.921143,6056
2024-01-10 11:25:00,9.921143,9.940134,9.902172,9.917752,5744
2024-01-10 11:26:00,9.917752,9.937686,9.909091,9.932887,403
2024-01-10 11:27:00,9.932887,9.937688,9.915270,9.933363,2944
2024-01-10 11:28:00,9.933363,9.955052,9.924648,9.938438,6495
2024-01-10 11:29:00,9.938438,9.956029,9.933318,9.939292,6971
2024-01-10 11:30:00,9.939292,9.964949,9.926779,9.949651,7370
2024-01-10 13:01:00,9.949651,9.968941,9.931705,9.941275,9914
2024-01-10 13:02:00,9.941275,9.948145,9.926978,9.929252,6762
2024-01-10 13:03:00,9.929252,9.946131,9.918192,9.921449,5838
2024-01-10 13:04:00,9.921449,9.931004,9.915934,9.922668,3387
2024-01-10 13:05:00,9.922668,9.934341,9.904122,9.919970,3767
2024-01-10 13:06:00,9.919970,9.938669,9.901913,9.928648,8280
2024-01-10 13:07:00,9.928648,9.946695,9.916826,9.944590,4740
2024-01-10 13:08:00,9.944590,9.956930,9.928766,9.932666,7183
2024-01-10 13:09:00,9.932666,9.948122,9.912079,9.923699,1328
2024-01-10 13:10:00,9.923699,9.928841,9.888750,9.906151,1370
2024-01-10 13:11:00,9.906151,9.949728,9.890660,9.930958,2233
2024-01-10 13:12:00,9.930958,9.946228,9.923718,9.934681,2031
2024-01-10 13:13:00,9.934681,9.945751,9.930451,9.940543,6109
2024-01-10 13:14:00,9.940543,9.954170,9.905956,9.924168,6407
2024-01-10 13:15:00,9.924168,9.929623,9.906780,9.924154,5623
2024-01-10 13:16:00,9.924154,9.933519,9.921187,9.930376,2965
2024-01-10 13:17:00,9.930376,9.944712,9.910461,9.927288,5809
2024-01-10 13:18:00,9.927288,9.944423,9.923538,9.940431,1282
2024-01-10 13:19:00,9.940431,9.972589,9.937292,9.968677,4781
2024-01-10 13:20:00,9.968677,9.983996,9.941451,9.957106,1634
2024-01-10 13:21:00,9.957106,9.960100,9.932964,9.944618,859
2024-01-10 13:22:00,9.944618,9.961194,9.924431,9.933893,1739
2024-01-10 13:23:00,9.933893,9.969849,9.915624,9.953518,1200
2024-01-10 13:24:00,9.953518,9.970799,9.936411,9.966254,4830
2024-01-10 13:25:00,9.966254,9.977585,9.961561,9.964598,5503
2024-01-10 13:26:00,9.964598,9.968784,9.951508,9.965045,6113
2024-01-10 13:27:00,9.965045,9.978431,9.939167,9.955068,4453
2024-01-10 13:28:00,9.955068,9.969075,9.943159,9.965942,1846
2024-01-10 13:29:00,9.965942,9.984943,9.941607,9.961301,306
2024-01-10 13:30:00,9.961301,9.967040,9.943774,9.958123,7153
2024-01-10 13:31:00,9.958123,9.979853,9.954248,9.965561,9829
2024-01-10 13:32:00,9.965561,9.969871,9.957695,9.963264,2882
2024-01-10 13:33:00,9.963264,9.969037,9.943521,9.960394,2126
2024-01-10 13:34:00,9.960394,9.970640,9.940452,9.960523,3184
2024-01-10 13:35:00,9.960523,9.982556,9.956753,9.970241,2222
2024-01-10 13:36:00,9.970241,10.010337,9.966435,9.990358,2312
2024-01-10 13:37:00,9.990358,9.999978,9.974617,9.997511,4995
2024-01-10 13:38:00,9.997511,10.009332,9.994353,10.007327,7873
2024-01-10 13:39:00,10.007327,10.015633,10.001651,10.004885,7151
2024-01-10 13:40:00,10.004885,10.013475,9.978238,9.996237,9602
2024-01-10 13:41:00,9.996237,10.022136,9.979829,10.004227,3637
2024-01-10 13:42:00,10.004227,10.024746,9.986359,10.006319,4975
2024-01-10 13:43:00,10.006319,10.024169,9.975228,9.988937,3865
2024-01-10 13:44:00,9.988937,9.993515,9.977123,9.984929,516
2024-01-10 13:45:00,9.984929,9.994347,9.965602,9.983916,3946
2024-01-10 13:46:00,9.983916,9.999342,9.970302,9.977679,2679
2024-01-10 13:47:00,9.977679,10.003410,9.970720,9.995783,4839
2024-01-10 13:48:00,9.995783,10.015585,9.977828,10.001646,1664
2024-01-10 13:49:00,10.001646,10.024693,9.987391,10.018424,7442
2024-01-10 13:50:00,10.018424,10.029464,10.000302,10.021643,8443
2024-01-10 13:51:00,10.021643,10.040125,10.016836,10.022637,9612
2024-01-10 13:52:00,10.022637,10.029146,9.992052,10.011193,940
2024-01-10 13:53:00,10.011193,10.030697,9.998164,10.011339,1264
2024-01-10 13:54:00,10.011339,10.019011,9.997315,10.011499,9668
2024-01-10 13:55:00,10.011499,10.013922,9.976342,9.994795,8497
2024-01-10 13:56:00,9.994795,10.001383,9.979349,9.988203,5926
2024-01-10 13:57:00,9.988203,9.993285,9.969301,9.984253,3283
2024-01-10 13:58:00,9.984253,10.000428,9.970727,9.989305,5225
2024-01-10 13:59:00,9.989305,9.998971,9.973125,9.994942,5402
2024-01-10 14:00:00,9.994942,10.008211,9.969694,9.987839,8488
2024-01-10 14:01:00,9.987839,10.011316,9.973598,9.993568,5341
2024-01-10 14:02:00,9.993568,10.002093,9.988126,9.991343,372
2024-01-10 14:03:00,9.991343,9.996376,9.950985,9.956282,7025
2024-01-10 14:04:00,9.956282,9.965482,9.931188,9.950359,7793
2024-01-10 14:05:00,9.950359,9.979690,9.930924,9.963543,3050
2024-01-10 14:06:00,9.963543,9.976189,9.923581,9.942994,1254
2024-01-10 14:07:00,9.942994,9.948191,9.940332,9.944371,1507
2024-01-10 14:08:00,9.944371,9.975409,9.935487,9.963740,8423
2024-01-10 14:09:00,9.963740,9.974165,9.938772,9.954447,4530
2024-01-10 14:10:00,9.954447,9.962361,9.938895,9.954473,5338
2024-01-10 14:11:00,9.954473,9.958456,9.934994,9.938540,9610
2024-01-10 14:12:00,9.938540,9.978082,9.925569,9.958422,705
2024-01-10 14:13:00,9.958422,9.963591,9.952832,9.957404,2138
2024-01-10 14:14:00,9.957404,9.963443,9.946526,9.957973,8349
2024-01-10 14:15:00,9.957973,9.979141,9.951659,9.974521,5447
2024-01-10 14:16:00,9.974521,9.994866,9.971564,9.982603,370
2024-01-10 14:17:00,9.982603,9.992589,9.968464,9.971904,7058
2024-01-10 14:18:00,9.971904,9.978396,9.945599,9.963996,1469
2024-01-10 14:19:00,9.963996,9.979772,9.948592,9.970043,7843
2024-01-10 14:20:00,9.970043,9.984166,9.943644,9.962417,7998
2024-01-10 14:21:00,9.962417,9.969488,9.926088,9.936548,8261
2024-01-10 14:22:00,9.936548,9.955023,9.926458,9.935898,4702
2024-01-10 14:23:00,9.935898,9.943412,9.909361,9.917812,2751
2024-01-10 14:24:00,9.917812,9.943127,9.904718,9.937560,8825
2024-01-10 14:25:00,9.937560,9.958902,9.929232,9.939720,5631
2024-01-10 14:26:00,9.939720,9.956310,9.913228,9.928660,6390
2024-01-10 14:27:00,9.928660,9.936837,9.903701,9.920124,1451
2024-01-10 14:28:00,9.920124,9.937270,9.879274,9.897039,6272
2024-01-10 14:29:00,9.897039,9.908378,9.877235,9.883606,5842
2024-01-10 14:30:00,9.883606,9.904265,9.872119,9.896024,2993
2024-01-10 14:31:00,9.896024,9.940405,9.890002,9.923292,7691
2024-01-10 14:32:00,9.923292,9.947706,9.920616,9.932167,1423
2024-01-10 14:33:00,9.932167,9.939529,9.916302,9.931043,7221
2024-01-10 14:34:00,9.931043,9.943963,9.913883,9.925765,9615
2024-01-10 14:35:00,9.925765,9.934414,9.899048,9.914078,5715
2024-01-10 14:36:00,9.914078,9.941264,9.910501,9.939245,1137
2024-01-10 14:37:00,9.939245,9.958558,9.917019,9.936939,5577
2024-01-10 14:38:00,9.936939,9.974681,9.917040,9.962788,5337
2024-01-10 14:39:00,9.962788,9.992586,9.952418,9.979814,5566
2024-01-10 14:40:00,9.979814,9.992612,9.940956,9.958545,2798
2024-01-10 14:41:00,9.958545,9.970456,9.944024,9.950408,6298
2024-01-10 14:42:00,9.950408,9.957629,9.926957,9.942234,2714
2024-01-10 14:43:00,9.942234,9.961722,9.923432,9.941258,5622
2024-01-10 14:44:00,9.941258,9.954448,9.923857,9.940521,5986
2024-01-10 14:45:00,9.940521,9.991206,9.923909,9.977130,6494
2024-01-10 14:46:00,9.977130,9.987316,9.953634,9.963968,7999
2024-01-10 14:47:00,9.963968,9.973947,9.947208,9.966766,8837
2024-01-10 14:48:00,9.966766,9.977457,9.952333,9.974298,7794
2024-01-10 14:49:00,9.974298,9.982602,9.969895,9.974279,7979
2024-01-10 14:50:00,9.974279,9.980795,9.970224,9.975625,8701
2024-01-10 14:51:00,9.975625,9.989543,9.946965,9.962860,2500
2024-01-10 14:52:00,9.962860,9.981983,9.949601,9.964161,2999
2024-01-10 14:53:00,9.964161,9.977859,9.952812,9.970409,5377
2024-01-10 14:54:00,9.970409,9.982404,9.952078,9.974412,4710
2024-01-10 14:55:00,9.974412,9.995445,9.960539,9.981379,7051
2024-01-10 14:56:00,9.981379,10.003325,9.972248,9.998638,192
2024-01-10 14:57:00,9.998638,10.028816,9.989187,10.010086,1475
2024-01-10 14:58:00,10.010086,10.019507,9.997192,10.010957,7493
2024-01-10 14:59:00,10.010957,10.014779,9.980956,9.996640,8237
2024-01-10 15:00:00,9.996640,10.001785,9.977151,9.989309,3093
2024-01-11 09:31:00,10.144617,10.154323,10.114472,10.133514,5070
2024-01-11 09:32:00,10.133514,10.143174,10.113035,10.124652,5298
2024-01-11 09:33:00,10.124652,10.161219,10.119817,10.141387,2981
2024-01-11 09:34:00,10.141387,10.169824,10.131291,10.155102,5257
2024-01-11 09:35:00,10.155102,10.163910,10.149450,10.155445,9189
2024-01-11 09:36:00,10.155445,10.164132,10.132253,10.150058,3831
2024-01-11 09:37:00,10.150058,10.173507,10.135622,10.163752,1418
2024-01-11 09:38:00,10.163752,10.166413,10.143518,10.151660,6037
2024-01-11 09:39:00,10.151660,10.167933,10.140159,10.156432,7873
2024-01-11 09:40:00,10.156432,10.200703,10.142382,10.184099,9592
2024-01-11 09:41:00,10.184099,10.200489,10.168007,10.186599,5467
2024-01-11 09:42:00,10.186599,10.192170,10.173714,10.177157,7901
2024-01-11 09:43:00,10.177157,10.197257,10.174751,10.182152,2579
2024-01-11 09:44:00,10.182152,10.197103,10.172370,10.176431,4299
2024-01-11 09:45:00,10.176431,10.183156,10.150349,10.159459,4248
2024-01-11 09:46:00,10.159459,10.181205,10.149059,10.167993,3391
2024-01-11 09:47:00,10.167993,10.194598,10.163537,10.181601,7190
2024-01-11 09:48:00,10.181601,10.198718,10.168416,10.177817,8846
2024-01-11 09:49:00,10.177817,10.182266,10.163275,10.173224,3333
2024-01-11 09:50:00,10.173224,10.178731,10.157555,10.161519,1444
2024-01-11 09:51:00,10.161519,10.172266,10.141193,10.159693,8271
2024-01-11 09:52:00,10.159693,10.162488,10.140063,10.152847,8510
2024-01-11 09:53:00,10.152847,10.162328,10.131546,10.140539,9355
2024-01-11 09:54:00,10.140539,10.179762,10.129415,10.163574,2625
2024-01-11 09:55:00,10.163574,10.173930,10.155918,10.169253,7218
2024-01-11 09:56:00,10.169253,10.186500,10.151875,10.176221,7184
2024-01-11 09:57:00,10.176221,10.206791,10.163871,10.186975,7921
2024-01-11 09:58:00,10.186975,10.207468,10.176067,10.196361,8081
2024-01-11 09:59:00,10.196361,10.207331,10.172936,10.191332,9529
2024-01-11 10:00:00,10.191332,10.206708,10.174248,10.194650,4822
2024-01-11 10:01:00,10.194650,10.199998,10.174745,10.191375,851
2024-01-11 10:02:00,10.191375,10.201362,10.185314,10.196713,2003
2024-01-11 10:03:00,10.196713,10.215065,10.191956,10.200872,8877
2024-01-11 10:04:00,10.200872,10.209996,10.181792,10.196214,8463
2024-01-11 10:05:00,10.196214,10.203432,10.169596,10.180032,209
2024-01-11 10:06:00,10.180032,10.184377,10.165725,10.181812,3738
2024-01-11 10:07:00,10.181812,10.199041,10.163634,10.179325,2527
2024-01-11 10:08:00,10.179325,10.181907,10.148997,10.156313,3274
2024-01-11 10:09:00,10.156313,10.177992,10.149189,10.162493,6424
2024-01-11 10:10:00,10.162493,10.183120,10.151658,10.174244,5149
2024-01-11 10:11:00,10.174244,10.217800,10.167320,10.205023,4860
2024-01-11 10:12:00,10.205023,10.211482,10.186250,10.200261,4407
2024-01-11 10:13:00,10.200261,10.205058,10.178262,10.193703,6451
2024-01-11 10:14:00,10.193703,10.205304,10.169701,10.180198,6862
2024-01-11 10:15:00,10.180198,10.197259,10.165169,10.182737,530
2024-01-11 10:16:00,10.182737,10.190719,10.171550,10.185200,1458
2024-01-11 10:17:00,10.185200,10.195055,10.160492,10.175324,3477
2024-01-11 10:18:00,10.175324,10.185328,10.167145,10.173194,4413
2024-01-11 10:19:00,10.173194,10.179082,10.133808,10.149107,9962
2024-01-11 10:20:00,10.149107,10.172555,10.134235,10.160384,8927
2024-01-11 10:21:00,10.160384,10.165011,10.144204,10.151003,6522
2024-01-11 10:22:00,10.151003,10.162178,10.138573,10.150581,457
2024-01-11 10:23:00,10.150581,10.154622,10.115817,10.133213,1096
2024-01-11 10:24:00,10.133213,10.143952,10.119632,10.126123,4627
2024-01-11 10:25:00,10.126123,10.133732,10.107472,10.122720,5911
2024-01-11 10:26:00,10.122720,10.132860,10.103411,10.122582,6639
2024-01-11 10:27:00,10.122582,10.138230,10.104990,10.128422,1505
2024-01-11 10:28:00,10.128422,10.164284,10.119195,10.145941,8888
2024-01-11 10:29:00,10.145941,10.165680,10.133011,10.154861,4982
2024-01-11 10:30:00,10.154861,10.183307,10.135009,10.166574,5978
2024-01-11 10:31:00,10.166574,10.190240,10.154342,10.184178,489
2024-01-11 10:32:00,10.184178,10.199451,10.180107,10.191113,8262
2024-01-11 10:33:00,10.191113,10.194465,10.187849,10.190666,5476
2024-01-11 10:34:00,10.190666,10.212524,10.174441,10.202951,2304
2024-01-11 10:35:00,10.202951,10.230050,10.193326,10.216013,3256
2024-01-11 10:36:00,10.216013,10.240996,10.209571,10.223909,3592
2024-01-11 10:37:00,10.223909,10.236095,10.197942,10.206201,367
2024-01-11 10:38:00,10.206201,10.219722,10.180324,10.195957,9427
2024-01-11 10:39:00,10.195957,10.201148,10.182237,10.192611,8049
2024-01-11 10:40:00,10.192611,10.204771,10.174978,10.202102,8871
2024-01-11 10:41:00,10.202102,10.218352,10.186613,10.201842,3601
2024-01-11 10:42:00,10.201842,10.220688,10.182310,10.215682,5623
2024-01-11 10:43:00,10.215682,10.235334,10.197689,10.231693,4636
2024-01-11 10:44:00,10.231693,10.265167,10.225111,10.246291,4807
2024-01-11 10:45:00,10.246291,10.280310,10.232428,10.260967,5930
2024-01-11 10:46:00,10.260967,10.274059,10.245973,10.248343,4565
2024-01-11 10:47:00,10.248343,10.263034,10.228503,10.254218,7755
2024-01-11 10:48:00,10.254218,10.271216,10.240124,10.246822,682
2024-01-11 10:49:00,10.246822,10.252507,10.212781,10.226747,2007
2024-01-11 10:50:00,10.226747,10.236476,10.205963,10.223248,8934
2024-01-11 10:51:00,10.223248,10.247801,10.218359,10.239375,8835
2024-01-11 10:52:00,10.239375,10.263412,10.222113,10.244983,8199
2024-01-11 10:53:00,10.244983,10.288103,10.242763,10.269547,3750
2024-01-11 10:54:00,10.269547,10.285421,10.259592,10.271705,4616
2024-01-11 10:55:00,10.271705,10.305497,10.261208,10.301503,350
2024-01-11 10:56:00,10.301503,10.314344,10.292770,10.303664,2866
2024-01-11 10:57:00,10.303664,10.310354,10.291109,10.303938,7291
2024-01-11 10:58:00,10.303938,10.321866,10.269896,10.288363,3494
2024-01-11 10:59:00,10.288363,10.306374,10.280477,10.301883,4854
2024-01-11 11:00:00,10.301883,10.304860,10.283343,10.295770,1319
2024-01-11 11:01:00,10.295770,10.310450,10.270099,10.287893,5014
2024-01-11 11:02:00,10.287893,10.313649,10.271979,10.303490,7245
2024-01-11 11:03:00,10.303490,10.334681,10.300757,10.317590,5764
2024-01-11 11:04:00,10.317590,10.334714,10.298620,10.331371,5611
2024-01-11 11:05:00,10.331371,10.347790,10.324122,10.326962,9154
2024-01-11 11:06:00,10.326962,10.329634,10.313744,10.326341,2417
2024-01-11 11:07:00,10.326341,10.328847,10.313256,10.325613,3064
2024-01-11 11:08:00,10.325613,10.345442,10.309458,10.335139,6267
2024-01-11 11:09:00,10.335139,10.360034,10.330467,10.354051,4853
2024-01-11 11:10:00,10.354051,10.371220,10.348822,10.358533,9794
2024-01-11 11:11:00,10.358533,10.385039,10.342995,10.382574,690
2024-01-11 11:12:00,10.382574,10.396133,10.377883,10.393496,1311
2024-01-11 11:13:00,10.393496,10.408585,10.380188,10.390638,3485
2024-01-11 11:14:00,10.390638,10.406509,10.375468,10.400726,4639
2024-01-11 11:15:00,10.400726,10.435309,10.387004,10.421494,8915
2024-01-11 11:16:00,10.421494,10.461318,10.415703,10.445820,4992
2024-01-11 11:17:00,10.445820,10.463336,10.438349,10.460268,4427
2024-01-11 11:18:00,10.460268,10.476437,10.440827,10.460581,1751
2024-01-11 11:19:00,10.460581,10.467413,10.447867,10.457943,4399
2024-01-11 11:20:00,10.457943,10.473968,10.455143,10.464956,5362
2024-01-11 11:21:00,10.464956,10.488894,10.459003,10.485334,5879
2024-01-11 11:22:00,10.485334,10.507710,10.477170,10.490615,6099
2024-01-11 11:23:00,10.490615,10.508241,10.470624,10.496148,4353
2024-01-11 11:24:00,10.496148,10.507858,10.488699,10.496774,1657
2024-01-11 11:25:00,10.496774,10.516208,10.490307,10.492782,1612
2024-01-11 11:26:00,10.492782,10.500803,10.479576,10.490808,1631
2024-01-11 11:27:00,10.490808,10.510491,10.487303,10.492457,6224
2024-01-11 11:28:00,10.492457,10.528327,10.485524,10.513372,8577
2024-01-11 11:29:00,10.513372,10.532086,10.490591,10.510454,8842
2024-01-11 11:30:00,10.510454,10.529435,10.495771,10.511095,3182
2024-01-11 13:01:00,10.511095,10.530933,10.497648,10.500560,888
2024-01-11 13:02:00,10.500560,10.513654,10.490483,10.509284,6340
2024-01-11 13:03:00,10.509284,10.542249,10.504194,10.525921,479
2024-01-11 13:04:00,10.525921,10.562178,10.521708,10.545697,6305
2024-01-11 13:05:00,10.545697,10.561771,10.533130,10.548173,3892
2024-01-11 13:06:00,10.548173,10.562184,10.537071,10.555165,8407
2024-01-11 13:07:00,10.555165,10.574537,10.537924,10.553295,6291
2024-01-11 13:08:00,10.553295,10.565403,10.535234,10.559723,7424
2024-01-11 13:09:00,10.559723,10.574538,10.553283,10.563545,4116
2024-01-11 13:10:00,10.563545,10.575641,10.544931,10.564254,8421
2024-01-11 13:11:00,10.564254,10.570844,10.552931,10.565931,5298
2024-01-11 13:12:00,10.565931,10.586438,10.559272,10.571433,6289
2024-01-11 13:13:00,10.571433,10.575033,10.550628,10.567852,3670
2024-01-11 13:14:00,10.567852,10.582328,10.562260,10.564900,4549
2024-01-11 13:15:00,10.564900,10.602960,10.552829,10.585685,8417
2024-01-11 13:16:00,10.585685,10.626971,10.570695,10.618682,3996
2024-01-11 13:17:00,10.618682,10.633451,10.596981,10.604020,311
2024-01-11 13:18:00,10.604020,10.608842,10.571145,10.588688,3852
2024-01-11 13:19:00,10.588688,10.605915,10.570711,10.577036,3980
2024-01-11 13:20:00,10.577036,10.596173,10.558661,10.575779,4242
2024-01-11 13:21:00,10.575779,10.591432,10.572365,10.586683,799
2024-01-11 13:22:00,10.586683,10.608335,10.581805,10.593881,1380
2024-01-11 13:23:00,10.593881,10.607080,10.585023,10.595975,3307
2024-01-11 13:24:00,10.595975,10.613981,10.578602,10.602414,4297
2024-01-11 13:25:00,10.602414,10.617131,10.589387,10.593989,387
2024-01-11 13:26:00,10.593989,10.604787,10.573259,10.591017,3955
2024-01-11 13:27:00,10.591017,10.603823,10.584638,10.590773,3269
2024-01-11 13:28:00,10.590773,10.596929,10.561342,10.571487,442
2024-01-11 13:29:00,10.571487,10.580300,10.549001,10.557350,2579
2024-01-11 13:30:00,10.557350,10.574924,10.539570,10.543697,2823
2024-01-11 13:31:00,10.543697,10.556977,10.524699,10.552998,1520
2024-01-11 13:32:00,10.552998,10.568742,10.543111,10.555985,7543
2024-01-11 13:33:00,10.555985,10.568741,10.541559,10.563424,816
2024-01-11 13:34:00,10.563424,10.580662,10.528674,10.541029,5821
2024-01-11 13:35:00,10.541029,10.553452,10.511938,10.522969,6686
2024-01-11 13:36:00,10.522969,10.540297,10.509870,10.531042,8081
2024-01-11 13:37:00,10.531042,10.537539,10.479046,10.497216,5501
2024-01-11 13:38:00,10.497216,10.521987,10.482629,10.512124,5472
2024-01-11 13:39:00,10.512124,10.531361,10.478343,10.489928,7631
2024-01-11 13:40:00,10.489928,10.511360,10.476315,10.500194,8555
2024-01-11 13:41:00,10.500194,10.510645,10.476462,10.489377,2188
2024-01-11 13:42:00,10.489377,10.517579,10.479581,10.502146,7981
2024-01-11 13:43:00,10.502146,10.550024,10.488900,10.541201,4677
2024-01-11 13:44:00,10.541201,10.550894,10.503544,10.513528,1073
2024-01-11 13:45:00,10.513528,10.530058,10.497891,10.521993,6163
2024-01-11 13:46:00,10.521993,10.526710,10.480541,10.499982,9772
2024-01-11 13:47:00,10.499982,10.520025,10.480704,10.505177,1492
2024-01-11 13:48:00,10.505177,10.522891,10.485887,10.502660,245
2024-01-11 13:49:00,10.502660,10.522540,10.489828,10.504240,9173
2024-01-11 13:50:00,10.504240,10.522094,10.477653,10.493141,6008
2024-01-11 13:51:00,10.493141,10.512775,10.487936,10.502643,2269
2024-01-11 13:52:00,10.502643,10.509756,10.474389,10.485012,7945
2024-01-11 13:53:00,10.485012,10.513609,10.478380,10.500127,3997
2024-01-11 13:54:00,10.500127,10.519311,10.493082,10.495145,3385
2024-01-11 13:55:00,10.495145,10.510232,10.458668,10.478069,2969
2024-01-11 13:56:00,10.478069,10.508392,10.460520,10.497485,6025
2024-01-11 13:57:00,10.497485,10.511884,10.485419,10.496665,1431
2024-01-11 13:58:00,10.496665,10.535794,10.490090,10.519888,3685
2024-01-11 13:59:00,10.519888,10.553303,10.505414,10.534756,3120
2024-01-11 14:00:00,10.534756,10.550494,10.515213,10.525040,700
2024-01-11 14:01:00,10.525040,10.534837,10.507545,10.524005,7655
2024-01-11 14:02:00,10.524005,10.532404,10.504014,10.525479,183
2024-01-11 14:03:00,10.525479,10.555057,10.517195,10.544059,9601
2024-01-11 14:04:00,10.544059,10.557293,10.537660,10.549385,1039
2024-01-11 14:05:00,10.549385,10.570501,10.542572,10.551531,3646
2024-01-11 14:06:00,10.551531,10.562675,10.545418,10.549098,1074
2024-01-11 14:07:00,10.549098,10.559595,10.539390,10.548483,3732
2024-01-11 14:08:00,10.548483,10.572632,10.546169,10.564364,6147
2024-01-11 14:09:00,10.564364,10.577919,10.560305,10.564409,966
2024-01-11 14:10:00,10.564409,10.575770,10.552710,10.559601,5306
2024-01-11 14:11:00,10.559601,10.563924,10.547851,10.552729,7741
2024-01-11 14:12:00,10.552729,10.570374,10.530809,10.545987,4609
2024-01-11 14:13:00,10.545987,10.554450,10.525018,10.528919,1213
2024-01-11 14:14:00,10.528919,10.538705,10.502196,10.519784,6950
2024-01-11 14:15:00,10.519784,10.543727,10.513804,10.538025,1946
2024-01-11 14:16:00,10.538025,10.549987,10.531556,10.535510,266
2024-01-11 14:17:00,10.535510,10.558722,10.533328,10.544085,4424
2024-01-11 14:18:00,10.544085,10.561946,10.499037,10.513910,2782
2024-01-11 14:19:00,10.513910,10.523758,10.507291,10.520829,381
2024-01-11 14:20:00,10.520829,10.540349,10.507693,10.518864,7796
2024-01-11 14:21:00,10.518864,10.533533,10.508994,10.513004,6037
2024-01-11 14:22:00,10.513004,10.522324,10.493268,10.515206,9108
2024-01-11 14:23:00,10.515206,10.520887,10.504914,10.509171,4855
2024-01-11 14:24:00,10.509171,10.516500,10.473901,10.483315,4439
2024-01-11 14:25:00,10.483315,10.512306,10.465986,10.494542,8442
2024-01-11 14:26:00,10.494542,10.504746,10.488135,10.497501,906
2024-01-11 14:27:00,10.497501,10.507832,10.486874,10.493679,3680
2024-01-11 14:28:00,10.493679,10.508382,10.465364,10.481917,8007
2024-01-11 14:29:00,10.481917,10.499613,10.457104,10.464024,2996
2024-01-11 14:30:00,10.464024,10.480604,10.461972,10.466749,8863
2024-01-11 14:31:00,10.466749,10.501947,10.457047,10.486391,2911
2024-01-11 14:32:00,10.486391,10.493984,10.484165,10.488864,4195
2024-01-11 14:33:00,10.488864,10.506657,10.453655,10.472031,8983
2024-01-11 14:34:00,10.472031,10.481734,10.458478,10.474771,2509
2024-01-11 14:35:00,10.474771,10.479082,10.461628,10.474122,9684
2024-01-11 14:36:00,10.474122,10.504213,10.468493,10.484640,535
2024-01-11 14:37:00,10.484640,10.497656,10.470041,10.492026,2731
2024-01-11 14:38:00,10.492026,10.496486,10.441488,10.455678,5951
2024-01-11 14:39:00,10.455678,10.475584,10.452590,10.462316,5981
2024-01-11 14:40:00,10.462316,10.470055,10.432245,10.450100,9107
2024-01-11 14:41:00,10.450100,10.454500,10.420363,10.432793,9602
2024-01-11 14:42:00,10.432793,10.445613,10.414234,10.430498,6811
2024-01-11 14:43:00,10.430498,10.451163,10.423766,10.435501,6631
2024-01-11 14:44:00,10.435501,10.451779,10.411331,10.415528,3240
2024-01-11 14:45:00,10.415528,10.428904,10.400884,10.424105,8075
2024-01-11 14:46:00,10.424105,10.445421,10.407815,10.433397,6464
2024-01-11 14:47:00,10.433397,10.450615,10.424449,10.433969,338
2024-01-11 14:48:00,10.433969,10.438869,10.420981,10.423407,8337
2024-01-11 14:49:00,10.423407,10.429145,10.394756,10.411485,3660
2024-01-11 14:50:00,10.411485,10.426017,10.405775,10.423974,4810
2024-01-11 14:51:00,10.423974,10.435417,10.397474,10.405577,4912
2024-01-11 14:52:00,10.405577,10.424040,10.392269,10.418535,8215
2024-01-11 14:53:00,10.418535,10.433572,10.412725,10.416524,2752
2024-01-11 14:54:00,10.416524,10.435844,10.412062,10.415358,3979
2024-01-11 14:55:00,10.415358,10.421115,10.392101,10.394564,487
2024-01-11 14:56:00,10.394564,10.408248,10.374279,10.392778,3550
2024-01-11 14:57:00,10.392778,10.406061,10.385173,10.400248,974
2024-01-11 14:58:00,10.400248,10.402572,10.370087,10.383979,5871
2024-01-11 14:59:00,10.383979,10.405703,10.364173,10.390049,8942
2024-01-11 15:00:00,10.390049,10.400945,10.375999,10.391133,4700
2024-01-12 09:31:00,10.091455,10.093939,10.060364,10.075175,5472
2024-01-12 09:32:00,10.075175,10.087136,10.070494,10.073411,6651
2024-01-12 09:33:00,10.073411,10.093172,10.054797,10.072709,4752
2024-01-12 09:34:00,10.072709,10.099897,10.055829,10.080261,338
2024-01-12 09:35:00,10.080261,10.088332,10.060810,10.072650,843
2024-01-12 09:36:00,10.072650,10.083339,10.039974,10.042377,5065
2024-01-12 09:37:00,10.042377,10.046185,10.017154,10.029278,5742
2024-01-12 09:38:00,10.029278,10.040677,10.025556,10.028539,7350
2024-01-12 09:39:00,10.028539,10.042107,10.020772,10.029312,5764
2024-01-12 09:40:00,10.029312,10.056221,10.015992,10.049702,1963
2024-01-12 09:41:00,10.049702,10.069777,10.031270,10.056759,3731
2024-01-12 09:42:00,10.056759,10.075941,10.048319,10.057746,4493
2024-01-12 09:43:00,10.057746,10.059763,10.039874,10.057354,9841
2024-01-12 09:44:00,10.057354,10.076846,10.038823,10.070725,5372
2024-01-12 09:45:00,10.070725,10.076504,10.061200,10.063579,6386
2024-01-12 09:46:00,10.063579,10.067809,10.055571,10.061880,7382
2024-01-12 09:47:00,10.061880,10.066870,10.033912,10.048690,3686
2024-01-12 09:48:00,10.048690,10.079139,10.033067,10.065872,9648
2024-01-12 09:49:00,10.065872,10.074474,10.056809,10.070625,6781
2024-01-12 09:50:00,10.070625,10.085919,10.048236,10.062058,8497
2024-01-12 09:51:00,10.062058,10.080024,10.047653,10.060671,7517
2024-01-12 09:52:00,10.060671,10.085522,10.045356,10.066843,6253
2024-01-12 09:53:00,10.066843,10.080726,10.048871,10.063807,405
2024-01-12 09:54:00,10.063807,10.069360,10.053789,10.057335,5878
2024-01-12 09:55:00,10.057335,10.060870,10.044563,10.049412,1382
2024-01-12 09:56:00,10.049412,10.059693,10.045023,10.053516,6071
2024-01-12 09:57:00,10.053516,10.072832,10.030396,10.049180,7043
2024-01-12 09:58:00,10.049180,10.068503,10.025242,10.043686,5497
2024-01-12 09:59:00,10.043686,10.052560,10.011153,10.027506,3153
2024-01-12 10:00:00,10.027506,10.036311,10.023405,10.028446,687
2024-01-12 10:01:00,10.028446,10.039627,10.013915,10.026252,6743
2024-01-12 10:02:00,10.026252,10.033502,10.016987,10.022357,7013
2024-01-12 10:03:00,10.022357,10.044398,10.013726,10.024764,4831
2024-01-12 10:04:00,10.024764,10.039804,10.017956,10.033822,7191
2024-01-12 10:05:00,10.033822,10.050962,10.016901,10.042318,7813
2024-01-12 10:06:00,10.042318,10.058740,10.037718,10.049011,5173
2024-01-12 10:07:00,10.049011,10.053262,10.032465,10.046097,571
2024-01-12 10:08:00,10.046097,10.054988,10.019520,10.039230,8716
2024-01-12 10:09:00,10.039230,10.056652,10.012222,10.026589,4720
2024-01-12 10:10:00,10.026589,10.031115,10.015980,10.019406,6757
2024-01-12 10:11:00,10.019406,10.032156,10.001065,10.019644,9118
2024-01-12 10:12:00,10.019644,10.028963,9.996547,10.010122,3690
2024-01-12 10:13:00,10.010122,10.016355,9.999909,10.011285,6257
2024-01-12 10:14:00,10.011285,10.013507,9.985720,9.999594,294
2024-01-12 10:15:00,9.999594,10.006514,9.961657,9.979480,8861
2024-01-12 10:16:00,9.979480,9.992516,9.968892,9.989403,685
2024-01-12 10:17:00,9.989403,9.998184,9.972094,9.983658,5457
2024-01-12 10:18:00,9.983658,10.000241,9.963377,9.973521,3582
2024-01-12 10:19:00,9.973521,9.988476,9.956968,9.960275,454
2024-01-12 10:20:00,9.960275,9.984451,9.944108,9.965398,4674
2024-01-12 10:21:00,9.965398,9.991734,9.961123,9.982048,9362
2024-01-12 10:22:00,9.982048,9.996788,9.968064,9.977167,1752
2024-01-12 10:23:00,9.977167,9.991143,9.965593,9.974556,2993
2024-01-12 10:24:00,9.974556,9.993440,9.967515,9.987533,1974
2024-01-12 10:25:00,9.987533,9.994998,9.956364,9.965609,1337
2024-01-12 10:26:00,9.965609,10.000965,9.952485,9.989428,2379
2024-01-12 10:27:00,9.989428,10.035365,9.981823,10.019025,5761
2024-01-12 10:28:00,10.019025,10.029338,9.981147,9.986252,7827
2024-01-12 10:29:00,9.986252,9.992351,9.967423,9.985071,6934
2024-01-12 10:30:00,9.985071,10.004954,9.956890,9.976365,7735
2024-01-12 10:31:00,9.976365,9.980445,9.962904,9.973159,7184
2024-01-12 10:32:00,9.973159,9.992365,9.960206,9.968092,3891
2024-01-12 10:33:00,9.968092,9.994485,9.965237,9.977922,9012
2024-01-12 10:34:00,9.977922,9.995022,9.973896,9.976559,1806
2024-01-12 10:35:00,9.976559,9.992868,9.956456,9.965528,7027
2024-01-12 10:36:00,9.965528,9.971275,9.944699,9.963443,1197
2024-01-12 10:37:00,9.963443,9.983064,9.948290,9.969677,7679
2024-01-12 10:38:00,9.969677,9.985299,9.947056,9.955343,962
2024-01-12 10:39:00,9.955343,9.970765,9.915982,9.935407,2240
2024-01-12 10:40:00,9.935407,9.966427,9.925689,9.959539,3973
2024-01-12 10:41:00,9.959539,9.964799,9.944777,9.951759,6975
2024-01-12 10:42:00,9.951759,9.959665,9.940421,9.950096,550
2024-01-12 10:43:00,9.950096,9.960733,9.939471,9.945279,2647
2024-01-12 10:44:00,9.945279,9.964244,9.927337,9.951916,3402
2024-01-12 10:45:00,9.951916,9.990449,9.943415,9.973384,7337
2024-01-12 10:46:00,9.973384,9.996249,9.959540,9.980407,9619
2024-01-12 10:47:00,9.980407,9.994577,9.953017,9.962020,6180
2024-01-12 10:48:00,9.962020,9.968762,9.927027,9.945258,5124
2024-01-12 10:49:00,9.945258,9.955878,9.926864,9.940427,3429
2024-01-12 10:50:00,9.940427,9.948465,9.926390,9.937179,8244
2024-01-12 10:51:00,9.937179,9.943407,9.911948,9.916326,1161
2024-01-12 10:52:00,9.916326,9.928433,9.898092,9.926248,1379
2024-01-12 10:53:00,9.926248,9.934359,9.901250,9.913093,2091
2024-01-12 10:54:00,9.913093,9.937787,9.905962,9.931177,2753
2024-01-12 10:55:00,9.931177,9.965518,9.913374,9.953224,4669
2024-01-12 10:56:00,9.953224,9.956345,9.947238,9.950218,9470
2024-01-12 10:57:00,9.950218,9.962403,9.942564,9.955534,6538
2024-01-12 10:58:00,9.955534,9.958339,9.928952,9.940615,3897
2024-01-12 10:59:00,9.940615,9.961713,9.932498,9.948168,2194
2024-01-12 11:00:00,9.948168,9.960395,9.931553,9.942135,6519
2024-01-12 11:01:00,9.942135,9.950209,9.922211,9.928968,2606
2024-01-12 11:02:00,9.928968,9.933621,9.921123,9.925465,9763
2024-01-12 11:03:00,9.925465,9.944707,9.917161,9.919825,4829
2024-01-12 11:04:00,9.919825,9.932344,9.911049,9.915887,5552
2024-01-12 11:05:00,9.915887,9.941611,9.896734,9.927387,9044
2024-01-12 11:06:00,9.927387,9.938952,9.905520,9.917878,3122
2024-01-12 11:07:00,9.917878,9.955406,9.907076,9.938888,4770
2024-01-12 11:08:00,9.938888,9.957023,9.913924,9.922842,5366
2024-01-12 11:09:00,9.922842,9.951293,9.908091,9.942405,2783
2024-01-12 11:10:00,9.942405,9.956825,9.925552,9.930095,640
2024-01-12 11:11:00,9.930095,9.936233,9.923112,9.930083,2909
2024-01-12 11:12:00,9.930083,9.943816,9.910340,9.924146,1212
2024-01-12 11:13:00,9.924146,9.933331,9.909361,9.919984,6789
2024-01-12 11:14:00,9.919984,9.931810,9.904122,9.929688,170
2024-01-12 11:15:00,9.929688,9.967050,9.911540,9.947851,3233
2024-01-12 11:16:00,9.947851,9.979900,9.931030,9.962268,8853
2024-01-12 11:17:00,9.962268,9.969503,9.952049,9.957365,5729
2024-01-12 11:18:00,9.957365,9.979556,9.953718,9.959596,6745
2024-01-12 11:19:00,9.959596,9.967305,9.945076,9.950125,6718
2024-01-12 11:20:00,9.950125,9.960385,9.922014,9.938118,3053
2024-01-12 11:21:00,9.938118,9.955441,9.905788,9.924237,6359
2024-01-12 11:22:00,9.924237,9.931719,9.900280,9.918938,2289
2024-01-12 11:23:00,9.918938,9.932070,9.911570,9.921960,6391
2024-01-12 11:24:00,9.921960,9.935941,9.881683,9.898809,6862
2024-01-12 11:25:00,9.898809,9.903157,9.886595,9.898247,8773
2024-01-12 11:26:00,9.898247,9.926208,9.881437,9.916606,9203
2024-01-12 11:27:00,9.916606,9.937762,9.904736,9.930192,337
2024-01-12 11:28:00,9.930192,9.944374,9.918480,9.923106,3061
2024-01-12 11:29:00,9.923106,9.927553,9.902764,9.906190,5516
2024-01-12 11:30:00,9.906190,9.917948,9.886960,9.911758,3283
2024-01-12 13:01:00,9.911758,9.926563,9.874031,9.883695,6223
2024-01-12 13:02:00,9.883695,9.901951,9.875386,9.897139,8556
2024-01-12 13:03:00,9.897139,9.906735,9.886139,9.894552,2654
2024-01-12 13:04:00,9.894552,9.931561,9.885731,9.916729,8944
2024-01-12 13:05:00,9.916729,9.932507,9.876806,9.895816,8831
2024-01-12 13:06:00,9.895816,9.910642,9.892687,9.906934,9148
2024-01-12 13:07:00,9.906934,9.924270,9.901574,9.905717,828
2024-01-12 13:08:00,9.905717,9.920749,9.885494,9.901708,3002
2024-01-12 13:09:00,9.901708,9.909815,9.873230,9.885120,1328
2024-01-12 13:10:00,9.885120,9.908082,9.880806,9.892334,1291
2024-01-12 13:11:00,9.892334,9.915631,9.889714,9.900522,626
2024-01-12 13:12:00,9.900522,9.934955,9.894486,9.922139,4455
2024-01-12 13:13:00,9.922139,9.946399,9.915445,9.934346,963
2024-01-12 13:14:00,9.934346,9.949571,9.924899,9.927155,3028
2024-01-12 13:15:00,9.927155,9.947141,9.909108,9.914998,9815
2024-01-12 13:16:00,9.914998,9.927412,9.883136,9.898426,8850
2024-01-12 13:17:00,9.898426,9.932823,9.881028,9.916266,9377
2024-01-12 13:18:00,9.916266,9.931663,9.888675,9.906843,462
2024-01-12 13:19:00,9.906843,9.942173,9.897824,9.924768,6643
2024-01-12 13:20:00,9.924768,9.950308,9.917019,9.931127,6375
2024-01-12 13:21:00,9.931127,9.940597,9.911129,9.935122,1414
2024-01-12 13:22:00,9.935122,9.940100,9.915557,9.931405,9071
2024-01-12 13:23:00,9.931405,9.951960,9.919733,9.939406,4103
2024-01-12 13:24:00,9.939406,9.949493,9.932633,9.939219,9769
2024-01-12 13:25:00,9.939219,9.951492,9.926964,9.934748,1228
2024-01-12 13:26:00,9.934748,9.959541,9.923471,9.943176,6536
2024-01-12 13:27:00,9.943176,9.961947,9.929675,9.941433,1394
2024-01-12 13:28:00,9.941433,9.950946,9.929519,9.931765,9504
2024-01-12 13:29:00,9.931765,9.953952,9.912496,9.939029,6115
2024-01-12 13:30:00,9.939029,9.944571,9.925893,9.938254,849
2024-01-12 13:31:00,9.938254,9.955796,9.925649,9.944174,2226
2024-01-12 13:32:00,9.944174,9.946567,9.932872,9.938678,3656
2024-01-12 13:33:00,9.938678,9.949746,9.908266,9.924036,227
2024-01-12 13:34:00,9.924036,9.956864,9.908765,9.945047,186
2024-01-12 13:35:00,9.945047,9.979015,9.941335,9.963777,9262
2024-01-12 13:36:00,9.963777,9.988170,9.951067,9.974479,9813
2024-01-12 13:37:00,9.974479,9.982930,9.955935,9.969783,5408
2024-01-12 13:38:00,9.969783,9.971886,9.949106,9.966146,9036
2024-01-12 13:39:00,9.966146,9.986964,9.960436,9.982886,6586
2024-01-12 13:40:00,9.982886,10.002401,9.960803,9.978601,377
2024-01-12 13:41:00,9.978601,9.997203,9.960634,9.970941,7173
2024-01-12 13:42:00,9.970941,10.001465,9.967203,9.993613,279
2024-01-12 13:43:00,9.993613,10.000272,9.989134,9.993036,8183
2024-01-12 13:44:00,9.993036,10.024306,9.987475,10.014451,3732
2024-01-12 13:45:00,10.014451,10.028870,9.990427,9.997517,1498
2024-01-12 13:46:00,9.997517,10.012215,9.986581,10.003792,2659
2024-01-12 13:47:00,10.003792,10.032083,9.988314,10.028872,6865
2024-01-12 13:48:00,10.028872,10.038483,10.023511,10.029232,8484
2024-01-12 13:49:00,10.029232,10.035923,10.006167,10.026035,5750
2024-01-12 13:50:00,10.026035,10.033884,10.006987,10.011894,1688
2024-01-12 13:51:00,10.011894,10.029934,9.999105,10.025001,9011
2024-01-12 13:52:00,10.025001,10.038860,9.996954,10.015675,7927
2024-01-12 13:53:00,10.015675,10.027154,9.997542,10.014527,4157
2024-01-12 13:54:00,10.014527,10.021402,9.985915,9.999577,5589
2024-01-12 13:55:00,9.999577,10.030400,9.984698,10.018431,9642
2024-01-12 13:56:00,10.018431,10.043285,10.014015,10.032416,3836
2024-01-12 13:57:00,10.032416,10.048744,10.029860,10.032034,355
2024-01-12 13:58:00,10.032034,10.051241,10.008243,10.018057,1542
2024-01-12 13:59:00,10.018057,10.041009,10.014446,10.036657,6043
2024-01-12 14:00:00,10.036657,10.054567,10.023786,10.032225,9977
2024-01-12 14:01:00,10.032225,10.046912,10.012814,10.018842,7425
2024-01-12 14:02:00,10.018842,10.033308,9.979009,9.997503,6218
2024-01-12 14:03:00,9.997503,10.006240,9.971839,9.989680,3297
2024-01-12 14:04:00,9.989680,9.997871,9.955324,9.972065,4449
2024-01-12 14:05:00,9.972065,9.974167,9.949672,9.964523,479
2024-01-12 14:06:00,9.964523,9.993217,9.959750,9.973537,3774
2024-01-12 14:07:00,9.973537,9.986455,9.966121,9.968991,6272
2024-01-12 14:08:00,9.968991,9.982541,9.955221,9.973299,9066
2024-01-12 14:09:00,9.973299,9.985087,9.950979,9.964539,9231
2024-01-12 14:10:00,9.964539,9.968058,9.955890,9.965329,8229
2024-01-12 14:11:00,9.965329,9.993716,9.954820,9.988590,312
2024-01-12 14:12:00,9.988590,10.001811,9.973565,9.984370,8130
2024-01-12 14:13:00,9.984370,10.000282,9.978051,9.989025,2264
2024-01-12 14:14:00,9.989025,10.005193,9.962412,9.970067,6200
2024-01-12 14:15:00,9.970067,10.002333,9.960536,9.988475,9469
2024-01-12 14:16:00,9.988475,10.001301,9.969839,9.982697,8890
2024-01-12 14:17:00,9.982697,10.012093,9.963492,9.995418,6677
2024-01-12 14:18:00,9.995418,9.998647,9.982234,9.993927,3062
2024-01-12 14:19:00,9.993927,10.015769,9.978766,10.001333,5256
2024-01-12 14:20:00,10.001333,10.024339,9.984807,10.009458,7066
2024-01-12 14:21:00,10.009458,10.016411,9.999936,10.003980,5190
2024-01-12 14:22:00,10.003980,10.022724,9.990223,10.017202,4104
2024-01-12 14:23:00,10.017202,10.023052,9.997333,10.008011,4088
2024-01-12 14:24:00,10.008011,10.022998,9.995707,10.017432,6039
2024-01-12 14:25:00,10.017432,10.028860,10.010015,10.012706,454
2024-01-12 14:26:00,10.012706,10.021381,9.994395,10.016939,9981
2024-01-12 14:27:00,10.016939,10.030807,9.992195,10.011345,1110
2024-01-12 14:28:00,10.011345,10.015841,10.009282,10.011950,9846
2024-01-12 14:29:00,10.011950,10.014434,9.993106,9.998936,450
2024-01-12 14:30:00,9.998936,10.009681,9.993692,10.001934,5174
2024-01-12 14:31:00,10.001934,10.007922,9.985870,10.002469,4234
2024-01-12 14:32:00,10.002469,10.022265,9.983162,9.995928,5781
2024-01-12 14:33:00,9.995928,10.003382,9.990069,9.995261,4392
2024-01-12 14:34:00,9.995261,10.002881,9.978610,9.996884,8983
2024-01-12 14:35:00,9.996884,10.002426,9.981058,9.989420,264
2024-01-12 14:36:00,9.989420,9.998149,9.977565,9.987861,9857
2024-01-12 14:37:00,9.987861,10.000766,9.966712,9.975684,6925
2024-01-12 14:38:00,9.975684,10.020165,9.964299,10.004090,7808
2024-01-12 14:39:00,10.004090,10.025478,9.993448,10.016916,1484
2024-01-12 14:40:00,10.016916,10.033490,10.009973,10.020223,745
2024-01-12 14:41:00,10.020223,10.045094,10.010581,10.034417,4030
2024-01-12 14:42:00,10.034417,10.051654,9.992099,10.010449,3294
2024-01-12 14:43:00,10.010449,10.022691,9.968424,9.979476,7851
2024-01-12 14:44:00,9.979476,9.986694,9.956145,9.974640,8975
2024-01-12 14:45:00,9.974640,9.989305,9.946044,9.957946,4331
2024-01-12 14:46:00,9.957946,9.974708,9.939242,9.955081,7706
2024-01-12 14:47:00,9.955081,9.967950,9.947797,9.957572,689
2024-01-12 14:48:00,9.957572,9.988487,9.941344,9.968718,7448
2024-01-12 14:49:00,9.968718,9.986541,9.948176,9.954934,1083
2024-01-12 14:50:00,9.954934,9.965318,9.952582,9.959773,6712
2024-01-12 14:51:00,9.959773,9.976109,9.954880,9.959947,3883
2024-01-12 14:52:00,9.959947,9.976973,9.957557,9.964155,4211
2024-01-12 14:53:00,9.964155,9.975782,9.938814,9.957861,2835
2024-01-12 14:54:00,9.957861,9.985861,9.937862,9.974611,4092
2024-01-12 14:55:00,9.974611,9.991972,9.957637,9.973357,8756
2024-01-12 14:56:00,9.973357,10.007838,9.969411,9.994842,8108
2024-01-12 14:57:00,9.994842,10.006521,9.967090,9.985271,3469
2024-01-12 14:58:00,9.985271,9.997145,9.969883,9.994266,3008
2024-01-12 14:59:00,9.994266,10.004335,9.985563,9.993543,5140
2024-01-12 15:00:00,9.993543,10.011888,9.978534,9.989575,6879
2024-01-15 09:31:00,10.028224,10.058638,10.022641,10.045607,4837
2024-01-15 09:32:00,10.045607,10.057366,10.040372,10.054666,1720
2024-01-15 09:33:00,10.054666,10.058956,10.027388,10.042865,2211
2024-01-15 09:34:00,10.042865,10.053864,10.001492,10.016555,5708
2024-01-15 09:35:00,10.016555,10.044972,10.001970,10.029538,3408
2024-01-15 09:36:00,10.029538,10.041232,10.027068,10.030878,6751
2024-01-15 09:37:00,10.030878,10.033190,10.015231,10.021911,9237
2024-01-15 09:38:00,10.021911,10.041350,10.004793,10.036033,3612
2024-01-15 09:39:00,10.036033,10.048631,10.012850,10.025665,5563
2024-01-15 09:40:00,10.025665,10.040161,10.007722,10.020561,8336
2024-01-15 09:41:00,10.020561,10.029479,10.013235,10.026878,2182
2024-01-15 09:42:00,10.026878,10.029658,10.006794,10.013477,5155
2024-01-15 09:43:00,10.013477,10.020180,9.993122,10.012160,3121
2024-01-15 09:44:00,10.012160,10.028769,9.997060,10.025266,6307
2024-01-15 09:45:00,10.025266,10.039562,10.020983,10.027807,7456
2024-01-15 09:46:00,10.027807,10.047046,10.008929,10.042820,1494
2024-01-15 09:47:00,10.042820,10.070131,10.030337,10.056463,1955
2024-01-15 09:48:00,10.056463,10.072549,10.048462,10.056558,329
2024-01-15 09:49:00,10.056558,10.076028,10.019294,10.028442,219
2024-01-15 09:50:00,10.028442,10.047514,10.000085,10.015142,602
2024-01-15 09:51:00,10.015142,10.031258,10.006369,10.024337,7097
2024-01-15 09:52:00,10.024337,10.026867,9.993280,10.005697,9048
2024-01-15 09:53:00,10.005697,10.013626,9.987000,10.001789,4156
2024-01-15 09:54:00,10.001789,10.020649,9.996272,10.005897,8838
2024-01-15 09:55:00,10.005897,10.026710,9.986900,10.023633,7323
2024-01-15 09:56:00,10.023633,10.032108,10.008380,10.016791,8095
2024-01-15 09:57:00,10.016791,10.024156,9.999612,10.009161,7424
2024-01-15 09:58:00,10.009161,10.015109,9.994121,10.008694,2076
2024-01-15 09:59:00,10.008694,10.027864,9.995736,10.013153,5281
2024-01-15 10:00:00,10.013153,10.027017,10.001710,10.011632,5302
2024-01-15 10:01:00,10.011632,10.036369,9.997937,10.024730,6451
2024-01-15 10:02:00,10.024730,10.043124,9.997516,10.015767,7981
2024-01-15 10:03:00,10.015767,10.021967,9.999362,10.018110,1215
2024-01-15 10:04:00,10.018110,10.029381,10.001273,10.024687,6779
2024-01-15 10:05:00,10.024687,10.033589,10.014856,10.021507,8347
2024-01-15 10:06:00,10.021507,10.047593,10.011958,10.033787,1243
2024-01-15 10:07:00,10.033787,10.050949,10.021818,10.038435,4208
2024-01-15 10:08:00,10.038435,10.054969,10.035640,10.051636,8965
2024-01-15 10:09:00,10.051636,10.077983,10.035780,10.058732,341
2024-01-15 10:10:00,10.058732,10.076793,10.050909,10.069302,1690
2024-01-15 10:11:00,10.069302,10.077763,10.062182,10.069268,8058
2024-01-15 10:12:00,10.069268,10.084296,10.062601,10.071071,1800
2024-01-15 10:13:00,10.071071,10.116325,10.063970,10.097312,7049
2024-01-15 10:14:00,10.097312,10.132817,10.089228,10.118889,9019
2024-01-15 10:15:00,10.118889,10.142422,10.106002,10.123236,5035
2024-01-15 10:16:00,10.123236,10.150463,10.110732,10.145086,4897
2024-01-15 10:17:00,10.145086,10.158225,10.132865,10.139468,4344
2024-01-15 10:18:00,10.139468,10.175905,10.133752,10.158985,3791
2024-01-15 10:19:00,10.158985,10.211743,10.142111,10.200581,3862
2024-01-15 10:20:00,10.200581,10.241267,10.196911,10.232748,5581
2024-01-15 10:21:00,10.232748,10.291129,10.221517,10.271404,8965
2024-01-15 10:22:00,10.271404,10.280233,10.260033,10.275696,9815
2024-01-15 10:23:00,10.275696,10.323962,10.263361,10.314565,8672
2024-01-15 10:24:00,10.314565,10.382437,10.296623,10.364717,1284
2024-01-15 10:25:00,10.364717,10.436437,10.351486,10.418228,3137
2024-01-15 10:26:00,10.418228,10.498393,10.398702,10.478746,7593
2024-01-15 10:27:00,10.478746,10.543172,10.461062,10.525245,5500
2024-01-15 10:28:00,10.525245,10.574252,10.519379,10.571335,3409
2024-01-15 10:29:00,10.571335,10.620073,10.564994,10.601337,3180
2024-01-15 10:30:00,10.601337,10.651429,10.593131,10.641722,1258
2024-01-15 10:31:00,10.641722,10.678810,10.632674,10.665081,3390
2024-01-15 10:32:00,10.665081,10.685124,10.653127,10.676027,4277
2024-01-15 10:33:00,10.676027,10.706498,10.669842,10.689852,4217
2024-01-15 10:34:00,10.689852,10.740172,10.683849,10.727806,5532
2024-01-15 10:35:00,10.727806,10.753893,10.718941,10.736674,2802
2024-01-15 10:36:00,10.736674,10.748890,10.722577,10.743402,2139
2024-01-15 10:37:00,10.743402,10.748732,10.718754,10.733140,8886
2024-01-15 10:38:00,10.733140,10.743067,10.679899,10.699469,4112
2024-01-15 10:39:00,10.699469,10.701555,10.685292,10.690935,2622
2024-01-15 10:40:00,10.690935,10.705407,10.628841,10.637912,6393
2024-01-15 10:41:00,10.637912,10.645241,10.578689,10.598053,5468
2024-01-15 10:42:00,10.598053,10.610084,10.544434,10.558854,5806
2024-01-15 10:43:00,10.558854,10.562115,10.506121,10.518782,2293
2024-01-15 10:44:00,10.518782,10.523854,10.452294,10.464008,7259
2024-01-15 10:45:00,10.464008,10.477219,10.390447,10.393806,2003
2024-01-15 10:46:00,10.393806,10.401308,10.317056,10.335137,8380
2024-01-15 10:47:00,10.335137,10.341002,10.263930,10.277189,4298
2024-01-15 10:48:00,10.277189,10.283308,10.207684,10.219974,4150
2024-01-15 10:49:00,10.219974,10.225841,10.173856,10.185567,3946
2024-01-15 10:50:00,10.185567,10.198778,10.118318,10.127372,4287
2024-01-15 10:51:00,10.127372,10.132391,10.083820,10.090404,6686
2024-01-15 10:52:00,10.090404,10.098932,10.039476,10.055071,5017
2024-01-15 10:53:00,10.055071,10.069453,10.021784,10.032956,1355
2024-01-15 10:54:00,10.032956,10.044202,9.998713,10.001324,5706
2024-01-15 10:55:00,10.001324,10.014075,9.975236,9.984420,2743
2024-01-15 10:56:00,9.984420,9.990936,9.940686,9.959400,1172
2024-01-15 10:57:00,9.959400,9.978189,9.936224,9.944954,8415
2024-01-15 10:58:00,9.944954,9.954404,9.900772,9.910211,3195
2024-01-15 10:59:00,9.910211,9.917376,9.851301,9.864533,5990
2024-01-15 11:00:00,9.864533,9.882811,9.841139,9.857569,1801
2024-01-15 11:01:00,9.857569,9.871364,9.839332,9.853365,3459
2024-01-15 11:02:00,9.853365,9.866416,9.834209,9.851510,3919
2024-01-15 11:03:00,9.851510,9.869471,9.835101,9.839153,1425
2024-01-15 11:04:00,9.839153,9.855374,9.820510,9.852320,9736
2024-01-15 11:05:00,9.852320,9.869398,9.824807,9.843078,3184
2024-01-15 11:06:00,9.843078,9.859488,9.831733,9.845287,5869
2024-01-15 11:07:00,9.845287,9.858748,9.832042,9.850268,5698
2024-01-15 11:08:00,9.850268,9.875928,9.844438,9.869314,4350
2024-01-15 11:09:00,9.869314,9.873201,9.854217,9.864280,5897
2024-01-15 11:10:00,9.864280,9.883219,9.849874,9.855522,5702
2024-01-15 11:11:00,9.855522,9.860077,9.834445,9.836840,892
2024-01-15 11:12:00,9.836840,9.861720,9.817184,9.855051,6723
2024-01-15 11:13:00,9.855051,9.874226,9.848386,9.859787,1230
2024-01-15 11:14:00,9.859787,9.879785,9.847111,9.865002,4406
2024-01-15 11:15:00,9.865002,9.907238,9.857598,9.902344,3710
2024-01-15 11:16:00,9.902344,9.922796,9.893673,9.906142,4532
2024-01-15 11:17:00,9.906142,9.917327,9.881233,9.890393,811
2024-01-15 11:18:00,9.890393,9.907665,9.879952,9.887983,7043
2024-01-15 11:19:00,9.887983,9.891554,9.862744,9.876218,4243
2024-01-15 11:20:00,9.876218,9.878989,9.852134,9.871431,702
2024-01-15 11:21:00,9.871431,9.884897,9.856856,9.866571,134
2024-01-15 11:22:00,9.866571,9.871271,9.839977,9.859497,5446
2024-01-15 11:23:00,9.859497,9.870946,9.828704,9.842724,6695
2024-01-15 11:24:00,9.842724,9.864138,9.829796,9.861884,5518
2024-01-15 11:25:00,9.861884,9.881517,9.855617,9.865478,7232
2024-01-15 11:26:00,9.865478,9.883670,9.859631,9.862763,7591
2024-01-15 11:27:00,9.862763,9.888980,9.845429,9.871880,8732
2024-01-15 11:28:00,9.871880,9.896798,9.859548,9.877548,9828
2024-01-15 11:29:00,9.877548,9.899121,9.868089,9.880865,8859
2024-01-15 11:30:00,9.880865,9.899101,9.864250,9.889108,7977
2024-01-15 13:01:00,9.889108,9.899890,9.881518,9.890720,4366
2024-01-15 13:02:00,9.890720,9.916916,9.874615,9.898785,5087
2024-01-15 13:03:00,9.898785,9.926533,9.890882,9.907848,6198
2024-01-15 13:04:00,9.907848,9.929317,9.889272,9.909806,1777
2024-01-15 13:05:00,9.909806,9.925636,9.900330,9.907154,6808
2024-01-15 13:06:00,9.907154,9.931206,9.902678,9.925571,5923
2024-01-15 13:07:00,9.925571,9.944580,9.905254,9.919819,5249
2024-01-15 13:08:00,9.919819,9.943577,9.914888,9.924529,8359
2024-01-15 13:09:00,9.924529,9.943500,9.905440,9.929509,6902
2024-01-15 13:10:00,9.929509,9.946940,9.908374,9.922174,9330
2024-01-15 13:11:00,9.922174,9.934275,9.906297,9.912453,9767
2024-01-15 13:12:00,9.912453,9.931447,9.902436,9.908195,8270
2024-01-15 13:13:00,9.908195,9.911886,9.883642,9.902271,3049
2024-01-15 13:14:00,9.902271,9.919823,9.871783,9.884724,1970
2024-01-15 13:15:00,9.884724,9.887723,9.858797,9.876884,3063
2024-01-15 13:16:00,9.876884,9.888192,9.872900,9.880088,7154
2024-01-15 13:17:00,9.880088,9.899758,9.861431,9.895322,8656
2024-01-15 13:18:00,9.895322,9.912618,9.883961,9.901994,8813
2024-01-15 13:19:00,9.901994,9.908174,9.856680,9.870711,6871
2024-01-15 13:20:00,9.870711,9.897566,9.862000,9.878429,6842
2024-01-15 13:21:00,9.878429,9.890496,9.868647,9.871712,9524
2024-01-15 13:22:00,9.871712,9.895323,9.852468,9.877164,6888
2024-01-15 13:23:00,9.877164,9.884169,9.857091,9.876994,1495
2024-01-15 13:24:00,9.876994,9.879462,9.866114,9.874675,5051
2024-01-15 13:25:00,9.874675,9.890637,9.854455,9.873445,3650
2024-01-15 13:26:00,9.873445,9.888088,9.868156,9.873175,6406
2024-01-15 13:27:00,9.873175,9.901172,9.868391,9.889354,6394
2024-01-15 13:28:00,9.889354,9.906030,9.885801,9.889117,3014
2024-01-15 13:29:00,9.889117,9.919302,9.880074,9.902180,3067
2024-01-15 13:30:00,9.902180,9.926073,9.899239,9.913491,979
2024-01-15 13:31:00,9.913491,9.940905,9.904387,9.921518,3003
2024-01-15 13:32:00,9.921518,9.936473,9.895527,9.900018,8294
2024-01-15 13:33:00,9.900018,9.927639,9.884869,9.913456,6585
2024-01-15 13:34:00,9.913456,9.921961,9.890945,9.907945,9437
2024-01-15 13:35:00,9.907945,9.918599,9.893565,9.916558,9270
2024-01-15 13:36:00,9.916558,9.922895,9.899246,9.904855,8582
2024-01-15 13:37:00,9.904855,9.920605,9.874791,9.890594,1878
2024-01-15 13:38:00,9.890594,9.929155,9.884103,9.914377,3405
2024-01-15 13:39:00,9.914377,9.922336,9.887190,9.902861,669
2024-01-15 13:40:00,9.902861,9.929914,9.890648,9.916653,1025
2024-01-15 13:41:00,9.916653,9.923594,9.908053,9.918078,2387
2024-01-15 13:42:00,9.918078,9.924824,9.909520,9.913023,2873
2024-01-15 13:43:00,9.913023,9.932076,9.895588,9.912483,252
2024-01-15 13:44:00,9.912483,9.921921,9.877912,9.896826,8444
2024-01-15 13:45:00,9.896826,9.903236,9.882674,9.896661,5317
2024-01-15 13:46:00,9.896661,9.907428,9.864269,9.883631,6592
2024-01-15 13:47:00,9.883631,9.892597,9.860058,9.878872,6570
2024-01-15 13:48:00,9.878872,9.905139,9.873369,9.890007,9670
2024-01-15 13:49:00,9.890007,9.912384,9.874845,9.893066,1558
2024-01-15 13:50:00,9.893066,9.905717,9.866942,9.875230,3492
2024-01-15 13:51:00,9.875230,9.898117,9.864455,9.885477,3152
2024-01-15 13:52:00,9.885477,9.894044,9.880566,9.885391,5559
2024-01-15 13:53:00,9.885391,9.897554,9.859321,9.878867,5309
2024-01-15 13:54:00,9.878867,9.895600,9.863796,9.887852,7921
2024-01-15 13:55:00,9.887852,9.889872,9.879035,9.885840,5650
2024-01-15 13:56:00,9.885840,9.903430,9.863126,9.871812,2416
2024-01-15 13:57:00,9.871812,9.903779,9.862208,9.894049,5690
2024-01-15 13:58:00,9.894049,9.904906,9.878385,9.893841,9644
2024-01-15 13:59:00,9.893841,9.897344,9.874199,9.892861,5830
2024-01-15 14:00:00,9.892861,9.909929,9.880200,9.887986,5964
2024-01-15 14:01:00,9.887986,9.907252,9.877481,9.902186,1842
2024-01-15 14:02:00,9.902186,9.911577,9.883192,9.895870,178
2024-01-15 14:03:00,9.895870,9.912994,9.868197,9.877277,2174
2024-01-15 14:04:00,9.877277,9.887518,9.858035,9.869110,349
2024-01-15 14:05:00,9.869110,9.903837,9.865208,9.885077,4577
2024-01-15 14:06:00,9.885077,9.900858,9.880058,9.895090,8833
2024-01-15 14:07:00,9.895090,9.909965,9.882802,9.892021,4522
2024-01-15 14:08:00,9.892021,9.928151,9.873553,9.908547,6488
2024-01-15 14:09:00,9.908547,9.929441,9.900259,9.917548,8570
2024-01-15 14:10:00,9.917548,9.932007,9.907843,9.914340,7654
2024-01-15 14:11:00,9.914340,9.923418,9.896972,9.912343,6541
2024-01-15 14:12:00,9.912343,9.931830,9.893259,9.916306,7861
2024-01-15 14:13:00,9.916306,9.934666,9.896031,9.906295,2877
2024-01-15 14:14:00,9.906295,9.921004,9.904140,9.906349,4262
2024-01-15 14:15:00,9.906349,9.928909,9.891963,9.910062,4050
2024-01-15 14:16:00,9.910062,9.922658,9.880290,9.889761,8006
2024-01-15 14:17:00,9.889761,9.902150,9.873357,9.887483,4146
2024-01-15 14:18:00,9.887483,9.894966,9.876837,9.883836,9381
2024-01-15 14:19:00,9.883836,9.910981,9.881793,9.896208,1947
2024-01-15 14:20:00,9.896208,9.914083,9.865810,9.874011,1804
2024-01-15 14:21:00,9.874011,9.887645,9.854734,9.869420,7190
2024-01-15 14:22:00,9.869420,9.875615,9.854547,9.863623,7664
2024-01-15 14:23:00,9.863623,9.886970,9.857678,9.875176,6822
2024-01-15 14:24:00,9.875176,9.890783,9.864300,9.874652,3147
2024-01-15 14:25:00,9.874652,9.915175,9.859110,9.896266,190
2024-01-15 14:26:00,9.896266,9.909054,9.892116,9.904235,3282
2024-01-15 14:27:00,9.904235,9.908530,9.884847,9.899299,4719
2024-01-15 14:28:00,9.899299,9.911616,9.885286,9.902183,4186
2024-01-15 14:29:00,9.902183,9.906444,9.889249,9.897922,9228
2024-01-15 14:30:00,9.897922,9.927911,9.878456,9.908264,8650
2024-01-15 14:31:00,9.908264,9.917901,9.874128,9.892232,7772
2024-01-15 14:32:00,9.892232,9.903837,9.874629,9.882320,318
2024-01-15 14:33:00,9.882320,9.893891,9.879760,9.887804,1361
2024-01-15 14:34:00,9.887804,9.912639,9.880254,9.902554,4395
2024-01-15 14:35:00,9.902554,9.922279,9.870371,9.876056,6254
2024-01-15 14:36:00,9.876056,9.903393,9.864206,9.892596,6832
2024-01-15 14:37:00,9.892596,9.894755,9.872373,9.890910,3033
2024-01-15 14:38:00,9.890910,9.897275,9.850574,9.868240,1193
2024-01-15 14:39:00,9.868240,9.887852,9.824612,9.832117,3348
2024-01-15 14:40:00,9.832117,9.851920,9.803998,9.813713,7943
2024-01-15 14:41:00,9.813713,9.819502,9.810818,9.813476,9867
2024-01-15 14:42:00,9.813476,9.826550,9.800888,9.812683,9424
2024-01-15 14:43:00,9.812683,9.823687,9.809542,9.820303,5973
2024-01-15 14:44:00,9.820303,9.832696,9.794795,9.813690,1000
2024-01-15 14:45:00,9.813690,9.817957,9.782751,9.800356,9680
2024-01-15 14:46:00,9.800356,9.817092,9.789530,9.795385,1614
2024-01-15 14:47:00,9.795385,9.814702,9.780796,9.795789,2756
2024-01-15 14:48:00,9.795789,9.803680,9.783565,9.798567,9743
2024-01-15 14:49:00,9.798567,9.808895,9.772645,9.789070,5088
2024-01-15 14:50:00,9.789070,9.803755,9.778508,9.799918,2058
2024-01-15 14:51:00,9.799918,9.808022,9.786988,9.792440,5070
2024-01-15 14:52:00,9.792440,9.795612,9.768457,9.781974,881
2024-01-15 14:53:00,9.781974,9.788736,9.772002,9.775447,3225
2024-01-15 14:54:00,9.775447,9.808205,9.762924,9.788381,9526
2024-01-15 14:55:00,9.788381,9.791184,9.780955,9.786783,3055
2024-01-15 14:56:00,9.786783,9.804245,9.764097,9.778426,8936
2024-01-15 14:57:00,9.778426,9.792964,9.761521,9.789570,5475
2024-01-15 14:58:00,9.789570,9.826878,9.785599,9.815356,6591
2024-01-15 14:59:00,9.815356,9.828017,9.806151,9.817879,7059
2024-01-15 15:00:00,9.817879,9.851495,9.802676,9.832727,5559
2024-01-16 09:31:00,9.961886,9.970072,9.937261,9.953031,7416
2024-01-16 09:32:00,9.953031,9.965949,9.936884,9.955347,9839
2024-01-16 09:33:00,9.955347,9.968188,9.940830,9.958627,2353
2024-01-16 09:34:00,9.958627,9.962943,9.937090,9.940050,7560
2024-01-16 09:35:00,9.940050,9.945770,9.925030,9.943070,1364
2024-01-16 09:36:00,9.943070,9.945709,9.932448,9.942523,9851
2024-01-16 09:37:00,9.942523,9.952380,9.937681,9.944077,4861
2024-01-16 09:38:00,9.944077,9.959441,9.936765,9.944503,7485
2024-01-16 09:39:00,9.944503,9.951964,9.933482,9.947601,7797
2024-01-16 09:40:00,9.947601,9.979754,9.939667,9.963588,6120
2024-01-16 09:41:00,9.963588,9.978470,9.930032,9.949488,3905
2024-01-16 09:42:00,9.949488,9.951559,9.934852,9.945398,7566
2024-01-16 09:43:00,9.945398,9.955848,9.936699,9.953367,4815
2024-01-16 09:44:00,9.953367,9.964626,9.939250,9.959116,6625
2024-01-16 09:45:00,9.959116,9.967618,9.945406,9.964608,6171
2024-01-16 09:46:00,9.964608,10.009089,9.962564,9.997525,4694
2024-01-16 09:47:00,9.997525,10.007579,9.984392,10.004866,1258
2024-01-16 09:48:00,10.004866,10.034833,9.998478,10.018386,2996
2024-01-16 09:49:00,10.018386,10.029259,10.005961,10.014715,9384
2024-01-16 09:50:00,10.014715,10.029818,9.988131,10.002845,5249
2024-01-16 09:51:00,10.002845,10.018358,9.987055,9.999088,6397
2024-01-16 09:52:00,9.999088,10.018721,9.990452,10.007599,2659
2024-01-16 09:53:00,10.007599,10.031119,10.002585,10.012462,7087
2024-01-16 09:54:00,10.012462,10.037107,10.001363,10.017283,4918
2024-01-16 09:55:00,10.017283,10.025749,10.006972,10.014720,2265
2024-01-16 09:56:00,10.014720,10.018986,9.991819,10.010252,1546
2024-01-16 09:57:00,10.010252,10.018790,9.996484,10.008102,4010
2024-01-16 09:58:00,10.008102,10.022783,9.990514,10.016762,5697
2024-01-16 09:59:00,10.016762,10.038371,10.007739,10.026813,2873
2024-01-16 10:00:00,10.026813,10.035624,9.997890,10.014784,2528
2024-01-16 10:01:00,10.014784,10.034545,10.011766,10.023897,2769
2024-01-16 10:02:00,10.023897,10.039634,10.008752,10.016118,3006
2024-01-16 10:03:00,10.016118,10.028656,10.012711,10.021724,7416
2024-01-16 10:04:00,10.021724,10.033398,10.016859,10.019429,5040
2024-01-16 10:05:00,10.019429,10.046180,10.000889,10.038147,4744
2024-01-16 10:06:00,10.038147,10.054276,10.018245,10.033149,1709
2024-01-16 10:07:00,10.033149,10.048796,10.019897,10.035284,5491
2024-01-16 10:08:00,10.035284,10.044689,10.023699,10.042536,9627
2024-01-16 10:09:00,10.042536,10.056416,10.019836,10.032088,7480
2024-01-16 10:10:00,10.032088,10.037151,10.017721,10.031217,4524
2024-01-16 10:11:00,10.031217,10.046258,10.011152,10.028030,3139
2024-01-16 10:12:00,10.028030,10.040242,10.009144,10.021888,3587
2024-01-16 10:13:00,10.021888,10.031115,10.001157,10.016631,365
2024-01-16 10:14:00,10.016631,10.044418,10.009574,10.029925,389
2024-01-16 10:15:00,10.029925,10.047343,10.003188,10.022769,7785
2024-01-16 10:16:00,10.022769,10.045558,10.020195,10.029540,8448
2024-01-16 10:17:00,10.029540,10.045118,10.020582,10.033301,9688
2024-01-16 10:18:00,10.033301,10.048310,9.998724,10.016601,6295
2024-01-16 10:19:00,10.016601,10.032258,10.011352,10.022808,9298
2024-01-16 10:20:00,10.022808,10.039010,10.001366,10.005910,4222
2024-01-16 10:21:00,10.005910,10.030341,9.997332,10.013419,2615
2024-01-16 10:22:00,10.013419,10.017890,9.997648,10.007355,2530
2024-01-16 10:23:00,10.007355,10.013740,9.988554,10.007455,2442
2024-01-16 10:24:00,10.007455,10.014315,9.974933,9.991983,7476
2024-01-16 10:25:00,9.991983,9.998436,9.981630,9.993446,198
2024-01-16 10:26:00,9.993446,10.013593,9.973933,10.004527,9460
2024-01-16 10:27:00,10.004527,10.010002,9.981320,9.994881,7770
2024-01-16 10:28:00,9.994881,10.007600,9.969897,9.987622,3870
2024-01-16 10:29:00,9.987622,9.996886,9.981193,9.993057,7048
2024-01-16 10:30:00,9.993057,10.005649,9.982256,9.998791,1435
2024-01-16 10:31:00,9.998791,10.012770,9.967157,9.969692,4370
2024-01-16 10:32:00,9.969692,10.002958,9.967532,9.993784,1181
2024-01-16 10:33:00,9.993784,10.009689,9.979086,10.000103,1209
2024-01-16 10:34:00,10.000103,10.024797,9.995974,10.008434,162
2024-01-16 10:35:00,10.008434,10.028155,9.994858,10.006718,7978
2024-01-16 10:36:00,10.006718,10.018889,9.970011,9.984539,7465
2024-01-16 10:37:00,9.984539,9.996028,9.981958,9.992604,8940
2024-01-16 10:38:00,9.992604,9.996457,9.975771,9.985848,9815
2024-01-16 10:39:00,9.985848,10.011783,9.971533,9.992350,9651
2024-01-16 10:40:00,9.992350,10.006577,9.971720,9.989735,9928
2024-01-16 10:41:00,9.989735,10.008125,9.982349,9.992580,257
2024-01-16 10:42:00,9.992580,10.006744,9.963780,9.983316,7863
2024-01-16 10:43:00,9.983316,9.998882,9.966114,9.993649,7259
2024-01-16 10:44:00,9.993649,10.003720,9.965731,9.979443,1705
2024-01-16 10:45:00,9.979443,10.022652,9.970388,10.006287,1454
2024-01-16 10:46:00,10.006287,10.050634,9.991487,10.033040,9779
2024-01-16 10:47:00,10.033040,10.058830,10.016348,10.052558,8837
2024-01-16 10:48:00,10.052558,10.080532,10.045098,10.067805,3345
2024-01-16 10:49:00,10.067805,10.072633,10.046923,10.066794,840
2024-01-16 10:50:00,10.066794,10.099989,10.048439,10.080740,3402
2024-01-16 10:51:00,10.080740,10.087279,10.068851,10.079590,152
2024-01-16 10:52:00,10.079590,10.094669,10.046008,10.061019,6904
2024-01-16 10:53:00,10.061019,10.085148,10.049587,10.078988,3863
2024-01-16 10:54:00,10.078988,10.105572,10.063292,10.092483,585
2024-01-16 10:55:00,10.092483,10.106349,10.075222,10.092108,9799
2024-01-16 10:56:00,10.092108,10.100020,10.075044,10.077462,8275
2024-01-16 10:57:00,10.077462,10.094201,10.067030,10.070454,9056
2024-01-16 10:58:00,10.070454,10.088391,10.040627,10.048684,9973
2024-01-16 10:59:00,10.048684,10.077373,10.030167,10.059982,240
2024-01-16 11:00:00,10.059982,10.067936,10.031646,10.040815,7773
2024-01-16 11:01:00,10.040815,10.059642,10.022840,10.044244,7896
2024-01-16 11:02:00,10.044244,10.056315,10.023834,10.034158,7838
2024-01-16 11:03:00,10.034158,10.046826,10.009904,10.017103,2724
2024-01-16 11:04:00,10.017103,10.030546,9.998891,10.019952,3964
2024-01-16 11:05:00,10.019952,10.032757,10.003870,10.015962,9298
2024-01-16 11:06:00,10.015962,10.030424,10.007473,10.025982,752
2024-01-16 11:07:00,10.025982,10.035341,10.008029,10.010829,6446
2024-01-16 11:08:00,10.010829,10.016027,9.997779,10.001776,7947
2024-01-16 11:09:00,10.001776,10.008818,9.968726,9.973233,8000
2024-01-16 11:10:00,9.973233,9.977534,9.938554,9.947121,6011
2024-01-16 11:11:00,9.947121,9.974442,9.934189,9.968617,7691
2024-01-16 11:12:00,9.968617,10.009600,9.961080,9.993525,9102
2024-01-16 11:13:00,9.993525,10.006530,9.990345,9.994633,7682
2024-01-16 11:14:00,9.994633,9.997059,9.978018,9.984785,1248
2024-01-16 11:15:00,9.984785,10.000978,9.971861,9.981217,2520
2024-01-16 11:16:00,9.981217,10.010031,9.961356,9.991660,3120
2024-01-16 11:17:00,9.991660,10.009508,9.976437,9.985511,3496
2024-01-16 11:18:00,9.985511,10.005166,9.981906,9.988352,3670
2024-01-16 11:19:00,9.988352,10.008212,9.975739,9.988199,2276
2024-01-16 11:20:00,9.988199,10.000755,9.962846,9.981400,6864
2024-01-16 11:21:00,9.981400,10.000726,9.958949,9.975109,1191
2024-01-16 11:22:00,9.975109,9.997695,9.958057,9.978616,7898
2024-01-16 11:23:00,9.978616,9.986254,9.948230,9.966938,6620
2024-01-16 11:24:00,9.966938,9.989880,9.953480,9.972338,9614
2024-01-16 11:25:00,9.972338,9.988602,9.946792,9.966700,164
2024-01-16 11:26:00,9.966700,9.984187,9.964101,9.968223,3024
2024-01-16 11:27:00,9.968223,10.002900,9.951196,9.984767,8993
2024-01-16 11:28:00,9.984767,9.993683,9.965331,9.982757,4987
2024-01-16 11:29:00,9.982757,10.002953,9.964256,9.993752,5653
2024-01-16 11:30:00,9.993752,10.007273,9.961723,9.972330,386
2024-01-16 13:01:00,9.972330,9.987610,9.950527,9.966707,7644
2024-01-16 13:02:00,9.966707,9.984873,9.961196,9.967038,2604
2024-01-16 13:03:00,9.967038,10.007795,9.954182,9.990030,9634
2024-01-16 13:04:00,9.990030,10.005014,9.958145,9.966600,3802
2024-01-16 13:05:00,9.966600,9.985824,9.952719,9.965450,1967
2024-01-16 13:06:00,9.965450,9.988079,9.951290,9.982864,5978
2024-01-16 13:07:00,9.982864,10.001970,9.965232,9.973479,4826
2024-01-16 13:08:00,9.973479,9.976635,9.965043,9.970935,4761
2024-01-16 13:09:00,9.970935,9.986902,9.963145,9.974901,9503
2024-01-16 13:10:00,9.974901,9.980730,9.960950,9.977106,3708
2024-01-16 13:11:00,9.977106,10.008048,9.962923,9.995824,4037
2024-01-16 13:12:00,9.995824,10.010207,9.980480,10.001185,6278
2024-01-16 13:13:00,10.001185,10.020527,9.996908,10.017058,1787
2024-01-16 13:14:00,10.017058,10.030724,9.996021,10.012754,8303
2024-01-16 13:15:00,10.012754,10.027916,9.989515,10.003902,2375
2024-01-16 13:16:00,10.003902,10.009037,9.998654,10.001203,2492
2024-01-16 13:17:00,10.001203,10.015703,9.979306,9.987347,206
2024-01-16 13:18:00,9.987347,9.998350,9.976946,9.993127,3494
2024-01-16 13:19:00,9.993127,9.997600,9.980023,9.988514,5868
2024-01-16 13:20:00,9.988514,9.993167,9.976370,9.980484,7078
2024-01-16 13:21:00,9.980484,9.999228,9.974751,9.986445,8995
2024-01-16 13:22:00,9.986445,10.002463,9.970330,9.972772,7801
2024-01-16 13:23:00,9.972772,9.994727,9.969097,9.981983,3278
2024-01-16 13:24:00,9.981983,9.998551,9.969472,9.976265,8271
2024-01-16 13:25:00,9.976265,10.002768,9.959506,9.990121,2026
2024-01-16 13:26:00,9.990121,10.006473,9.973947,9.985426,2172
2024-01-16 13:27:00,9.985426,10.012558,9.975785,9.992980,3644
2024-01-16 13:28:00,9.992980,10.004164,9.979061,9.995127,5438
2024-01-16 13:29:00,9.995127,10.008719,9.983380,10.004020,2110
2024-01-16 13:30:00,10.004020,10.009771,9.999652,10.005334,9010
2024-01-16 13:31:00,10.005334,10.018089,9.979442,9.985449,2775
2024-01-16 13:32:00,9.985449,10.009356,9.979444,9.997509,3980
2024-01-16 13:33:00,9.997509,10.002825,9.983661,9.996460,6089
2024-01-16 13:34:00,9.996460,10.023776,9.986151,10.005899,4355
2024-01-16 13:35:00,10.005899,10.033371,9.996922,10.014150,4098
2024-01-16 13:36:00,10.014150,10.020708,9.992886,10.004906,9849
2024-01-16 13:37:00,10.004906,10.010630,9.974508,9.993970,4415
2024-01-16 13:38:00,9.993970,10.007655,9.986315,10.001804,1219
2024-01-16 13:39:00,10.001804,10.010778,9.986816,9.998179,7329
2024-01-16 13:40:00,9.998179,10.026732,9.987533,10.009374,7085
2024-01-16 13:41:00,10.009374,10.022101,9.992344,10.007243,2267
2024-01-16 13:42:00,10.007243,10.022693,9.992098,10.019477,8516
2024-01-16 13:43:00,10.019477,10.035051,10.004354,10.024538,3980
2024-01-16 13:44:00,10.024538,10.031606,10.018910,10.027980,1592
2024-01-16 13:45:00,10.027980,10.037292,10.013425,10.023509,1807
2024-01-16 13:46:00,10.023509,10.035551,10.006908,10.026288,7173
2024-01-16 13:47:00,10.026288,10.054218,10.017420,10.040547,2238
2024-01-16 13:48:00,10.040547,10.052437,10.020183,10.039899,4750
2024-01-16 13:49:00,10.039899,10.063995,10.031333,10.046249,7367
2024-01-16 13:50:00,10.046249,10.049096,10.035291,10.046803,8543
2024-01-16 13:51:00,10.046803,10.064225,10.036262,10.048293,4947
2024-01-16 13:52:00,10.048293,10.071303,10.038487,10.068895,9083
2024-01-16 13:53:00,10.068895,10.090738,10.051674,10.083261,3095
2024-01-16 13:54:00,10.083261,10.102044,10.078466,10.084210,8737
2024-01-16 13:55:00,10.084210,10.101201,10.071992,10.086774,2578
2024-01-16 13:56:00,10.086774,10.091869,10.065248,10.078383,737
2024-01-16 13:57:00,10.078383,10.089217,10.058993,10.076315,7280
2024-01-16 13:58:00,10.076315,10.095008,10.063350,10.080014,7592
2024-01-16 13:59:00,10.080014,10.109055,10.060734,10.090183,9270
2024-01-16 14:00:00,10.090183,10.112557,10.072483,10.099139,9223
2024-01-16 14:01:00,10.099139,10.101583,10.077601,10.085879,1112
2024-01-16 14:02:00,10.085879,10.108552,10.068400,10.097558,6251
2024-01-16 14:03:00,10.097558,10.102311,10.077244,10.096496,7073
2024-01-16 14:04:00,10.096496,10.099356,10.078068,10.084698,6048
2024-01-16 14:05:00,10.084698,10.113446,10.071714,10.100673,285
2024-01-16 14:06:00,10.100673,10.134150,10.093601,10.118166,545
2024-01-16 14:07:00,10.118166,10.123968,10.104473,10.121318,6738
2024-01-16 14:08:00,10.121318,10.145896,10.117633,10.129792,8574
2024-01-16 14:09:00,10.129792,10.153681,10.114576,10.138966,1874
2024-01-16 14:10:00,10.138966,10.171187,10.129409,10.155651,559
2024-01-16 14:11:00,10.155651,10.170760,10.143080,10.164355,4099
2024-01-16 14:12:00,10.164355,10.173440,10.146018,10.148483,3203
2024-01-16 14:13:00,10.148483,10.176665,10.133965,10.172509,9830
2024-01-16 14:14:00,10.172509,10.191548,10.161581,10.185248,9266
2024-01-16 14:15:00,10.185248,10.192698,10.165903,10.179157,5625
2024-01-16 14:16:00,10.179157,10.186907,10.159167,10.166849,9502
2024-01-16 14:17:00,10.166849,10.178034,10.162224,10.172883,2365
2024-01-16 14:18:00,10.172883,10.178280,10.159719,10.169557,9919
2024-01-16 14:19:00,10.169557,10.191728,10.150565,10.173502,4525
2024-01-16 14:20:00,10.173502,10.198499,10.167402,10.182389,4816
2024-01-16 14:21:00,10.182389,10.190589,10.161452,10.175617,600
2024-01-16 14:22:00,10.175617,10.194675,10.159378,10.162275,1856
2024-01-16 14:23:00,10.162275,10.173188,10.147349,10.166887,2024
2024-01-16 14:24:00,10.166887,10.176210,10.154219,10.160511,4930
2024-01-16 14:25:00,10.160511,10.178901,10.150384,10.162258,1978
2024-01-16 14:26:00,10.162258,10.172230,10.137580,10.146199,1112
2024-01-16 14:27:00,10.146199,10.152422,10.139153,10.143184,6090
2024-01-16 14:28:00,10.143184,10.160365,10.134964,10.151731,8738
2024-01-16 14:29:00,10.151731,10.169988,10.143429,10.158975,792
2024-01-16 14:30:00,10.158975,10.172146,10.138152,10.149550,5649
2024-01-16 14:31:00,10.149550,10.158851,10.116082,10.135585,9606
2024-01-16 14:32:00,10.135585,10.145537,10.125124,10.135773,4104
2024-01-16 14:33:00,10.135773,10.149231,10.117313,10.142480,1911
2024-01-16 14:34:00,10.142480,10.158960,10.132172,10.147323,887
2024-01-16 14:35:00,10.147323,10.153274,10.137265,10.141201,9369
2024-01-16 14:36:00,10.141201,10.162377,10.135058,10.144761,4111
2024-01-16 14:37:00,10.144761,10.178173,10.135426,10.162721,1141
2024-01-16 14:38:00,10.162721,10.174558,10.154864,10.165173,8675
2024-01-16 14:39:00,10.165173,10.180623,10.128065,10.145650,8039
2024-01-16 14:40:00,10.145650,10.150205,10.131434,10.148079,7063
2024-01-16 14:41:00,10.148079,10.180714,10.135670,10.172513,935
2024-01-16 14:42:00,10.172513,10.182439,10.146281,10.157123,916
2024-01-16 14:43:00,10.157123,10.167935,10.147972,10.157479,2266
2024-01-16 14:44:00,10.157479,10.172956,10.141753,10.154773,1683
2024-01-16 14:45:00,10.154773,10.175250,10.150530,10.155919,5365
2024-01-16 14:46:00,10.155919,10.167081,10.150994,10.158241,3983
2024-01-16 14:47:00,10.158241,10.180180,10.150785,10.171869,7676
2024-01-16 14:48:00,10.171869,10.185872,10.166788,10.172882,1103
2024-01-16 14:49:00,10.172882,10.195214,10.158695,10.188151,7306
2024-01-16 14:50:00,10.188151,10.192695,10.184299,10.186745,9347
2024-01-16 14:51:00,10.186745,10.206052,10.177676,10.182559,1392
2024-01-16 14:52:00,10.182559,10.199130,10.156312,10.174559,6557
2024-01-16 14:53:00,10.174559,10.193812,10.132882,10.152837,5139
2024-01-16 14:54:00,10.152837,10.162055,10.142061,10.156134,1038
2024-01-16 14:55:00,10.156134,10.183009,10.145218,10.180688,2999
2024-01-16 14:56:00,10.180688,10.196037,10.164767,10.186166,7901
2024-01-16 14:57:00,10.186166,10.213181,10.183515,10.194376,8703
2024-01-16 14:58:00,10.194376,10.198866,10.179752,10.189438,3747
2024-01-16 14:59:00,10.189438,10.193548,10.182720,10.186517,1154
2024-01-16 15:00:00,10.186517,10.201529,10.177301,10.198288,2524
2024-01-17 09:31:00,9.899745,9.913885,9.879546,9.885406,1781
2024-01-17 09:32:00,9.885406,9.902162,9.876646,9.887588,9264
2024-01-17 09:33:00,9.887588,9.911824,9.881694,9.900373,1852
2024-01-17 09:34:00,9.900373,9.905032,9.860895,9.879148,1703
2024-01-17 09:35:00,9.879148,9.897693,9.866362,9.872625,8394
2024-01-17 09:36:00,9.872625,9.876696,9.852212,9.856387,8804
2024-01-17 09:37:00,9.856387,9.869712,9.850614,9.853247,2168
2024-01-17 09:38:00,9.853247,9.869882,9.850438,9.866027,6539
2024-01-17 09:39:00,9.866027,9.870657,9.855269,9.860718,5391
2024-01-17 09:40:00,9.860718,9.863088,9.847206,9.860154,5810
2024-01-17 09:41:00,9.860154,9.885982,9.857836,9.877441,3182
2024-01-17 09:42:00,9.877441,9.896393,9.870280,9.882881,7538
2024-01-17 09:43:00,9.882881,9.894269,9.870804,9.873851,8821
2024-01-17 09:44:00,9.873851,9.889881,9.864585,9.875739,7287
2024-01-17 09:45:00,9.875739,9.889889,9.863034,9.865908,9041
2024-01-17 09:46:00,9.865908,9.875426,9.852972,9.870903,1194
2024-01-17 09:47:00,9.870903,9.880057,9.856512,9.877025,6604
2024-01-17 09:48:00,9.877025,9.890282,9.845620,9.860784,9994
2024-01-17 09:49:00,9.860784,9.876623,9.854746,9.862865,5403
2024-01-17 09:50:00,9.862865,9.874885,9.843835,9.861468,9424
2024-01-17 09:51:00,9.861468,9.874362,9.847043,9.867939,3548
2024-01-17 09:52:00,9.867939,9.894408,9.864919,9.877815,8976
2024-01-17 09:53:00,9.877815,9.886849,9.867881,9.883487,9394
2024-01-17 09:54:00,9.883487,9.896868,9.864065,9.879885,6260
2024-01-17 09:55:00,9.879885,9.895140,9.872289,9.890972,7075
2024-01-17 09:56:00,9.890972,9.904753,9.871733,9.880601,5275
2024-01-17 09:57:00,9.880601,9.890120,9.851580,9.864913,3237
2024-01-17 09:58:00,9.864913,9.879839,9.823956,9.826954,5409
2024-01-17 09:59:00,9.826954,9.829894,9.806716,9.826121,9628
2024-01-17 10:00:00,9.826121,9.838113,9.811221,9.816361,247
2024-01-17 10:01:00,9.816361,9.825694,9.813881,9.821087,2130
2024-01-17 10:02:00,9.821087,9.835369,9.795573,9.797669,5044
2024-01-17 10:03:00,9.797669,9.801828,9.780789,9.789981,3460
2024-01-17 10:04:00,9.789981,9.798892,9.772064,9.795567,6275
2024-01-17 10:05:00,9.795567,9.810404,9.766577,9.783333,3669
2024-01-17 10:06:00,9.783333,9.791339,9.764916,9.788195,6621
2024-01-17 10:07:00,9.788195,9.794237,9.769970,9.781578,1152
2024-01-17 10:08:00,9.781578,9.798423,9.771111,9.781188,3388
2024-01-17 10:09:00,9.781188,9.804833,9.772243,9.788258,6958
2024-01-17 10:10:00,9.788258,9.816952,9.785423,9.799577,4765
2024-01-17 10:11:00,9.799577,9.808546,9.781206,9.800676,7165
2024-01-17 10:12:00,9.800676,9.812181,9.780075,9.791006,6399
2024-01-17 10:13:00,9.791006,9.806926,9.775373,9.785565,3352
2024-01-17 10:14:00,9.785565,9.797597,9.774291,9.793131,4340
2024-01-17 10:15:00,9.793131,9.808170,9.764704,9.780999,9650
2024-01-17 10:16:00,9.780999,9.784754,9.772843,9.778884,9625
2024-01-17 10:17:00,9.778884,9.797322,9.759521,9.774300,452
2024-01-17 10:18:00,9.774300,9.787771,9.758278,9.773072,7083
2024-01-17 10:19:00,9.773072,9.783951,9.743790,9.761082,4960
2024-01-17 10:20:00,9.761082,9.771807,9.736925,9.739081,112
2024-01-17 10:21:00,9.739081,9.750532,9.734014,9.745267,6377
2024-01-17 10:22:00,9.745267,9.764948,9.734789,9.756721,330
2024-01-17 10:23:00,9.756721,9.771809,9.718121,9.735431,3256
2024-01-17 10:24:00,9.735431,9.751550,9.716058,9.739813,6933
2024-01-17 10:25:00,9.739813,9.764209,9.727106,9.752681,8145
2024-01-17 10:26:00,9.752681,9.765275,9.746863,9.759760,4185
2024-01-17 10:27:00,9.759760,9.774187,9.749488,9.754810,8106
2024-01-17 10:28:00,9.754810,9.763867,9.730092,9.743602,8410
2024-01-17 10:29:00,9.743602,9.749854,9.737821,9.744564,4530
2024-01-17 10:30:00,9.744564,9.766496,9.732608,9.747508,1812
2024-01-17 10:31:00,9.747508,9.759768,9.730481,9.748646,6626
2024-01-17 10:32:00,9.748646,9.760150,9.737489,9.746506,236
2024-01-17 10:33:00,9.746506,9.766171,9.724832,9.733644,8942
2024-01-17 10:34:00,9.733644,9.747261,9.730994,9.738666,3942
2024-01-17 10:35:00,9.738666,9.763234,9.732092,9.744259,7624
2024-01-17 10:36:00,9.744259,9.761154,9.729692,9.746645,7387
2024-01-17 10:37:00,9.746645,9.761359,9.738158,9.747964,4781
2024-01-17 10:38:00,9.747964,9.774132,9.743114,9.767913,9720
2024-01-17 10:39:00,9.767913,9.770844,9.756591,9.760495,7983
2024-01-17 10:40:00,9.760495,9.785598,9.756784,9.775718,8848
2024-01-17 10:41:00,9.775718,9.777901,9.753134,9.766998,1029
2024-01-17 10:42:00,9.766998,9.783450,9.753971,9.780172,4892
2024-01-17 10:43:00,9.780172,9.807540,9.768839,9.794824,9524
2024-01-17 10:44:00,9.794824,9.809865,9.780337,9.791343,8146
2024-01-17 10:45:00,9.791343,9.816098,9.786586,9.811075,4595
2024-01-17 10:46:00,9.811075,9.831832,9.800064,9.816647,796
2024-01-17 10:47:00,9.816647,9.835742,9.803146,9.806225,2893
2024-01-17 10:48:00,9.806225,9.821602,9.783115,9.801780,5765
2024-01-17 10:49:00,9.801780,9.831362,9.798736,9.815237,6454
2024-01-17 10:50:00,9.815237,9.840815,9.805613,9.826203,9250
2024-01-17 10:51:00,9.826203,9.832248,9.811623,9.813633,1019
2024-01-17 10:52:00,9.813633,9.822129,9.795828,9.811979,4024
2024-01-17 10:53:00,9.811979,9.833484,9.806988,9.814397,2793
2024-01-17 10:54:00,9.814397,9.828299,9.789718,9.808367,9604
2024-01-17 10:55:00,9.808367,9.852579,9.805575,9.836377,1744
2024-01-17 10:56:00,9.836377,9.858589,9.819602,9.839152,2284
2024-01-17 10:57:00,9.839152,9.845318,9.824599,9.838418,3048
2024-01-17 10:58:00,9.838418,9.860355,9.831923,9.852565,1145
2024-01-17 10:59:00,9.852565,9.866172,9.842583,9.848226,6470
2024-01-17 11:00:00,9.848226,9.862633,9.839788,9.860194,5295
2024-01-17 11:01:00,9.860194,9.872476,9.823471,9.840382,5620
2024-01-17 11:02:00,9.840382,9.856939,9.817478,9.834993,9081
2024-01-17 11:03:00,9.834993,9.860444,9.829838,9.847456,4387
2024-01-17 11:04:00,9.847456,9.873426,9.839094,9.866109,3181
2024-01-17 11:05:00,9.866109,9.881143,9.850648,9.856923,3816
2024-01-17 11:06:00,9.856923,9.861551,9.842144,9.846352,8021
2024-01-17 11:07:00,9.846352,9.871199,9.832716,9.853093,5331
2024-01-17 11:08:00,9.853093,9.856909,9.837466,9.845691,1775
2024-01-17 11:09:00,9.845691,9.863234,9.836444,9.842501,6929
2024-01-17 11:10:00,9.842501,9.863873,9.824913,9.852912,7481
2024-01-17 11:11:00,9.852912,9.862628,9.830979,9.846448,2574
2024-01-17 11:12:00,9.846448,9.857460,9.807172,9.823100,5614
2024-01-17 11:13:00,9.823100,9.828703,9.804938,9.807643,5680
2024-01-17 11:14:00,9.807643,9.818000,9.789171,9.807762,1832
2024-01-17 11:15:00,9.807762,9.825057,9.773279,9.785625,190
2024-01-17 11:16:00,9.785625,9.802042,9.771026,9.782094,7209
2024-01-17 11:17:00,9.782094,9.787029,9.763366,9.765557,6192
2024-01-17 11:18:00,9.765557,9.799160,9.747399,9.785039,7166
2024-01-17 11:19:00,9.785039,9.828183,9.773249,9.810760,3835
2024-01-17 11:20:00,9.810760,9.827516,9.781336,9.798189,5202
2024-01-17 11:21:00,9.798189,9.810901,9.784390,9.801239,9818
2024-01-17 11:22:00,9.801239,9.804105,9.773489,9.789830,2332
2024-01-17 11:23:00,9.789830,9.808591,9.771683,9.786155,6562
2024-01-17 11:24:00,9.786155,9.816706,9.767578,9.807580,1409
2024-01-17 11:25:00,9.807580,9.816078,9.795977,9.802036,750
2024-01-17 11:26:00,9.802036,9.817707,9.793000,9.798638,9576
2024-01-17 11:27:00,9.798638,9.805389,9.772615,9.787441,1385
2024-01-17 11:28:00,9.787441,9.818083,9.776416,9.801057,6592
2024-01-17 11:29:00,9.801057,9.804426,9.749506,9.762291,5190
2024-01-17 11:30:00,9.762291,9.777623,9.742277,9.757030,8111
2024-01-17 13:01:00,9.757030,9.776415,9.744632,9.756485,5511
2024-01-17 13:02:00,9.756485,9.776409,9.732453,9.748632,7000
2024-01-17 13:03:00,9.748632,9.777519,9.740892,9.758890,8951
2024-01-17 13:04:00,9.758890,9.790844,9.741429,9.773170,8311
2024-01-17 13:05:00,9.773170,9.780190,9.752457,9.756396,7246
2024-01-17 13:06:00,9.756396,9.800665,9.742984,9.781266,1708
2024-01-17 13:07:00,9.781266,9.799968,9.746335,9.764358,1777
2024-01-17 13:08:00,9.764358,9.791285,9.757809,9.779666,5019
2024-01-17 13:09:00,9.779666,9.790684,9.771783,9.781446,6622
2024-01-17 13:10:00,9.781446,9.785413,9.767964,9.775462,6704
2024-01-17 13:11:00,9.775462,9.788094,9.758442,9.770599,7888
2024-01-17 13:12:00,9.770599,9.785209,9.760769,9.770201,1123
2024-01-17 13:13:00,9.770201,9.781949,9.766258,9.772677,1817
2024-01-17 13:14:00,9.772677,9.781986,9.743703,9.761746,1584
2024-01-17 13:15:00,9.761746,9.774065,9.753283,9.758967,5456
2024-01-17 13:16:00,9.758967,9.761467,9.738198,9.749811,6376
2024-01-17 13:17:00,9.749811,9.769053,9.722670,9.735377,1243
2024-01-17 13:18:00,9.735377,9.742595,9.722934,9.725668,8700
2024-01-17 13:19:00,9.725668,9.730204,9.708283,9.712006,3104
2024-01-17 13:20:00,9.712006,9.714105,9.687524,9.707015,6638
2024-01-17 13:21:00,9.707015,9.729577,9.693054,9.712153,7541
2024-01-17 13:22:00,9.712153,9.731124,9.709548,9.713587,458
2024-01-17 13:23:00,9.713587,9.740757,9.697291,9.737041,8661
2024-01-17 13:24:00,9.737041,9.741781,9.699628,9.710782,9707
2024-01-17 13:25:00,9.710782,9.726419,9.707428,9.716357,9590
2024-01-17 13:26:00,9.716357,9.721776,9.702104,9.716434,1481
2024-01-17 13:27:00,9.716434,9.741368,9.705445,9.726123,3987
2024-01-17 13:28:00,9.726123,9.737680,9.720435,9.734635,2402
2024-01-17 13:29:00,9.734635,9.746530,9.714876,9.732675,4562
2024-01-17 13:30:00,9.732675,9.743616,9.725430,9.734726,9752
2024-01-17 13:31:00,9.734726,9.745095,9.718764,9.725887,7654
2024-01-17 13:32:00,9.725887,9.742822,9.718977,9.733177,7733
2024-01-17 13:33:00,9.733177,9.737934,9.695042,9.710856,4277
2024-01-17 13:34:00,9.710856,9.726050,9.696146,9.720085,9372
2024-01-17 13:35:00,9.720085,9.723251,9.701553,9.719810,9208
2024-01-17 13:36:00,9.719810,9.723885,9.707895,9.714023,8085
2024-01-17 13:37:00,9.714023,9.733625,9.695106,9.711261,8163
2024-01-17 13:38:00,9.711261,9.718297,9.697055,9.709370,6552
2024-01-17 13:39:00,9.709370,9.732308,9.701814,9.724781,1043
2024-01-17 13:40:00,9.724781,9.767482,9.722143,9.763194,2917
2024-01-17 13:41:00,9.763194,9.793279,9.746453,9.777686,7711
2024-01-17 13:42:00,9.777686,9.796321,9.764631,9.770970,3336
2024-01-17 13:43:00,9.770970,9.794667,9.757599,9.778452,1806
2024-01-17 13:44:00,9.778452,9.799478,9.766572,9.786451,9477
2024-01-17 13:45:00,9.786451,9.803089,9.773380,9.775460,4934
2024-01-17 13:46:00,9.775460,9.784736,9.740584,9.760482,8620
2024-01-17 13:47:00,9.760482,9.777953,9.743072,9.759730,2913
2024-01-17 13:48:00,9.759730,9.785699,9.748974,9.769326,3658
2024-01-17 13:49:00,9.769326,9.771357,9.735932,9.750178,3498
2024-01-17 13:50:00,9.750178,9.760958,9.731035,9.741614,3795
2024-01-17 13:51:00,9.741614,9.755180,9.726211,9.748417,4432
2024-01-17 13:52:00,9.748417,9.752465,9.743999,9.748912,3047
2024-01-17 13:53:00,9.748912,9.782969,9.738878,9.765737,8160
2024-01-17 13:54:00,9.765737,9.767880,9.740931,9.748971,3328
2024-01-17 13:55:00,9.748971,9.792057,9.738697,9.776914,4471
2024-01-17 13:56:00,9.776914,9.796701,9.748534,9.758643,8620
2024-01-17 13:57:00,9.758643,9.769319,9.729961,9.734537,4427
2024-01-17 13:58:00,9.734537,9.743219,9.714260,9.733837,204
2024-01-17 13:59:00,9.733837,9.746742,9.718081,9.720360,104
2024-01-17 14:00:00,9.720360,9.736845,9.717718,9.719900,4416
2024-01-17 14:01:00,9.719900,9.726224,9.710302,9.719024,6520
2024-01-17 14:02:00,9.719024,9.725536,9.703531,9.716698,9434
2024-01-17 14:03:00,9.716698,9.729627,9.701457,9.706690,1394
2024-01-17 14:04:00,9.706690,9.730748,9.695093,9.711830,5472
2024-01-17 14:05:00,9.711830,9.719202,9.693051,9.708060,2960
2024-01-17 14:06:00,9.708060,9.729953,9.704367,9.721172,4559
2024-01-17 14:07:00,9.721172,9.741052,9.699309,9.719029,4482
2024-01-17 14:08:00,9.719029,9.724201,9.699509,9.707569,3192
2024-01-17 14:09:00,9.707569,9.710955,9.673956,9.687520,280
2024-01-17 14:10:00,9.687520,9.700135,9.681482,9.685475,831
2024-01-17 14:11:00,9.685475,9.687912,9.655627,9.670397,5271
2024-01-17 14:12:00,9.670397,9.675645,9.637232,9.654360,2322
2024-01-17 14:13:00,9.654360,9.673826,9.650465,9.660626,3337
2024-01-17 14:14:00,9.660626,9.674497,9.635242,9.639508,995
2024-01-17 14:15:00,9.639508,9.667472,9.632449,9.656284,591
2024-01-17 14:16:00,9.656284,9.667089,9.654070,9.658182,1354
2024-01-17 14:17:00,9.658182,9.670553,9.637912,9.657661,3834
2024-01-17 14:18:00,9.657661,9.671242,9.632597,9.645368,1718
2024-01-17 14:19:00,9.645368,9.670911,9.632432,9.654449,2391
2024-01-17 14:20:00,9.654449,9.670718,9.635153,9.654414,3090
2024-01-17 14:21:00,9.654414,9.668381,9.629287,9.646264,2984
2024-01-17 14:22:00,9.646264,9.666734,9.629607,9.648638,209
2024-01-17 14:23:00,9.648638,9.665722,9.620535,9.628647,1261
2024-01-17 14:24:00,9.628647,9.633045,9.601192,9.609219,9506
2024-01-17 14:25:00,9.609219,9.628440,9.588661,9.595912,6713
2024-01-17 14:26:00,9.595912,9.618116,9.587671,9.600064,1325
2024-01-17 14:27:00,9.600064,9.607841,9.591374,9.600025,2908
2024-01-17 14:28:00,9.600025,9.614850,9.595505,9.612487,3893
2024-01-17 14:29:00,9.612487,9.625359,9.593151,9.601558,9066
2024-01-17 14:30:00,9.601558,9.618276,9.591516,9.608385,8807
2024-01-17 14:31:00,9.608385,9.623877,9.599464,9.607032,7727
2024-01-17 14:32:00,9.607032,9.618475,9.590853,9.595829,1155
2024-01-17 14:33:00,9.595829,9.603783,9.587107,9.600406,4955
2024-01-17 14:34:00,9.600406,9.606811,9.588966,9.599622,4887
2024-01-17 14:35:00,9.599622,9.617507,9.577175,9.592148,6411
2024-01-17 14:36:00,9.592148,9.595326,9.577346,9.592647,8463
2024-01-17 14:37:00,9.592647,9.607907,9.585460,9.591108,3277
2024-01-17 14:38:00,9.591108,9.598363,9.586623,9.589283,5613
2024-01-17 14:39:00,9.589283,9.599430,9.576913,9.584381,2711
2024-01-17 14:40:00,9.584381,9.595939,9.564050,9.568879,2182
2024-01-17 14:41:00,9.568879,9.576268,9.559755,9.569767,3201
2024-01-17 14:42:00,9.569767,9.583502,9.540603,9.560231,7381
2024-01-17 14:43:00,9.560231,9.574713,9.542850,9.548110,4434
2024-01-17 14:44:00,9.548110,9.551641,9.537511,9.545250,6845
2024-01-17 14:45:00,9.545250,9.562701,9.530198,9.553970,6942
2024-01-17 14:46:00,9.553970,9.571574,9.542805,9.556175,3685
2024-01-17 14:47:00,9.556175,9.571165,9.547075,9.549866,9554
2024-01-17 14:48:00,9.549866,9.561668,9.538168,9.543078,558
2024-01-17 14:49:00,9.543078,9.566630,9.524244,9.550631,8979
2024-01-17 14:50:00,9.550631,9.554569,9.518302,9.522159,177
2024-01-17 14:51:00,9.522159,9.535759,9.508727,9.531631,3885
2024-01-17 14:52:00,9.531631,9.545466,9.493107,9.509369,8271
2024-01-17 14:53:00,9.509369,9.523849,9.485776,9.492554,6874
2024-01-17 14:54:00,9.492554,9.509216,9.471393,9.486445,3283
2024-01-17 14:55:00,9.486445,9.517484,9.481387,9.512225,8867
2024-01-17 14:56:00,9.512225,9.543454,9.505100,9.532152,1463
2024-01-17 14:57:00,9.532152,9.554440,9.524540,9.540545,6740
2024-01-17 14:58:00,9.540545,9.550807,9.520609,9.544781,5233
2024-01-17 14:59:00,9.544781,9.556086,9.516795,9.522658,2150
2024-01-17 15:00:00,9.522658,9.538012,9.518332,9.524520,9216
2024-01-18 09:31:00,9.848640,9.863943,9.828821,9.851570,6339
2024-01-18 09:32:00,9.851570,9.869029,9.838150,9.856809,8199
2024-01-18 09:33:00,9.856809,9.875564,9.843359,9.861924,5075
2024-01-18 09:34:00,9.861924,9.871854,9.847081,9.850380,2688
2024-01-18 09:35:00,9.850380,9.853355,9.811485,9.830927,6246
2024-01-18 09:36:00,9.830927,9.843165,9.812857,9.834028,9956
2024-01-18 09:37:00,9.834028,9.852232,9.816189,9.828049,2435
2024-01-18 09:38:00,9.828049,9.866264,9.820480,9.849775,5676
2024-01-18 09:39:00,9.849775,9.890740,9.835210,9.872046,602
2024-01-18 09:40:00,9.872046,9.900324,9.855046,9.895573,2403
2024-01-18 09:41:00,9.895573,9.906680,9.868313,9.884463,7694
2024-01-18 09:42:00,9.884463,9.903717,9.864876,9.891192,5010
2024-01-18 09:43:00,9.891192,9.907264,9.877728,9.901485,2072
2024-01-18 09:44:00,9.901485,9.916066,9.893703,9.910448,3420
2024-01-18 09:45:00,9.910448,9.926525,9.895298,9.906260,1297
2024-01-18 09:46:00,9.906260,9.935472,9.889567,9.921379,7816
2024-01-18 09:47:00,9.921379,9.935035,9.914603,9.921386,9434
2024-01-18 09:48:00,9.921386,9.929708,9.915221,9.922902,1147
2024-01-18 09:49:00,9.922902,9.934024,9.889684,9.904732,2455
2024-01-18 09:50:00,9.904732,9.914773,9.894732,9.912358,8584
2024-01-18 09:51:00,9.912358,9.916697,9.892591,9.909290,8798
2024-01-18 09:52:00,9.909290,9.926126,9.904703,9.914797,7696
2024-01-18 09:53:00,9.914797,9.925173,9.906755,9.917599,7178
2024-01-18 09:54:00,9.917599,9.939153,9.910773,9.919771,8627
2024-01-18 09:55:00,9.919771,9.930258,9.904720,9.919282,3797
2024-01-18 09:56:00,9.919282,9.932159,9.903614,9.928654,8960
2024-01-18 09:57:00,9.928654,9.930976,9.916207,9.926415,8877
2024-01-18 09:58:00,9.926415,9.941470,9.898774,9.909379,2374
2024-01-18 09:59:00,9.909379,9.921422,9.905002,9.916335,822
2024-01-18 10:00:00,9.916335,9.921716,9.892470,9.907103,5257
2024-01-18 10:01:00,9.907103,9.916732,9.872053,9.891915,7607
2024-01-18 10:02:00,9.891915,9.898668,9.864473,9.880475,8514
2024-01-18 10:03:00,9.880475,9.897804,9.874459,9.884705,1510
2024-01-18 10:04:00,9.884705,9.895504,9.871489,9.884762,3836
2024-01-18 10:05:00,9.884762,9.888768,9.853855,9.861165,7701
2024-01-18 10:06:00,9.861165,9.877290,9.856223,9.858766,698
2024-01-18 10:07:00,9.858766,9.885054,9.853529,9.875389,7257
2024-01-18 10:08:00,9.875389,9.888384,9.869850,9.873697,2987
2024-01-18 10:09:00,9.873697,9.878487,9.868170,9.876416,322
2024-01-18 10:10:00,9.876416,9.907950,9.860095,9.894674,2495
2024-01-18 10:11:00,9.894674,9.918608,9.887404,9.911517,7444
2024-01-18 10:12:00,9.911517,9.943716,9.895890,9.932817,8713
2024-01-18 10:13:00,9.932817,9.940176,9.892272,9.911351,904
2024-01-18 10:14:00,9.911351,9.965451,9.899014,9.945518,4692
2024-01-18 10:15:00,9.945518,9.975554,9.934781,9.969398,2091
2024-01-18 10:16:00,9.969398,10.036242,9.953896,10.017811,6867
2024-01-18 10:17:00,10.017811,10.049625,10.014063,10.031101,7828
2024-01-18 10:18:00,10.031101,10.045789,10.021393,10.036211,9624
2024-01-18 10:19:00,10.036211,10.073261,10.025232,10.065789,3613
2024-01-18 10:20:00,10.065789,10.104463,10.048830,10.095605,3061
2024-01-18 10:21:00,10.095605,10.159708,10.078949,10.139900,3167
2024-01-18 10:22:00,10.139900,10.205606,10.122631,10.192468,7635
2024-01-18 10:23:00,10.192468,10.246051,10.177906,10.234245,4506
2024-01-18 10:24:00,10.234245,10.279303,10.222695,10.276656,325
2024-01-18 10:25:00,10.276656,10.347149,10.259754,10.329888,9481
2024-01-18 10:26:00,10.329888,10.378428,10.312169,10.374919,1130
2024-01-18 10:27:00,10.374919,10.421898,10.364271,10.419052,9288
2024-01-18 10:28:00,10.419052,10.485480,10.399310,10.478532,1702
2024-01-18 10:29:00,10.478532,10.549193,10.460786,10.538629,5427
2024-01-18 10:30:00,10.538629,10.611633,10.527440,10.593518,3192
2024-01-18 10:31:00,10.593518,10.645602,10.590271,10.629381,6899
2024-01-18 10:32:00,10.629381,10.642238,10.623340,10.636681,4089
2024-01-18 10:33:00,10.636681,10.670029,10.620706,10.661331,3736
2024-01-18 10:34:00,10.661331,10.687862,10.657330,10.671817,4822
2024-01-18 10:35:00,10.671817,10.693679,10.661361,10.682191,9711
2024-01-18 10:36:00,10.682191,10.687332,10.665382,10.678269,2528
2024-01-18 10:37:00,10.678269,10.687398,10.656204,10.674015,2275
2024-01-18 10:38:00,10.674015,10.687282,10.632577,10.649825,755
2024-01-18 10:39:00,10.649825,10.669343,10.599488,10.615245,7412
2024-01-18 10:40:00,10.615245,10.629158,10.593955,10.603294,6807
2024-01-18 10:41:00,10.603294,10.605585,10.554685,10.559245,6126
2024-01-18 10:42:00,10.559245,10.573935,10.507344,10.521398,334
2024-01-18 10:43:00,10.521398,10.527913,10.485337,10.490600,7926
2024-01-18 10:44:00,10.490600,10.508119,10.444094,10.456198,8113
2024-01-18 10:45:00,10.456198,10.465108,10.398717,10.418369,9455
2024-01-18 10:46:00,10.418369,10.423962,10.361892,10.373797,9298
2024-01-18 10:47:00,10.373797,10.384220,10.320673,10.334293,2705
2024-01-18 10:48:00,10.334293,10.340886,10.289270,10.303467,7132
2024-01-18 10:49:00,10.303467,10.309711,10.246287,10.263234,4086
2024-01-18 10:50:00,10.263234,10.275553,10.188882,10.198712,6000
2024-01-18 10:51:00,10.198712,10.214524,10.141646,10.152602,3391
2024-01-18 10:52:00,10.152602,10.169631,10.119094,10.124261,6604
2024-01-18 10:53:00,10.124261,10.133419,10.070716,10.083780,9532
2024-01-18 10:54:00,10.083780,10.086983,10.066111,10.073434,6556
2024-01-18 10:55:00,10.073434,10.084146,10.035600,10.046737,9216
2024-01-18 10:56:00,10.046737,10.056545,10.009410,10.025208,9323
2024-01-18 10:57:00,10.025208,10.030754,10.016863,10.019179,1276
2024-01-18 10:58:00,10.019179,10.037310,9.988509,10.000659,9646
2024-01-18 10:59:00,10.000659,10.020194,9.983941,9.989063,8200
2024-01-18 11:00:00,9.989063,9.991994,9.981359,9.988388,4324
2024-01-18 11:01:00,9.988388,10.004711,9.959138,9.961763,6040
2024-01-18 11:02:00,9.961763,9.975386,9.945900,9.950950,6209
2024-01-18 11:03:00,9.950950,9.961523,9.931191,9.954817,7885
2024-01-18 11:04:00,9.954817,9.968250,9.930945,9.950918,8047
2024-01-18 11:05:00,9.950918,9.968934,9.935961,9.964618,1114
2024-01-18 11:06:00,9.964618,9.967867,9.930175,9.943189,110
2024-01-18 11:07:00,9.943189,9.963071,9.905094,9.921080,2540
2024-01-18 11:08:00,9.921080,9.942023,9.902942,9.928569,5317
2024-01-18 11:09:00,9.928569,9.944162,9.917221,9.937604,8507
2024-01-18 11:10:00,9.937604,9.947705,9.931804,9.934439,6563
2024-01-18 11:11:00,9.934439,9.957630,9.919670,9.938529,1445
2024-01-18 11:12:00,9.938529,9.956771,9.918806,9.946874,7200
2024-01-18 11:13:00,9.946874,9.965082,9.930281,9.936926,4735
2024-01-18 11:14:00,9.936926,9.954565,9.917998,9.928340,3751
2024-01-18 11:15:00,9.928340,9.938616,9.919837,9.930421,7739
2024-01-18 11:16:00,9.930421,9.955522,9.921392,9.940994,3026
2024-01-18 11:17:00,9.940994,9.954883,9.912153,9.927139,6224
2024-01-18 11:18:00,9.927139,9.943020,9.915937,9.924748,1903
2024-01-18 11:19:00,9.924748,9.933335,9.902888,9.921827,3877
2024-01-18 11:20:00,9.921827,9.929684,9.905613,9.926744,5622
2024-01-18 11:21:00,9.926744,9.931823,9.924129,9.926627,6271
2024-01-18 11:22:00,9.926627,9.939725,9.903432,9.920166,9201
2024-01-18 11:23:00,9.920166,9.950867,9.904254,9.934916,2974
2024-01-18 11:24:00,9.934916,9.950524,9.917242,9.928539,8970
2024-01-18 11:25:00,9.928539,9.941045,9.914141,9.925084,8184
2024-01-18 11:26:00,9.925084,9.928610,9.889234,9.906274,3663
2024-01-18 11:27:00,9.906274,9.908585,9.888193,9.897839,1486
2024-01-18 11:28:00,9.897839,9.920016,9.892969,9.903937,2652
2024-01-18 11:29:00,9.903937,9.919615,9.896305,9.907726,6612
2024-01-18 11:30:00,9.907726,9.930900,9.900952,9.914811,7909
2024-01-18 13:01:00,9.914811,9.926253,9.900552,9.921323,6161
2024-01-18 13:02:00,9.921323,9.955330,9.916103,9.945996,7277
2024-01-18 13:03:00,9.945996,9.964541,9.923552,9.937158,1106
2024-01-18 13:04:00,9.937158,9.942246,9.907631,9.918019,5102
2024-01-18 13:05:00,9.918019,9.921126,9.888489,9.905603,8750
2024-01-18 13:06:00,9.905603,9.919365,9.886557,9.897287,3951
2024-01-18 13:07:00,9.897287,9.909988,9.867035,9.885772,8998
2024-01-18 13:08:00,9.885772,9.906015,9.867563,9.886879,1325
2024-01-18 13:09:00,9.886879,9.920000,9.881544,9.901683,9789
2024-01-18 13:10:00,9.901683,9.935369,9.887332,9.919879,7872
2024-01-18 13:11:00,9.919879,9.928184,9.914016,9.925839,6299
2024-01-18 13:12:00,9.925839,9.961793,9.909020,9.951146,6212
2024-01-18 13:13:00,9.951146,9.969276,9.933491,9.946934,9369
2024-01-18 13:14:00,9.946934,9.956740,9.920346,9.927640,3831
2024-01-18 13:15:00,9.927640,9.959406,9.921156,9.940087,1732
2024-01-18 13:16:00,9.940087,9.953832,9.908626,9.918358,9196
2024-01-18 13:17:00,9.918358,9.922328,9.893022,9.909435,1117
2024-01-18 13:18:00,9.909435,9.926749,9.893104,9.915582,6630
2024-01-18 13:19:00,9.915582,9.930103,9.911771,9.914372,2733
2024-01-18 13:20:00,9.914372,9.917549,9.904674,9.912115,9299
2024-01-18 13:21:00,9.912115,9.920319,9.888549,9.898160,9739
2024-01-18 13:22:00,9.898160,9.913068,9.885492,9.898033,4796
2024-01-18 13:23:00,9.898033,9.914721,9.893341,9.909894,5379
2024-01-18 13:24:00,9.909894,9.918400,9.901859,9.910130,4600
2024-01-18 13:25:00,9.910130,9.924549,9.882378,9.900318,4309
2024-01-18 13:26:00,9.900318,9.916278,9.874997,9.885574,9378
2024-01-18 13:27:00,9.885574,9.896908,9.860612,9.876006,2942
2024-01-18 13:28:00,9.876006,9.899867,9.865280,9.880643,9601
2024-01-18 13:29:00,9.880643,9.903360,9.870273,9.884704,6539
2024-01-18 13:30:00,9.884704,9.895226,9.862049,9.875243,9611
2024-01-18 13:31:00,9.875243,9.880128,9.842447,9.849116,6159
2024-01-18 13:32:00,9.849116,9.869992,9.842619,9.854079,8207
2024-01-18 13:33:00,9.854079,9.860456,9.823662,9.843470,4950
2024-01-18 13:34:00,9.843470,9.868784,9.825828,9.851614,4677
2024-01-18 13:35:00,9.851614,9.864182,9.827398,9.842678,2649
2024-01-18 13:36:00,9.842678,9.851771,9.826534,9.831002,2181
2024-01-18 13:37:00,9.831002,9.844827,9.828458,9.832813,473
2024-01-18 13:38:00,9.832813,9.872267,9.827655,9.860677,3896
2024-01-18 13:39:00,9.860677,9.888174,9.841798,9.869529,9878
2024-01-18 13:40:00,9.869529,9.876997,9.852836,9.871139,9389
2024-01-18 13:41:00,9.871139,9.894087,9.859724,9.875380,6933
2024-01-18 13:42:00,9.875380,9.877944,9.835247,9.854685,3699
2024-01-18 13:43:00,9.854685,9.870530,9.836782,9.841420,5251
2024-01-18 13:44:00,9.841420,9.859974,9.799681,9.811745,7591
2024-01-18 13:45:00,9.811745,9.841283,9.806447,9.832190,119
2024-01-18 13:46:00,9.832190,9.853556,9.824674,9.850241,9237
2024-01-18 13:47:00,9.850241,9.871367,9.831318,9.854883,8717
2024-01-18 13:48:00,9.854883,9.873652,9.837254,9.856480,9706
2024-01-18 13:49:00,9.856480,9.864533,9.834310,9.838143,1034
2024-01-18 13:50:00,9.838143,9.849478,9.829059,9.835551,9481
2024-01-18 13:51:00,9.835551,9.873305,9.822850,9.856734,6173
2024-01-18 13:52:00,9.856734,9.863744,9.853630,9.858287,5595
2024-01-18 13:53:00,9.858287,9.871609,9.839713,9.851614,1877
2024-01-18 13:54:00,9.851614,9.861366,9.818316,9.830837,4969
2024-01-18 13:55:00,9.830837,9.852289,9.823599,9.847150,3696
2024-01-18 13:56:00,9.847150,9.864116,9.839045,9.846321,9877
2024-01-18 13:57:00,9.846321,9.854166,9.819436,9.825560,3463
2024-01-18 13:58:00,9.825560,9.844379,9.795794,9.814636,2259
2024-01-18 13:59:00,9.814636,9.826877,9.790538,9.799538,9469
2024-01-18 14:00:00,9.799538,9.810799,9.785446,9.797981,1956
2024-01-18 14:01:00,9.797981,9.810051,9.790553,9.800431,9054
2024-01-18 14:02:00,9.800431,9.809643,9.779836,9.794484,9635
2024-01-18 14:03:00,9.794484,9.820391,9.790658,9.803667,3142
2024-01-18 14:04:00,9.803667,9.818794,9.800378,9.804599,6923
2024-01-18 14:05:00,9.804599,9.833080,9.789202,9.817154,7987
2024-01-18 14:06:00,9.817154,9.826733,9.797852,9.812932,5409
2024-01-18 14:07:00,9.812932,9.855629,9.806162,9.848923,7000
2024-01-18 14:08:00,9.848923,9.852487,9.833861,9.842252,1407
2024-01-18 14:09:00,9.842252,9.858231,9.812345,9.831576,5208
2024-01-18 14:10:00,9.831576,9.841051,9.815569,9.819447,5181
2024-01-18 14:11:00,9.819447,9.830613,9.811657,9.816954,5708
2024-01-18 14:12:00,9.816954,9.827402,9.786891,9.796631,9447
2024-01-18 14:13:00,9.796631,9.809873,9.789554,9.800113,8264
2024-01-18 14:14:00,9.800113,9.814423,9.763913,9.777595,6068
2024-01-18 14:15:00,9.777595,9.792463,9.763164,9.779506,4093
2024-01-18 14:16:00,9.779506,9.799003,9.752061,9.763536,4105
2024-01-18 14:17:00,9.763536,9.768036,9.746028,9.759030,299
2024-01-18 14:18:00,9.759030,9.778498,9.749228,9.766175,5555
2024-01-18 14:19:00,9.766175,9.796543,9.750488,9.793405,2599
2024-01-18 14:20:00,9.793405,9.809947,9.777907,9.780664,8872
2024-01-18 14:21:00,9.780664,9.793758,9.771256,9.778888,7758
2024-01-18 14:22:00,9.778888,9.788599,9.756014,9.770334,9137
2024-01-18 14:23:00,9.770334,9.786774,9.752120,9.760054,9958
2024-01-18 14:24:00,9.760054,9.770244,9.748190,9.751604,4060
2024-01-18 14:25:00,9.751604,9.767443,9.743394,9.761343,4341
2024-01-18 14:26:00,9.761343,9.771848,9.740768,9.755575,6119
2024-01-18 14:27:00,9.755575,9.785433,9.751379,9.782158,4362
2024-01-18 14:28:00,9.782158,9.805236,9.767115,9.787074,2864
2024-01-18 14:29:00,9.787074,9.802232,9.759180,9.775138,7100
2024-01-18 14:30:00,9.775138,9.790823,9.757368,9.770804,4565
2024-01-18 14:31:00,9.770804,9.788545,9.754931,9.761327,9424
2024-01-18 14:32:00,9.761327,9.787031,9.744832,9.770783,2276
2024-01-18 14:33:00,9.770783,9.780556,9.745555,9.751415,4493
2024-01-18 14:34:00,9.751415,9.755551,9.717263,9.735567,5361
2024-01-18 14:35:00,9.735567,9.744288,9.713857,9.728576,9087
2024-01-18 14:36:00,9.728576,9.755461,9.725591,9.736648,5824
2024-01-18 14:37:00,9.736648,9.770304,9.720260,9.751220,783
2024-01-18 14:38:00,9.751220,9.783358,9.740105,9.767536,3444
2024-01-18 14:39:00,9.767536,9.779477,9.757388,9.773797,8872
2024-01-18 14:40:00,9.773797,9.779298,9.763249,9.772818,2793
2024-01-18 14:41:00,9.772818,9.800045,9.759898,9.782209,3472
2024-01-18 14:42:00,9.782209,9.786763,9.753640,9.768683,1595
2024-01-18 14:43:00,9.768683,9.781197,9.728754,9.746882,7222
2024-01-18 14:44:00,9.746882,9.760851,9.739969,9.752042,1481
2024-01-18 14:45:00,9.752042,9.759479,9.726803,9.740157,3741
2024-01-18 14:46:00,9.740157,9.754350,9.725031,9.739385,7143
2024-01-18 14:47:00,9.739385,9.760071,9.725239,9.740799,8965
2024-01-18 14:48:00,9.740799,9.759729,9.729925,9.743731,2294
2024-01-18 14:49:00,9.743731,9.765565,9.734693,9.754814,3388
2024-01-18 14:50:00,9.754814,9.774581,9.739092,9.764648,1267
2024-01-18 14:51:00,9.764648,9.785291,9.757248,9.766953,4434
2024-01-18 14:52:00,9.766953,9.779359,9.755984,9.761729,9988
2024-01-18 14:53:00,9.761729,9.773942,9.749904,9.763002,3111
2024-01-18 14:54:00,9.763002,9.777293,9.749139,9.755956,2673
2024-01-18 14:55:00,9.755956,9.762225,9.751037,9.753635,4057
2024-01-18 14:56:00,9.753635,9.787725,9.750706,9.784577,8970
2024-01-18 14:57:00,9.784577,9.804122,9.770067,9.786730,5515
2024-01-18 14:58:00,9.786730,9.804982,9.767214,9.792052,6130
2024-01-18 14:59:00,9.792052,9.797019,9.773530,9.783714,7827
2024-01-18 15:00:00,9.783714,9.803134,9.779067,9.795770,7179
2024-01-19 09:31:00,9.814197,9.826849,9.800237,9.802676,8533
2024-01-19 09:32:00,9.802676,9.814341,9.797925,9.804442,8710
2024-01-19 09:33:00,9.804442,9.820070,9.769765,9.787193,8180
2024-01-19 09:34:00,9.787193,9.802511,9.755374,9.771741,3165
2024-01-19 09:35:00,9.771741,9.776210,9.740418,9.757638,4706
2024-01-19 09:36:00,9.757638,9.773905,9.741754,9.754982,7217
2024-01-19 09:37:00,9.754982,9.758396,9.739600,9.752833,1766
2024-01-19 09:38:00,9.752833,9.766819,9.748603,9.755810,5816
2024-01-19 09:39:00,9.755810,9.777232,9.741228,9.763620,5349
2024-01-19 09:40:00,9.763620,9.780411,9.752612,9.759653,9835
2024-01-19 09:41:00,9.759653,9.770415,9.748306,9.760079,592
2024-01-19 09:42:00,9.760079,9.766343,9.728012,9.747197,1036
2024-01-19 09:43:00,9.747197,9.758029,9.713692,9.731363,397
2024-01-19 09:44:00,9.731363,9.737867,9.707512,9.713710,5524
2024-01-19 09:45:00,9.713710,9.732873,9.698450,9.721356,5552
2024-01-19 09:46:00,9.721356,9.731681,9.713503,9.717376,5966
2024-01-19 09:47:00,9.717376,9.733425,9.692859,9.695340,2496
2024-01-19 09:48:00,9.695340,9.701662,9.692090,9.694597,3145
2024-01-19 09:49:00,9.694597,9.700197,9.674825,9.679890,4226
2024-01-19 09:50:00,9.679890,9.709979,9.665381,9.699444,564
2024-01-19 09:51:00,9.699444,9.702353,9.684088,9.692627,7549
2024-01-19 09:52:00,9.692627,9.706781,9.690340,9.700653,615
2024-01-19 09:53:00,9.700653,9.721845,9.680869,9.713478,6702
2024-01-19 09:54:00,9.713478,9.724255,9.690631,9.702232,4590
2024-01-19 09:55:00,9.702232,9.709977,9.693142,9.703127,9988
2024-01-19 09:56:00,9.703127,9.721737,9.691788,9.709646,6955
2024-01-19 09:57:00,9.709646,9.728818,9.698286,9.711006,4807
2024-01-19 09:58:00,9.711006,9.727046,9.700542,9.715259,7031
2024-01-19 09:59:00,9.715259,9.722422,9.686567,9.699600,1260
2024-01-19 10:00:00,9.699600,9.709241,9.681659,9.706125,1891
2024-01-19 10:01:00,9.706125,9.710585,9.692969,9.700399,5039
2024-01-19 10:02:00,9.700399,9.716617,9.689634,9.704515,8593
2024-01-19 10:03:00,9.704515,9.729656,9.702449,9.715350,8218
2024-01-19 10:04:00,9.715350,9.726120,9.697873,9.723226,3833
2024-01-19 10:05:00,9.723226,9.732673,9.715720,9.727333,2908
2024-01-19 10:06:00,9.727333,9.742639,9.720450,9.734895,9647
2024-01-19 10:07:00,9.734895,9.750759,9.714940,9.743003,5697
2024-01-19 10:08:00,9.743003,9.779867,9.730484,9.760615,1269
2024-01-19 10:09:00,9.760615,9.766283,9.756000,9.760214,2326
2024-01-19 10:10:00,9.760214,9.765271,9.753435,9.762145,8380
2024-01-19 10:11:00,9.762145,9.781477,9.753787,9.773122,8992
2024-01-19 10:12:00,9.773122,9.777542,9.747598,9.767347,9092
2024-01-19 10:13:00,9.767347,9.771626,9.741870,9.751622,168
2024-01-19 10:14:00,9.751622,9.766764,9.745479,9.757430,8244
2024-01-19 10:15:00,9.757430,9.764945,9.742749,9.755004,1208
2024-01-19 10:16:00,9.755004,9.758655,9.731497,9.740783,8107
2024-01-19 10:17:00,9.740783,9.759555,9.737794,9.746678,8826
2024-01-19 10:18:00,9.746678,9.774563,9.729181,9.763532,3676
2024-01-19 10:19:00,9.763532,9.766920,9.742056,9.744339,2016
2024-01-19 10:20:00,9.744339,9.773908,9.726166,9.756379,7162
2024-01-19 10:21:00,9.756379,9.763504,9.710246,9.726500,777
2024-01-19 10:22:00,9.726500,9.745804,9.718421,9.721785,5835
2024-01-19 10:23:00,9.721785,9.762229,9.706760,9.743461,3382
2024-01-19 10:24:00,9.743461,9.753275,9.723718,9.739595,4302
2024-01-19 10:25:00,9.739595,9.746768,9.726753,9.740654,8273
2024-01-19 10:26:00,9.740654,9.766665,9.728256,9.749638,9931
2024-01-19 10:27:00,9.749638,9.758141,9.726529,9.729423,4081
2024-01-19 10:28:00,9.729423,9.735216,9.726352,9.730272,2975
2024-01-19 10:29:00,9.730272,9.742957,9.715181,9.731028,8360
2024-01-19 10:30:00,9.731028,9.763770,9.727128,9.752961,4190
2024-01-19 10:31:00,9.752961,9.770261,9.732054,9.738408,2078
2024-01-19 10:32:00,9.738408,9.753535,9.722935,9.733914,9038
2024-01-19 10:33:00,9.733914,9.751685,9.718026,9.722981,9918
2024-01-19 10:34:00,9.722981,9.738206,9.694582,9.710799,2961
2024-01-19 10:35:00,9.710799,9.737635,9.694266,9.724076,1664
2024-01-19 10:36:00,9.724076,9.735393,9.706918,9.724390,1611
2024-01-19 10:37:00,9.724390,9.744166,9.714955,9.717847,6026
2024-01-19 10:38:00,9.717847,9.737112,9.702047,9.711748,3168
2024-01-19 10:39:00,9.711748,9.729028,9.687871,9.705115,6268
2024-01-19 10:40:00,9.705115,9.721071,9.690997,9.699535,7617
2024-01-19 10:41:00,9.699535,9.711931,9.670119,9.684644,156
2024-01-19 10:42:00,9.684644,9.691319,9.668990,9.681597,8612
2024-01-19 10:43:00,9.681597,9.699355,9.669117,9.677366,388
2024-01-19 10:44:00,9.677366,9.679561,9.661466,9.668442,1233
2024-01-19 10:45:00,9.668442,9.676362,9.654692,9.670268,7276
2024-01-19 10:46:00,9.670268,9.682360,9.665863,9.673093,6254
2024-01-19 10:47:00,9.673093,9.685644,9.649055,9.666537,9786
2024-01-19 10:48:00,9.666537,9.678633,9.652464,9.664840,5716
2024-01-19 10:49:00,9.664840,9.695427,9.660833,9.690262,4229
2024-01-19 10:50:00,9.690262,9.719121,9.675598,9.715234,6721
2024-01-19 10:51:00,9.715234,9.721236,9.693060,9.702820,7644
2024-01-19 10:52:00,9.702820,9.711097,9.686377,9.692051,6743
2024-01-19 10:53:00,9.692051,9.694304,9.660275,9.679574,3768
2024-01-19 10:54:00,9.679574,9.706487,9.664621,9.692023,9598
2024-01-19 10:55:00,9.692023,9.698482,9.674656,9.687330,3085
2024-01-19 10:56:00,9.687330,9.698478,9.670050,9.690152,3530
2024-01-19 10:57:00,9.690152,9.721699,9.678363,9.713671,2849
2024-01-19 10:58:00,9.713671,9.724884,9.703601,9.713547,3067
2024-01-19 10:59:00,9.713547,9.739341,9.708137,9.721865,2208
2024-01-19 11:00:00,9.721865,9.732683,9.717104,9.727994,5854
2024-01-19 11:01:00,9.727994,9.736127,9.711291,9.721067,7314
2024-01-19 11:02:00,9.721067,9.747997,9.710859,9.733540,4351
2024-01-19 11:03:00,9.733540,9.736336,9.708334,9.723533,9235
2024-01-19 11:04:00,9.723533,9.756253,9.713576,9.739313,4790
2024-01-19 11:05:00,9.739313,9.758626,9.719718,9.732395,4723
2024-01-19 11:06:00,9.732395,9.745332,9.709780,9.726766,785
2024-01-19 11:07:00,9.726766,9.745983,9.694067,9.713947,9044
2024-01-19 11:08:00,9.713947,9.723382,9.695256,9.703062,1567
2024-01-19 11:09:00,9.703062,9.712532,9.679800,9.698035,1727
2024-01-19 11:10:00,9.698035,9.701948,9.652892,9.669401,9360
2024-01-19 11:11:00,9.669401,9.672039,9.663429,9.666653,5243
2024-01-19 11:12:00,9.666653,9.673055,9.652656,9.660671,776
2024-01-19 11:13:00,9.660671,9.680581,9.654728,9.669975,4473
2024-01-19 11:14:00,9.669975,9.686095,9.656016,9.674956,5942
2024-01-19 11:15:00,9.674956,9.680873,9.654627,9.666623,199
2024-01-19 11:16:00,9.666623,9.679653,9.650315,9.661222,7570
2024-01-19 11:17:00,9.661222,9.666484,9.642715,9.658459,6718
2024-01-19 11:18:00,9.658459,9.683831,9.650460,9.675959,217
2024-01-19 11:19:00,9.675959,9.681482,9.657385,9.666275,6222
2024-01-19 11:20:00,9.666275,9.680815,9.640217,9.657798,2305
2024-01-19 11:21:00,9.657798,9.669097,9.625007,9.644507,7370
2024-01-19 11:22:00,9.644507,9.659757,9.611078,9.627053,3833
2024-01-19 11:23:00,9.627053,9.633699,9.621146,9.630669,2101
2024-01-19 11:24:00,9.630669,9.642715,9.626641,9.633058,5117
2024-01-19 11:25:00,9.633058,9.667570,9.627292,9.648165,4486
2024-01-19 11:26:00,9.648165,9.663395,9.638556,9.660430,3481
2024-01-19 11:27:00,9.660430,9.698192,9.654169,9.688661,8796
2024-01-19 11:28:00,9.688661,9.691388,9.669572,9.687791,6525
2024-01-19 11:29:00,9.687791,9.692431,9.670650,9.684723,4925
2024-01-19 11:30:00,9.684723,9.695048,9.659909,9.669410,2341
2024-01-19 13:01:00,9.669410,9.682449,9.662481,9.677613,5729
2024-01-19 13:02:00,9.677613,9.690347,9.668762,9.679009,352
2024-01-19 13:03:00,9.679009,9.705289,9.668441,9.686679,8859
2024-01-19 13:04:00,9.686679,9.692287,9.658415,9.673264,115
2024-01-19 13:05:00,9.673264,9.681334,9.669656,9.677405,7018
2024-01-19 13:06:00,9.677405,9.696676,9.660126,9.679821,3520
2024-01-19 13:07:00,9.679821,9.691744,9.675525,9.681459,7219
2024-01-19 13:08:00,9.681459,9.699346,9.666688,9.673412,3680
2024-01-19 13:09:00,9.673412,9.694929,9.653527,9.687419,358
2024-01-19 13:10:00,9.687419,9.724861,9.681995,9.711565,9491
2024-01-19 13:11:00,9.711565,9.730185,9.694668,9.698489,7683
2024-01-19 13:12:00,9.698489,9.712064,9.684997,9.706973,543
2024-01-19 13:13:00,9.706973,9.723386,9.664004,9.673081,425
2024-01-19 13:14:00,9.673081,9.694322,9.669428,9.680955,5347
2024-01-19 13:15:00,9.680955,9.697588,9.656863,9.658930,9570
2024-01-19 13:16:00,9.658930,9.664003,9.649323,9.652748,5820
2024-01-19 13:17:00,9.652748,9.662561,9.625875,9.637284,206
2024-01-19 13:18:00,9.637284,9.641603,9.628589,9.634745,7022
2024-01-19 13:19:00,9.634745,9.663905,9.618749,9.644623,4334
2024-01-19 13:20:00,9.644623,9.647752,9.605315,9.622750,6423
2024-01-19 13:21:00,9.622750,9.625928,9.613909,9.618516,3568
2024-01-19 13:22:00,9.618516,9.636683,9.604404,9.612470,180
2024-01-19 13:23:00,9.612470,9.638504,9.607832,9.631090,281
2024-01-19 13:24:00,9.631090,9.648921,9.623930,9.636175,6355
2024-01-19 13:25:00,9.636175,9.643350,9.616005,9.622311,6388
2024-01-19 13:26:00,9.622311,9.635989,9.600597,9.616760,3291
2024-01-19 13:27:00,9.616760,9.640551,9.608542,9.635087,914
2024-01-19 13:28:00,9.635087,9.653760,9.624167,9.643500,7751
2024-01-19 13:29:00,9.643500,9.655103,9.618556,9.632686,1597
2024-01-19 13:30:00,9.632686,9.640691,9.612740,9.629540,1964
2024-01-19 13:31:00,9.629540,9.636071,9.619350,9.626772,4578
2024-01-19 13:32:00,9.626772,9.631295,9.614670,9.620436,7190
2024-01-19 13:33:00,9.620436,9.635146,9.580682,9.600295,9951
2024-01-19 13:34:00,9.600295,9.605324,9.584552,9.592314,6292
2024-01-19 13:35:00,9.592314,9.615933,9.578235,9.608675,9607
2024-01-19 13:36:00,9.608675,9.616739,9.589985,9.604186,6557
2024-01-19 13:37:00,9.604186,9.614365,9.591718,9.602970,8494
2024-01-19 13:38:00,9.602970,9.619271,9.596858,9.604625,1841
2024-01-19 13:39:00,9.604625,9.640451,9.600079,9.630748,658
2024-01-19 13:40:00,9.630748,9.648532,9.619982,9.630853,6724
2024-01-19 13:41:00,9.630853,9.657972,9.619656,9.643736,9753
2024-01-19 13:42:00,9.643736,9.660829,9.620771,9.636691,7396
2024-01-19 13:43:00,9.636691,9.651586,9.618859,9.633636,3497
2024-01-19 13:44:00,9.633636,9.638460,9.615220,9.633784,4945
2024-01-19 13:45:00,9.633784,9.653387,9.605192,9.624667,1210
2024-01-19 13:46:00,9.624667,9.640826,9.607167,9.622268,3469
2024-01-19 13:47:00,9.622268,9.645036,9.618891,9.632727,6860
2024-01-19 13:48:00,9.632727,9.637701,9.614009,9.623301,1748
2024-01-19 13:49:00,9.623301,9.628410,9.610342,9.623302,4868
2024-01-19 13:50:00,9.623302,9.644706,9.610678,9.631649,2970
2024-01-19 13:51:00,9.631649,9.641140,9.616673,9.621939,4959
2024-01-19 13:52:00,9.621939,9.649005,9.609446,9.634839,7661
2024-01-19 13:53:00,9.634839,9.644402,9.626545,9.635698,8860
2024-01-19 13:54:00,9.635698,9.646929,9.625652,9.633753,4153
2024-01-19 13:55:00,9.633753,9.639136,9.593091,9.610103,8289
2024-01-19 13:56:00,9.610103,9.614897,9.596108,9.605703,7056
2024-01-19 13:57:00,9.605703,9.613441,9.594210,9.610079,9225
2024-01-19 13:58:00,9.610079,9.647388,9.597948,9.630634,7426
2024-01-19 13:59:00,9.630634,9.649319,9.618500,9.637322,5553
2024-01-19 14:00:00,9.637322,9.669634,9.631486,9.650586,6774
2024-01-19 14:01:00,9.650586,9.666077,9.623556,9.636346,3244
2024-01-19 14:02:00,9.636346,9.652184,9.626829,9.634853,6768
2024-01-19 14:03:00,9.634853,9.660392,9.621062,9.649229,7117
2024-01-19 14:04:00,9.649229,9.665908,9.634152,9.638775,6147
2024-01-19 14:05:00,9.638775,9.669099,9.618880,9.650142,1119
2024-01-19 14:06:00,9.650142,9.673770,9.634245,9.658778,5232
2024-01-19 14:07:00,9.658778,9.665914,9.649268,9.662014,7137
2024-01-19 14:08:00,9.662014,9.675732,9.650718,9.658143,2058
2024-01-19 14:09:00,9.658143,9.662310,9.637547,9.646527,7895
2024-01-19 14:10:00,9.646527,9.670826,9.631545,9.667436,8443
2024-01-19 14:11:00,9.667436,9.689349,9.653638,9.674877,5433
2024-01-19 14:12:00,9.674877,9.695915,9.660239,9.678889,9646
2024-01-19 14:13:00,9.678889,9.683748,9.656024,9.674026,8592
2024-01-19 14:14:00,9.674026,9.677807,9.663813,9.674472,4718
2024-01-19 14:15:00,9.674472,9.694370,9.660421,9.676412,8854
2024-01-19 14:16:00,9.676412,9.685501,9.666465,9.681122,9339
2024-01-19 14:17:00,9.681122,9.692402,9.667636,9.689770,1170
2024-01-19 14:18:00,9.689770,9.704749,9.670008,9.680555,9980
2024-01-19 14:19:00,9.680555,9.697814,9.647303,9.663283,149
2024-01-19 14:20:00,9.663283,9.675536,9.661188,9.664275,4913
2024-01-19 14:21:00,9.664275,9.675994,9.637815,9.643698,9385
2024-01-19 14:22:00,9.643698,9.651762,9.632551,9.639886,7271
2024-01-19 14:23:00,9.639886,9.646179,9.614873,9.633890,2741
2024-01-19 14:24:00,9.633890,9.655275,9.622763,9.639681,6473
2024-01-19 14:25:00,9.639681,9.680317,9.631123,9.663030,2225
2024-01-19 14:26:00,9.663030,9.670813,9.630851,9.640129,2448
2024-01-19 14:27:00,9.640129,9.673841,9.629996,9.666912,9125
2024-01-19 14:28:00,9.666912,9.673732,9.646546,9.664167,566
2024-01-19 14:29:00,9.664167,9.671174,9.644845,9.668263,9625
2024-01-19 14:30:00,9.668263,9.675322,9.634406,9.651600,4588
2024-01-19 14:31:00,9.651600,9.665802,9.634451,9.663341,741
2024-01-19 14:32:00,9.663341,9.680020,9.657758,9.663829,7893
2024-01-19 14:33:00,9.663829,9.670436,9.656269,9.663105,577
2024-01-19 14:34:00,9.663105,9.677528,9.627560,9.640289,3318
2024-01-19 14:35:00,9.640289,9.652935,9.626478,9.641158,2483
2024-01-19 14:36:00,9.641158,9.668193,9.635509,9.651119,7865
2024-01-19 14:37:00,9.651119,9.670406,9.632903,9.648336,4027
2024-01-19 14:38:00,9.648336,9.670776,9.642737,9.662165,6582
2024-01-19 14:39:00,9.662165,9.679097,9.655431,9.675507,814
2024-01-19 14:40:00,9.675507,9.691001,9.660435,9.667957,6985
2024-01-19 14:41:00,9.667957,9.689126,9.650729,9.686743,7137
2024-01-19 14:42:00,9.686743,9.693289,9.671565,9.687276,2928
2024-01-19 14:43:00,9.687276,9.690820,9.675724,9.687862,8824
2024-01-19 14:44:00,9.687862,9.707194,9.671106,9.689028,4753
2024-01-19 14:45:00,9.689028,9.691939,9.672395,9.689844,6705
2024-01-19 14:46:00,9.689844,9.700713,9.649852,9.658869,1898
2024-01-19 14:47:00,9.658869,9.668501,9.640618,9.656684,9335
2024-01-19 14:48:00,9.656684,9.670433,9.634908,9.640621,2541
2024-01-19 14:49:00,9.640621,9.666990,9.629563,9.659774,6298
2024-01-19 14:50:00,9.659774,9.696180,9.655646,9.678454,989
2024-01-19 14:51:00,9.678454,9.703705,9.668771,9.688487,542
2024-01-19 14:52:00,9.688487,9.698268,9.674312,9.685678,1355
2024-01-19 14:53:00,9.685678,9.694123,9.670368,9.673807,9433
2024-01-19 14:54:00,9.673807,9.690493,9.655736,9.666063,2184
2024-01-19 14:55:00,9.666063,9.704568,9.652333,9.688941,8807
2024-01-19 14:56:00,9.688941,9.698123,9.667736,9.680789,5844
2024-01-19 14:57:00,9.680789,9.688934,9.650069,9.653047,977
2024-01-19 14:58:00,9.653047,9.667880,9.649331,9.665180,4467
2024-01-19 14:59:00,9.665180,9.686322,9.656855,9.682851,4844
2024-01-19 15:00:00,9.682851,9.705362,9.665683,9.702392,2742
2024-01-22 09:31:00,9.800209,9.818160,9.777186,9.786333,6621
2024-01-22 09:32:00,9.786333,9.802137,9.777002,9.782253,3568
2024-01-22 09:33:00,9.782253,9.802271,9.769672,9.788958,5351
2024-01-22 09:34:00,9.788958,9.795923,9.784369,9.791177,2035
2024-01-22 09:35:00,9.791177,9.795774,9.785150,9.792460,563
2024-01-22 09:36:00,9.792460,9.808013,9.780360,9.794949,4264
2024-01-22 09:37:00,9.794949,9.814878,9.788108,9.803873,7843
2024-01-22 09:38:00,9.803873,9.810158,9.789867,9.803381,3583
2024-01-22 09:39:00,9.803381,9.815943,9.788951,9.808673,3904
2024-01-22 09:40:00,9.808673,9.817731,9.789643,9.797067,9901
2024-01-22 09:41:00,9.797067,9.838020,9.793494,9.827100,9873
2024-01-22 09:42:00,9.827100,9.836125,9.812952,9.823762,4692
2024-01-22 09:43:00,9.823762,9.835128,9.820090,9.826157,537
2024-01-22 09:44:00,9.826157,9.836901,9.814882,9.832818,6824
2024-01-22 09:45:00,9.832818,9.850399,9.812915,9.827987,7175
2024-01-22 09:46:00,9.827987,9.841044,9.814821,9.828079,9146
2024-01-22 09:47:00,9.828079,9.832709,9.817960,9.828028,9485
2024-01-22 09:48:00,9.828028,9.837658,9.798254,9.817279,6327
2024-01-22 09:49:00,9.817279,9.831938,9.813448,9.822437,1160
2024-01-22 09:50:00,9.822437,9.835248,9.785202,9.803042,2568
2024-01-22 09:51:00,9.803042,9.836614,9.786639,9.823654,7195
2024-01-22 09:52:00,9.823654,9.846594,9.814099,9.832980,6113
2024-01-22 09:53:00,9.832980,9.855058,9.828228,9.840496,4416
2024-01-22 09:54:00,9.840496,9.844356,9.815267,9.820073,4078
2024-01-22 09:55:00,9.820073,9.827561,9.792160,9.810752,7124
2024-01-22 09:56:00,9.810752,9.829403,9.804546,9.827091,4281
2024-01-22 09:57:00,9.827091,9.886094,9.809357,9.875911,1632
2024-01-22 09:58:00,9.875911,9.899691,9.864852,9.889961,9795
2024-01-22 09:59:00,9.889961,9.917373,9.879650,9.902155,3558
2024-01-22 10:00:00,9.902155,9.913337,9.889004,9.908329,2858
2024-01-22 10:01:00,9.908329,9.921696,9.892492,9.898363,786
2024-01-22 10:02:00,9.898363,9.917587,9.888652,9.910066,4742
2024-01-22 10:03:00,9.910066,9.918941,9.878223,9.897116,9863
2024-01-22 10:04:00,9.897116,9.912063,9.876590,9.882879,1682
2024-01-22 10:05:00,9.882879,9.886167,9.849313,9.867902,2522
2024-01-22 10:06:00,9.867902,9.887547,9.848006,9.879376,1867
2024-01-22 10:07:00,9.879376,9.888420,9.875767,9.878701,1031
2024-01-22 10:08:00,9.878701,9.894771,9.867136,9.879887,6074
2024-01-22 10:09:00,9.879887,9.885473,9.874613,9.879706,3052
2024-01-22 10:10:00,9.879706,9.898760,9.853277,9.866468,7535
2024-01-22 10:11:00,9.866468,9.886427,9.838768,9.858580,4066
2024-01-22 10:12:00,9.858580,9.875320,9.833139,9.851283,6400
2024-01-22 10:13:00,9.851283,9.858678,9.816110,9.834757,984
2024-01-22 10:14:00,9.834757,9.848706,9.822987,9.828827,3359
2024-01-22 10:15:00,9.828827,9.832324,9.804349,9.816111,4199
2024-01-22 10:16:00,9.816111,9.840587,9.809884,9.822904,690
2024-01-22 10:17:00,9.822904,9.841965,9.804715,9.830678,4250
2024-01-22 10:18:00,9.830678,9.835853,9.810023,9.815464,4755
2024-01-22 10:19:00,9.815464,9.823358,9.807204,9.811976,4098
2024-01-22 10:20:00,9.811976,9.850217,9.809757,9.833803,5092
2024-01-22 10:21:00,9.833803,9.851467,9.816994,9.822269,7992
2024-01-22 10:22:00,9.822269,9.838642,9.816854,9.827287,7729
2024-01-22 10:23:00,9.827287,9.839173,9.823892,9.828528,239
2024-01-22 10:24:00,9.828528,9.856893,9.810908,9.841380,6438
2024-01-22 10:25:00,9.841380,9.861726,9.825340,9.844855,9050
2024-01-22 10:26:00,9.844855,9.860622,9.833202,9.839783,8725
2024-01-22 10:27:00,9.839783,9.849488,9.823684,9.840568,3301
2024-01-22 10:28:00,9.840568,9.855080,9.830969,9.841525,7851
2024-01-22 10:29:00,9.841525,9.858957,9.824487,9.840447,8029
2024-01-22 10:30:00,9.840447,9.845178,9.817119,9.824934,3722
2024-01-22 10:31:00,9.824934,9.848539,9.812770,9.839553,8704
2024-01-22 10:32:00,9.839553,9.855113,9.830684,9.852094,6358
2024-01-22 10:33:00,9.852094,9.861454,9.834436,9.839814,7535
2024-01-22 10:34:00,9.839814,9.855715,9.823736,9.836278,7498
2024-01-22 10:35:00,9.836278,9.841824,9.818116,9.833631,7835
2024-01-22 10:36:00,9.833631,9.845384,9.804474,9.820030,9573
2024-01-22 10:37:00,9.820030,9.822688,9.789662,9.798076,8588
2024-01-22 10:38:00,9.798076,9.816233,9.778852,9.790189,4281
2024-01-22 10:39:00,9.790189,9.806949,9.770250,9.785998,5664
2024-01-22 10:40:00,9.785998,9.797437,9.766068,9.769049,6517
2024-01-22 10:41:00,9.769049,9.785834,9.765755,9.771130,8579
2024-01-22 10:42:00,9.771130,9.788676,9.762358,9.784805,3987
2024-01-22 10:43:00,9.784805,9.811923,9.778783,9.794709,3198
2024-01-22 10:44:00,9.794709,9.809584,9.784475,9.793219,7404
2024-01-22 10:45:00,9.793219,9.797378,9.767888,9.771575,9546
2024-01-22 10:46:00,9.771575,9.799645,9.758919,9.779992,9128
2024-01-22 10:47:00,9.779992,9.784119,9.765901,9.781714,1564
2024-01-22 10:48:00,9.781714,9.800017,9.765461,9.786704,9200
2024-01-22 10:49:00,9.786704,9.814565,9.772995,9.809473,7912
2024-01-22 10:50:00,9.809473,9.824420,9.790638,9.799773,1655
2024-01-22 10:51:00,9.799773,9.803041,9.747136,9.765965,164
2024-01-22 10:52:00,9.765965,9.769425,9.738502,9.753576,2120
2024-01-22 10:53:00,9.753576,9.769685,9.742078,9.759292,9301
2024-01-22 10:54:00,9.759292,9.779501,9.753569,9.759609,7573
2024-01-22 10:55:00,9.759609,9.766586,9.731631,9.745312,5795
2024-01-22 10:56:00,9.745312,9.758338,9.715965,9.728616,6346
2024-01-22 10:57:00,9.728616,9.739951,9.710146,9.724446,4191
2024-01-22 10:58:00,9.724446,9.741604,9.693731,9.709791,9060
2024-01-22 10:59:00,9.709791,9.723109,9.691321,9.715914,1646
2024-01-22 11:00:00,9.715914,9.727903,9.691993,9.711076,3206
2024-01-22 11:01:00,9.711076,9.730187,9.690357,9.703701,2085
2024-01-22 11:02:00,9.703701,9.711687,9.675396,9.694783,8495
2024-01-22 11:03:00,9.694783,9.707787,9.676378,9.697878,5446
2024-01-22 11:04:00,9.697878,9.716377,9.695830,9.698379,6869
2024-01-22 11:05:00,9.698379,9.708739,9.684901,9.700754,9202
2024-01-22 11:06:00,9.700754,9.711724,9.695541,9.702872,2035
2024-01-22 11:07:00,9.702872,9.710346,9.694710,9.702023,9647
2024-01-22 11:08:00,9.702023,9.718595,9.682518,9.689873,1352
2024-01-22 11:09:00,9.689873,9.708620,9.670587,9.681284,7567
2024-01-22 11:10:00,9.681284,9.694643,9.674447,9.676642,7056
2024-01-22 11:11:00,9.676642,9.714155,9.670398,9.700929,8271
2024-01-22 11:12:00,9.700929,9.709949,9.682543,9.685067,1668
2024-01-22 11:13:00,9.685067,9.687291,9.666429,9.680139,9603
2024-01-22 11:14:00,9.680139,9.686426,9.662132,9.681295,7963
2024-01-22 11:15:00,9.681295,9.685949,9.657768,9.677728,1195
2024-01-22 11:16:00,9.677728,9.694444,9.667654,9.690358,5615
2024-01-22 11:17:00,9.690358,9.704131,9.680047,9.686730,8190
2024-01-22 11:18:00,9.686730,9.691184,9.666616,9.683972,4820
2024-01-22 11:19:00,9.683972,9.697093,9.679935,9.693552,3870
2024-01-22 11:20:00,9.693552,9.723733,9.674016,9.714846,2827
2024-01-22 11:21:00,9.714846,9.737881,9.699979,9.731399,5207
2024-01-22 11:22:00,9.731399,9.736024,9.718721,9.729792,9840
2024-01-22 11:23:00,9.729792,9.734422,9.725470,9.729210,6114
2024-01-22 11:24:00,9.729210,9.736371,9.726882,9.729759,7249
2024-01-22 11:25:00,9.729759,9.743151,9.717957,9.731488,7818
2024-01-22 11:26:00,9.731488,9.747133,9.712073,9.721523,7802
2024-01-22 11:27:00,9.721523,9.749887,9.704355,9.732537,4064
2024-01-22 11:28:00,9.732537,9.750493,9.718976,9.734967,7710
2024-01-22 11:29:00,9.734967,9.748275,9.724665,9.734440,3347
2024-01-22 11:30:00,9.734440,9.752777,9.713422,9.719491,5881
2024-01-22 13:01:00,9.719491,9.731578,9.708843,9.720223,3094
2024-01-22 13:02:00,9.720223,9.733623,9.693025,9.697958,9403
2024-01-22 13:03:00,9.697958,9.707368,9.677112,9.691118,7328
2024-01-22 13:04:00,9.691118,9.699011,9.671593,9.684496,5879
2024-01-22 13:05:00,9.684496,9.695842,9.667915,9.687871,4569
2024-01-22 13:06:00,9.687871,9.714648,9.677779,9.709979,5248
2024-01-22 13:07:00,9.709979,9.733043,9.702963,9.716704,7821
2024-01-22 13:08:00,9.716704,9.736735,9.699649,9.733738,2809
2024-01-22 13:09:00,9.733738,9.755470,9.719300,9.741326,8301
2024-01-22 13:10:00,9.741326,9.772117,9.726605,9.754557,2889
2024-01-22 13:11:00,9.754557,9.787351,9.743051,9.776397,1501
2024-01-22 13:12:00,9.776397,9.779661,9.750023,9.767790,7395
2024-01-22 13:13:00,9.767790,9.777502,9.752316,9.758416,7112
2024-01-22 13:14:00,9.758416,9.774460,9.749186,9.766282,3414
2024-01-22 13:15:00,9.766282,9.786021,9.749906,9.766238,6522
2024-01-22 13:16:00,9.766238,9.783273,9.761845,9.768830,7314
2024-01-22 13:17:00,9.768830,9.783814,9.749359,9.765905,7899
2024-01-22 13:18:00,9.765905,9.777190,9.750546,9.758893,9531
2024-01-22 13:19:00,9.758893,9.792723,9.754634,9.777954,8558
2024-01-22 13:20:00,9.777954,9.792960,9.761594,9.765019,4449
2024-01-22 13:21:00,9.765019,9.776286,9.747845,9.773091,2379
2024-01-22 13:22:00,9.773091,9.785263,9.757076,9.779256,1063
2024-01-22 13:23:00,9.779256,9.781490,9.753502,9.760687,5780
2024-01-22 13:24:00,9.760687,9.771863,9.746822,9.750917,6698
2024-01-22 13:25:00,9.750917,9.768681,9.736673,9.743123,6939
2024-01-22 13:26:00,9.743123,9.762735,9.737289,9.749763,194
2024-01-22 13:27:00,9.749763,9.760767,9.730251,9.745446,7043
2024-01-22 13:28:00,9.745446,9.764114,9.738560,9.744440,7891
2024-01-22 13:29:00,9.744440,9.749540,9.721408,9.727298,7245
2024-01-22 13:30:00,9.727298,9.757994,9.724717,9.754651,5303
2024-01-22 13:31:00,9.754651,9.774000,9.741907,9.755488,250
2024-01-22 13:32:00,9.755488,9.779607,9.741086,9.761357,4948
2024-01-22 13:33:00,9.761357,9.775650,9.741236,9.754999,6483
2024-01-22 13:34:00,9.754999,9.761426,9.735089,9.747324,5737
2024-01-22 13:35:00,9.747324,9.789273,9.727934,9.769817,5788
2024-01-22 13:36:00,9.769817,9.785593,9.736767,9.747276,5212
2024-01-22 13:37:00,9.747276,9.764683,9.729794,9.750553,5565
2024-01-22 13:38:00,9.750553,9.756565,9.722677,9.736305,3305
2024-01-22 13:39:00,9.736305,9.747541,9.728028,9.731543,6089
2024-01-22 13:40:00,9.731543,9.748349,9.707457,9.724038,2886
2024-01-22 13:41:00,9.724038,9.741523,9.699924,9.712443,4965
2024-01-22 13:42:00,9.712443,9.724966,9.698680,9.712860,4211
2024-01-22 13:43:00,9.712860,9.724270,9.677415,9.682659,7170
2024-01-22 13:44:00,9.682659,9.697217,9.669074,9.678949,8959
2024-01-22 13:45:00,9.678949,9.690457,9.660037,9.677887,6369
2024-01-22 13:46:00,9.677887,9.687405,9.656024,9.661902,1440
2024-01-22 13:47:00,9.661902,9.683235,9.659899,9.679698,6708
2024-01-22 13:48:00,9.679698,9.683966,9.666071,9.672707,3315
2024-01-22 13:49:00,9.672707,9.688391,9.659138,9.669914,590
2024-01-22 13:50:00,9.669914,9.672358,9.646166,9.662949,2003
2024-01-22 13:51:00,9.662949,9.665891,9.648411,9.661990,9993
2024-01-22 13:52:00,9.661990,9.695657,9.643447,9.677374,4328
2024-01-22 13:53:00,9.677374,9.721129,9.667174,9.706457,2097
2024-01-22 13:54:00,9.706457,9.717302,9.697422,9.715226,1421
2024-01-22 13:55:00,9.715226,9.735638,9.709061,9.728021,6538
2024-01-22 13:56:00,9.728021,9.763946,9.722096,9.748207,7631
2024-01-22 13:57:00,9.748207,9.760650,9.732957,9.751134,3596
2024-01-22 13:58:00,9.751134,9.780038,9.747687,9.769600,1124
2024-01-22 13:59:00,9.769600,9.789177,9.763231,9.778919,3611
2024-01-22 14:00:00,9.778919,9.786251,9.760973,9.780612,6686
2024-01-22 14:01:00,9.780612,9.799717,9.768228,9.784732,1228
2024-01-22 14:02:00,9.784732,9.788586,9.760473,9.763312,2750
2024-01-22 14:03:00,9.763312,9.777878,9.748635,9.766747,119
2024-01-22 14:04:00,9.766747,9.771807,9.737472,9.748593,4774
2024-01-22 14:05:00,9.748593,9.751430,9.712098,9.729479,1788
2024-01-22 14:06:00,9.729479,9.736326,9.715195,9.731747,2079
2024-01-22 14:07:00,9.731747,9.749395,9.716565,9.718645,1218
2024-01-22 14:08:00,9.718645,9.723816,9.712858,9.718562,7329
2024-01-22 14:09:00,9.718562,9.727200,9.711918,9.720190,4946
2024-01-22 14:10:00,9.720190,9.726828,9.705550,9.722343,9487
2024-01-22 14:11:00,9.722343,9.737582,9.700542,9.711710,4010
2024-01-22 14:12:00,9.711710,9.732297,9.696256,9.722279,2295
2024-01-22 14:13:00,9.722279,9.741264,9.709998,9.721229,2120
2024-01-22 14:14:00,9.721229,9.740374,9.713336,9.726416,9536
2024-01-22 14:15:00,9.726416,9.737981,9.708480,9.712346,5938
2024-01-22 14:16:00,9.712346,9.726165,9.704601,9.710249,3320
2024-01-22 14:17:00,9.710249,9.725881,9.701035,9.723153,6576
2024-01-22 14:18:00,9.723153,9.753675,9.711227,9.734563,5622
2024-01-22 14:19:00,9.734563,9.753778,9.706291,9.725186,1236
2024-01-22 14:20:00,9.725186,9.732157,9.712455,9.718770,7045
2024-01-22 14:21:00,9.718770,9.732080,9.693154,9.707143,1279
2024-01-22 14:22:00,9.707143,9.712778,9.694678,9.699424,2072
2024-01-22 14:23:00,9.699424,9.711278,9.668123,9.682970,7161
2024-01-22 14:24:00,9.682970,9.698844,9.679141,9.681345,4503
2024-01-22 14:25:00,9.681345,9.707708,9.667539,9.688791,2299
2024-01-22 14:26:00,9.688791,9.696897,9.674621,9.679559,771
2024-01-22 14:27:00,9.679559,9.694042,9.673247,9.678493,5977
2024-01-22 14:28:00,9.678493,9.693389,9.663840,9.675900,7000
2024-01-22 14:29:00,9.675900,9.694289,9.667143,9.688309,2110
2024-01-22 14:30:00,9.688309,9.701631,9.670633,9.681116,4224
2024-01-22 14:31:00,9.681116,9.694914,9.666791,9.674351,3508
2024-01-22 14:32:00,9.674351,9.690105,9.645240,9.664402,8927
2024-01-22 14:33:00,9.664402,9.684401,9.643793,9.651025,7929
2024-01-22 14:34:00,9.651025,9.659972,9.639268,9.657248,2812
2024-01-22 14:35:00,9.657248,9.662889,9.638281,9.655659,5184
2024-01-22 14:36:00,9.655659,9.660915,9.641704,9.656304,9243
2024-01-22 14:37:00,9.656304,9.676073,9.648494,9.671294,3522
2024-01-22 14:38:00,9.671294,9.697136,9.659350,9.686959,1496
2024-01-22 14:39:00,9.686959,9.704773,9.664105,9.667599,3053
2024-01-22 14:40:00,9.667599,9.685295,9.655777,9.675218,6108
2024-01-22 14:41:00,9.675218,9.691904,9.665453,9.677871,9923
2024-01-22 14:42:00,9.677871,9.686648,9.656800,9.672443,3147
2024-01-22 14:43:00,9.672443,9.684051,9.655181,9.676297,679
2024-01-22 14:44:00,9.676297,9.693313,9.650401,9.655994,1899
2024-01-22 14:45:00,9.655994,9.686995,9.652526,9.673195,4184
2024-01-22 14:46:00,9.673195,9.687567,9.664165,9.679251,1029
2024-01-22 14:47:00,9.679251,9.697706,9.657461,9.669076,446
2024-01-22 14:48:00,9.669076,9.680049,9.653409,9.662191,6590
2024-01-22 14:49:00,9.662191,9.667580,9.628848,9.642162,8261
2024-01-22 14:50:00,9.642162,9.652860,9.627368,9.638470,2408
2024-01-22 14:51:00,9.638470,9.652614,9.613933,9.632793,5273
2024-01-22 14:52:00,9.632793,9.641401,9.607840,9.617209,5770
2024-01-22 14:53:00,9.617209,9.643531,9.613724,9.626343,6709
2024-01-22 14:54:00,9.626343,9.652955,9.618908,9.641359,9796
2024-01-22 14:55:00,9.641359,9.651778,9.628131,9.641037,8863
2024-01-22 14:56:00,9.641037,9.658494,9.630834,9.637442,3228
2024-01-22 14:57:00,9.637442,9.652891,9.630601,9.642558,9759
2024-01-22 14:58:00,9.642558,9.652017,9.634215,9.642327,445
2024-01-22 14:59:00,9.642327,9.646194,9.614170,9.629600,9622
2024-01-22 15:00:00,9.629600,9.638125,9.603002,9.621925,1513
2024-01-23 09:31:00,9.808215,9.815179,9.783252,9.787385,9178
2024-01-23 09:32:00,9.787385,9.795207,9.765796,9.776801,3061
2024-01-23 09:33:00,9.776801,9.784616,9.750757,9.759120,1051
2024-01-23 09:34:00,9.759120,9.774859,9.747786,9.754009,8821
2024-01-23 09:35:00,9.754009,9.762273,9.730104,9.749365,9460
2024-01-23 09:36:00,9.749365,9.764605,9.739024,9.750424,4031
2024-01-23 09:37:00,9.750424,9.775041,9.731705,9.765015,9082
2024-01-23 09:38:00,9.765015,9.785923,9.760063,9.772982,2513
2024-01-23 09:39:00,9.772982,9.789904,9.748587,9.753889,2781
2024-01-23 09:40:00,9.753889,9.772299,9.741161,9.761046,5412
2024-01-23 09:41:00,9.761046,9.772914,9.754188,9.762361,6044
2024-01-23 09:42:00,9.762361,9.769167,9.755881,9.761210,3917
2024-01-23 09:43:00,9.761210,9.772496,9.757239,9.760943,8016
2024-01-23 09:44:00,9.760943,9.770074,9.757570,9.763351,7922
2024-01-23 09:45:00,9.763351,9.780535,9.739651,9.755208,1297
2024-01-23 09:46:00,9.755208,9.764207,9.745984,9.753063,9905
2024-01-23 09:47:00,9.753063,9.771323,9.733451,9.766999,1675
2024-01-23 09:48:00,9.766999,9.773318,9.753420,9.758716,5313
2024-01-23 09:49:00,9.758716,9.770339,9.738219,9.746599,4288
2024-01-23 09:50:00,9.746599,9.765092,9.737130,9.745878,4572
2024-01-23 09:51:00,9.745878,9.753288,9.721579,9.732581,1371
2024-01-23 09:52:00,9.732581,9.739340,9.694648,9.712319,3496
2024-01-23 09:53:00,9.712319,9.721637,9.691261,9.708287,400
2024-01-23 09:54:00,9.708287,9.744791,9.706108,9.725371,9736
2024-01-23 09:55:00,9.725371,9.742585,9.715601,9.724968,1524
2024-01-23 09:56:00,9.724968,9.731840,9.708065,9.727146,4884
2024-01-23 09:57:00,9.727146,9.740193,9.700181,9.702185,2238
2024-01-23 09:58:00,9.702185,9.723756,9.690579,9.707503,1862
2024-01-23 09:59:00,9.707503,9.724657,9.700832,9.708833,3963
2024-01-23 10:00:00,9.708833,9.719632,9.691905,9.701334,9695
2024-01-23 10:01:00,9.701334,9.719087,9.691769,9.703914,4834
2024-01-23 10:02:00,9.703914,9.719060,9.694862,9.706555,9612
2024-01-23 10:03:00,9.706555,9.712181,9.676908,9.694963,8287
2024-01-23 10:04:00,9.694963,9.703070,9.683307,9.700061,4413
2024-01-23 10:05:00,9.700061,9.724404,9.681794,9.715753,9021
2024-01-23 10:06:00,9.715753,9.718868,9.700115,9.715197,3547
2024-01-23 10:07:00,9.715197,9.724307,9.699458,9.707778,5064
2024-01-23 10:08:00,9.707778,9.726234,9.696894,9.709315,6836
2024-01-23 10:09:00,9.709315,9.741226,9.700297,9.724029,5935
2024-01-23 10:10:00,9.724029,9.726642,9.698589,9.715503,8306
2024-01-23 10:11:00,9.715503,9.732975,9.710126,9.729723,1712
2024-01-23 10:12:00,9.729723,9.744988,9.710868,9.730930,5035
2024-01-23 10:13:00,9.730930,9.756034,9.718482,9.745034,6680
2024-01-23 10:14:00,9.745034,9.756704,9.732022,9.752015,3375
2024-01-23 10:15:00,9.752015,9.778133,9.740713,9.761633,8682
2024-01-23 10:16:00,9.761633,9.804699,9.749652,9.798802,3083
2024-01-23 10:17:00,9.798802,9.808068,9.784784,9.804661,3081
2024-01-23 10:18:00,9.804661,9.851709,9.790871,9.836218,3333
2024-01-23 10:19:00,9.836218,9.898914,9.830363,9.885967,6797
2024-01-23 10:20:00,9.885967,9.936070,9.873483,9.926970,1268
2024-01-23 10:21:00,9.926970,9.962192,9.918587,9.947723,1514
2024-01-23 10:22:00,9.947723,9.990745,9.934257,9.972340,7808
2024-01-23 10:23:00,9.972340,10.008742,9.960479,10.006127,2152
2024-01-23 10:24:00,10.006127,10.066353,10.000892,10.053055,1139
2024-01-23 10:25:00,10.053055,10.108502,10.037830,10.102575,2710
2024-01-23 10:26:00,10.102575,10.146006,10.092349,10.135471,4043
2024-01-23 10:27:00,10.135471,10.182784,10.123545,10.173152,427
2024-01-23 10:28:00,10.173152,10.219650,10.159045,10.210630,8365
2024-01-23 10:29:00,10.210630,10.258952,10.196878,10.253525,1263
2024-01-23 10:30:00,10.253525,10.335238,10.238044,10.318791,4100
2024-01-23 10:31:00,10.318791,10.354334,10.313069,10.345503,2101
2024-01-23 10:32:00,10.345503,10.384429,10.341516,10.366459,3018
2024-01-23 10:33:00,10.366459,10.387800,10.352414,10.379416,547
2024-01-23 10:34:00,10.379416,10.423375,10.373168,10.406260,9487
2024-01-23 10:35:00,10.406260,10.429432,10.402198,10.417632,9379
2024-01-23 10:36:00,10.417632,10.426573,10.406714,10.411077,1352
2024-01-23 10:37:00,10.411077,10.425749,10.395183,10.402813,2053
2024-01-23 10:38:00,10.402813,10.418973,10.361787,10.381639,8860
2024-01-23 10:39:00,10.381639,10.392328,10.360927,10.365758,4208
2024-01-23 10:40:00,10.365758,10.380716,10.358384,10.371059,714
2024-01-23 10:41:00,10.371059,10.383452,10.326514,10.345088,1445
2024-01-23 10:42:00,10.345088,10.357620,10.286958,10.306297,4193
2024-01-23 10:43:00,10.306297,10.315956,10.250446,10.256565,5623
2024-01-23 10:44:00,10.256565,10.272203,10.177882,10.195731,6354
2024-01-23 10:45:00,10.195731,10.204926,10.152837,10.157337,1616
2024-01-23 10:46:00,10.157337,10.167491,10.101672,10.117380,3763
2024-01-23 10:47:00,10.117380,10.130276,10.061796,10.064030,2684
2024-01-23 10:48:00,10.064030,10.083793,10.022131,10.031450,5392
2024-01-23 10:49:00,10.031450,10.038143,9.980177,9.986629,3282
2024-01-23 10:50:00,9.986629,9.992804,9.938442,9.953114,2119
2024-01-23 10:51:00,9.953114,9.958298,9.914611,9.916900,8170
2024-01-23 10:52:00,9.916900,9.931310,9.868027,9.878395,5733
2024-01-23 10:53:00,9.878395,9.888479,9.819681,9.834222,4792
2024-01-23 10:54:00,9.834222,9.843217,9.800296,9.803137,1432
2024-01-23 10:55:00,9.803137,9.808811,9.769051,9.787204,801
2024-01-23 10:56:00,9.787204,9.805244,9.750278,9.758779,7981
2024-01-23 10:57:00,9.758779,9.768756,9.739738,9.744712,9689
2024-01-23 10:58:00,9.744712,9.757651,9.709619,9.715677,5879
2024-01-23 10:59:00,9.715677,9.719703,9.703135,9.711235,486
2024-01-23 11:00:00,9.711235,9.715178,9.698093,9.703663,4871
2024-01-23 11:01:00,9.703663,9.706876,9.669137,9.680328,2873
2024-01-23 11:02:00,9.680328,9.688940,9.656888,9.670281,641
2024-01-23 11:03:00,9.670281,9.685848,9.660479,9.675336,1510
2024-01-23 11:04:00,9.675336,9.681738,9.646175,9.655862,5047
2024-01-23 11:05:00,9.655862,9.664156,9.623559,9.639630,4326
2024-01-23 11:06:00,9.639630,9.641743,9.628601,9.636019,5679
2024-01-23 11:07:00,9.636019,9.667321,9.622809,9.659001,6964
2024-01-23 11:08:00,9.659001,9.663146,9.631411,9.649484,2730
2024-01-23 11:09:00,9.649484,9.658432,9.643497,9.654121,2934
2024-01-23 11:10:00,9.654121,9.658386,9.640963,9.656305,6808
2024-01-23 11:11:00,9.656305,9.670840,9.629664,9.648727,2051
2024-01-23 11:12:00,9.648727,9.668927,9.637191,9.650163,859
2024-01-23 11:13:00,9.650163,9.663351,9.624980,9.644565,8550
2024-01-23 11:14:00,9.644565,9.648296,9.632541,9.640122,2166
2024-01-23 11:15:00,9.640122,9.659936,9.608251,9.620408,1296
2024-01-23 11:16:00,9.620408,9.639969,9.612411,9.620010,7401
2024-01-23 11:17:00,9.620010,9.640944,9.617943,9.630516,5365
2024-01-23 11:18:00,9.630516,9.635083,9.610565,9.631141,1557
2024-01-23 11:19:00,9.631141,9.658915,9.624820,9.643942,8520
2024-01-23 11:20:00,9.643942,9.670056,9.624426,9.650750,2530
2024-01-23 11:21:00,9.650750,9.666767,9.636280,9.650035,6792
2024-01-23 11:22:00,9.650035,9.663270,9.624364,9.642634,6543
2024-01-23 11:23:00,9.642634,9.655629,9.617495,9.636905,8313
2024-01-23 11:24:00,9.636905,9.656508,9.607373,9.619594,7315
2024-01-23 11:25:00,9.619594,9.622910,9.596453,9.616448,7060
2024-01-23 11:26:00,9.616448,9.622857,9.600636,9.618165,609
2024-01-23 11:27:00,9.618165,9.655309,9.606736,9.638354,9387
2024-01-23 11:28:00,9.638354,9.649184,9.624565,9.644572,1353
2024-01-23 11:29:00,9.644572,9.653471,9.628895,9.634392,2610
2024-01-23 11:30:00,9.634392,9.641459,9.615252,9.617451,4516
2024-01-23 13:01:00,9.617451,9.623833,9.608397,9.615020,2955
2024-01-23 13:02:00,9.615020,9.627037,9.605190,9.624574,5968
2024-01-23 13:03:00,9.624574,9.636766,9.615872,9.621977,623
2024-01-23 13:04:00,9.621977,9.637579,9.610725,9.628356,4592
2024-01-23 13:05:00,9.628356,9.640285,9.612381,9.626224,3559
2024-01-23 13:06:00,9.626224,9.642145,9.612420,9.634663,6505
2024-01-23 13:07:00,9.634663,9.653610,9.597776,9.615864,5246
2024-01-23 13:08:00,9.615864,9.647389,9.596470,9.634745,7584
2024-01-23 13:09:00,9.634745,9.654047,9.603619,9.621651,1728
2024-01-23 13:10:00,9.621651,9.639293,9.608488,9.630993,9500
2024-01-23 13:11:00,9.630993,9.633034,9.622086,9.627790,3982
2024-01-23 13:12:00,9.627790,9.643852,9.607444,9.626426,3563
2024-01-23 13:13:00,9.626426,9.643319,9.618441,9.623589,5528
2024-01-23 13:14:00,9.623589,9.629654,9.618863,9.626597,1714
2024-01-23 13:15:00,9.626597,9.645239,9.618881,9.631982,8164
2024-01-23 13:16:00,9.631982,9.658337,9.619657,9.644439,2714
2024-01-23 13:17:00,9.644439,9.665633,9.630172,9.661010,9281
2024-01-23 13:18:00,9.661010,9.676861,9.658771,9.664916,1566
2024-01-23 13:19:00,9.664916,9.691463,9.648911,9.685085,8655
2024-01-23 13:20:00,9.685085,9.688476,9.679935,9.686180,4003
2024-01-23 13:21:00,9.686180,9.716465,9.678843,9.698861,6112
2024-01-23 13:22:00,9.698861,9.714757,9.691063,9.703907,8738
2024-01-23 13:23:00,9.703907,9.719978,9.689459,9.697443,1378
2024-01-23 13:24:00,9.697443,9.714588,9.681756,9.699576,3535
2024-01-23 13:25:00,9.699576,9.725385,9.696839,9.705498,9489
2024-01-23 13:26:00,9.705498,9.715381,9.699582,9.705119,1573
2024-01-23 13:27:00,9.705119,9.719674,9.702718,9.709979,1118
2024-01-23 13:28:00,9.709979,9.727235,9.693969,9.720164,5274
2024-01-23 13:29:00,9.720164,9.733416,9.700182,9.719889,344
2024-01-23 13:30:00,9.719889,9.730639,9.671368,9.685239,9920
2024-01-23 13:31:00,9.685239,9.720110,9.672617,9.704992,9047
2024-01-23 13:32:00,9.704992,9.713410,9.683145,9.701490,1962
2024-01-23 13:33:00,9.701490,9.705845,9.685211,9.691800,1809
2024-01-23 13:34:00,9.691800,9.709324,9.675373,9.678569,7800
2024-01-23 13:35:00,9.678569,9.695474,9.663430,9.674609,5255
2024-01-23 13:36:00,9.674609,9.682927,9.661300,9.667986,8251
2024-01-23 13:37:00,9.667986,9.682412,9.649192,9.659311,9679
2024-01-23 13:38:00,9.659311,9.670175,9.641070,9.651283,4073
2024-01-23 13:39:00,9.651283,9.673215,9.643544,9.657518,2613
2024-01-23 13:40:00,9.657518,9.690437,9.646764,9.681415,6233
2024-01-23 13:41:00,9.681415,9.702715,9.672572,9.691073,6386
2024-01-23 13:42:00,9.691073,9.707327,9.687038,9.704286,4380
2024-01-23 13:43:00,9.704286,9.709434,9.682243,9.699844,3060
2024-01-23 13:44:00,9.699844,9.717147,9.685221,9.701076,2697
2024-01-23 13:45:00,9.701076,9.714964,9.698332,9.706095,5263
2024-01-23 13:46:00,9.706095,9.708727,9.694248,9.698332,4318
2024-01-23 13:47:00,9.698332,9.703350,9.689584,9.693322,4629
2024-01-23 13:48:00,9.693322,9.712788,9.690210,9.703380,1043
2024-01-23 13:49:00,9.703380,9.731135,9.700317,9.716212,8819
2024-01-23 13:50:00,9.716212,9.725548,9.711384,9.717006,7098
2024-01-23 13:51:00,9.717006,9.732419,9.685677,9.702939,9197
2024-01-23 13:52:00,9.702939,9.720384,9.682552,9.699460,8309
2024-01-23 13:53:00,9.699460,9.707600,9.666399,9.682495,6226
2024-01-23 13:54:00,9.682495,9.699787,9.669431,9.683381,3143
2024-01-23 13:55:00,9.683381,9.690670,9.668358,9.686387,6574
2024-01-23 13:56:00,9.686387,9.695862,9.667908,9.683200,5708
2024-01-23 13:57:00,9.683200,9.689801,9.665193,9.686045,9245
2024-01-23 13:58:00,9.686045,9.693898,9.670863,9.690952,2398
2024-01-23 13:59:00,9.690952,9.697137,9.675696,9.693975,354
2024-01-23 14:00:00,9.693975,9.697861,9.663360,9.679834,1361
2024-01-23 14:01:00,9.679834,9.696877,9.664838,9.676853,1834
2024-01-23 14:02:00,9.676853,9.693463,9.671018,9.681676,6669
2024-01-23 14:03:00,9.681676,9.719311,9.678155,9.700258,1551
2024-01-23 14:04:00,9.700258,9.711942,9.687514,9.697057,1427
2024-01-23 14:05:00,9.697057,9.716857,9.693407,9.703540,4030
2024-01-23 14:06:00,9.703540,9.719197,9.698493,9.713876,7841
2024-01-23 14:07:00,9.713876,9.725607,9.709133,9.711562,4302
2024-01-23 14:08:00,9.711562,9.734014,9.704158,9.725079,2790
2024-01-23 14:09:00,9.725079,9.757994,9.705619,9.739228,2915
2024-01-23 14:10:00,9.739228,9.774285,9.730407,9.755475,8203
2024-01-23 14:11:00,9.755475,9.766444,9.749139,9.760871,4389
2024-01-23 14:12:00,9.760871,9.801811,9.751608,9.788649,3748
2024-01-23 14:13:00,9.788649,9.802136,9.773983,9.781407,7757
2024-01-23 14:14:00,9.781407,9.818533,9.767277,9.806407,3751
2024-01-23 14:15:00,9.806407,9.819688,9.792987,9.815450,3631
2024-01-23 14:16:00,9.815450,9.844999,9.812958,9.831226,7530
2024-01-23 14:17:00,9.831226,9.847610,9.816256,9.827459,3341
2024-01-23 14:18:00,9.827459,9.845613,9.824808,9.837399,5151
2024-01-23 14:19:00,9.837399,9.865456,9.823206,9.854194,6680
2024-01-23 14:20:00,9.854194,9.858288,9.822551,9.841396,2089
2024-01-23 14:21:00,9.841396,9.860148,9.821139,9.839474,1370
2024-01-23 14:22:00,9.839474,9.843445,9.808569,9.814271,8519
2024-01-23 14:23:00,9.814271,9.820022,9.796805,9.812173,3040
2024-01-23 14:24:00,9.812173,9.819545,9.786293,9.802568,3467
2024-01-23 14:25:00,9.802568,9.819432,9.782447,9.800005,5938
2024-01-23 14:26:00,9.800005,9.849028,9.793332,9.834416,1117
2024-01-23 14:27:00,9.834416,9.856761,9.824301,9.854634,551
2024-01-23 14:28:00,9.854634,9.859938,9.831705,9.837692,4218
2024-01-23 14:29:00,9.837692,9.859736,9.835255,9.844233,9685
2024-01-23 14:30:00,9.844233,9.862905,9.830371,9.853636,5782
2024-01-23 14:31:00,9.853636,9.856108,9.839893,9.849659,5826
2024-01-23 14:32:00,9.849659,9.871109,9.843193,9.851758,6137
2024-01-23 14:33:00,9.851758,9.859729,9.834510,9.855006,8623
2024-01-23 14:34:00,9.855006,9.866195,9.828235,9.839157,8372
2024-01-23 14:35:00,9.839157,9.845627,9.807115,9.827018,339
2024-01-23 14:36:00,9.827018,9.844321,9.810738,9.829046,5459
2024-01-23 14:37:00,9.829046,9.846197,9.811400,9.830216,5511
2024-01-23 14:38:00,9.830216,9.839366,9.805957,9.821877,2314
2024-01-23 14:39:00,9.821877,9.835729,9.808620,9.812527,9752
2024-01-23 14:40:00,9.812527,9.830890,9.808300,9.811470,2690
2024-01-23 14:41:00,9.811470,9.838567,9.792999,9.821900,8355
2024-01-23 14:42:00,9.821900,9.831368,9.816512,9.821000,1098
2024-01-23 14:43:00,9.821000,9.850046,9.811958,9.840099,6057
2024-01-23 14:44:00,9.840099,9.858063,9.818931,9.831909,7385
2024-01-23 14:45:00,9.831909,9.836801,9.826095,9.834182,5090
2024-01-23 14:46:00,9.834182,9.836593,9.823957,9.830012,1148
2024-01-23 14:47:00,9.830012,9.842637,9.819620,9.836933,1326
2024-01-23 14:48:00,9.836933,9.853830,9.819237,9.827733,6097
2024-01-23 14:49:00,9.827733,9.855176,9.813555,9.850419,8640
2024-01-23 14:50:00,9.850419,9.857554,9.827169,9.830520,6009
2024-01-23 14:51:00,9.830520,9.864034,9.819723,9.850711,1098
2024-01-23 14:52:00,9.850711,9.857087,9.845575,9.851770,7876
2024-01-23 14:53:00,9.851770,9.865728,9.838849,9.858272,4645
2024-01-23 14:54:00,9.858272,9.884384,9.854180,9.873979,838
2024-01-23 14:55:00,9.873979,9.890180,9.868422,9.884074,3742
2024-01-23 14:56:00,9.884074,9.903937,9.859012,9.875482,2108
2024-01-23 14:57:00,9.875482,9.887487,9.869249,9.882545,9865
2024-01-23 14:58:00,9.882545,9.921823,9.867278,9.904525,9104
2024-01-23 14:59:00,9.904525,9.914986,9.887166,9.894081,1150
2024-01-23 15:00:00,9.894081,9.923339,9.887851,9.919015,5765
2024-01-24 09:31:00,9.837334,9.858842,9.822707,9.849643,9747
2024-01-24 09:32:00,9.849643,9.881913,9.843145,9.862168,5453
2024-01-24 09:33:00,9.862168,9.877153,9.842499,9.857306,2862
2024-01-24 09:34:00,9.857306,9.859496,9.847327,9.856156,6152
2024-01-24 09:35:00,9.856156,9.873266,9.840512,9.852552,5048
2024-01-24 09:36:00,9.852552,9.867209,9.826109,9.834775,2104
2024-01-24 09:37:00,9.834775,9.864247,9.823386,9.852149,7273
2024-01-24 09:38:00,9.852149,9.867199,9.837013,9.860949,862
2024-01-24 09:39:00,9.860949,9.865636,9.841715,9.856876,4091
2024-01-24 09:40:00,9.856876,9.885587,9.841318,9.872276,6954
2024-01-24 09:41:00,9.872276,9.882195,9.855796,9.864835,9218
2024-01-24 09:42:00,9.864835,9.882344,9.828707,9.843136,6244
2024-01-24 09:43:00,9.843136,9.861750,9.836839,9.855028,9794
2024-01-24 09:44:00,9.855028,9.868503,9.829341,9.839935,8340
2024-01-24 09:45:00,9.839935,9.846414,9.825128,9.837623,2438
2024-01-24 09:46:00,9.837623,9.853510,9.823267,9.840057,8462
2024-01-24 09:47:00,9.840057,9.847477,9.821641,9.844607,3428
2024-01-24 09:48:00,9.844607,9.863673,9.837121,9.854622,6347
2024-01-24 09:49:00,9.854622,9.866587,9.837407,9.861479,2088
2024-01-24 09:50:00,9.861479,9.880877,9.853879,9.867970,5429
2024-01-24 09:51:00,9.867970,9.875672,9.846701,9.858636,6826
2024-01-24 09:52:00,9.858636,9.877997,9.841730,9.862109,9148
2024-01-24 09:53:00,9.862109,9.866172,9.829320,9.844337,9439
2024-01-24 09:54:00,9.844337,9.874789,9.826805,9.862777,8032
2024-01-24 09:55:00,9.862777,9.875463,9.829552,9.846220,5631
2024-01-24 09:56:00,9.846220,9.848618,9.835156,9.842131,8836
2024-01-24 09:57:00,9.842131,9.844778,9.806689,9.826562,1150
2024-01-24 09:58:00,9.826562,9.834110,9.799076,9.817942,9958
2024-01-24 09:59:00,9.817942,9.831064,9.808199,9.818101,2118
2024-01-24 10:00:00,9.818101,9.837428,9.809009,9.811859,4094
2024-01-24 10:01:00,9.811859,9.829000,9.804396,9.825366,9085
2024-01-24 10:02:00,9.825366,9.842702,9.808316,9.828045,7197
2024-01-24 10:03:00,9.828045,9.842514,9.803465,9.822580,8513
2024-01-24 10:04:00,9.822580,9.836631,9.804033,9.821003,6911
2024-01-24 10:05:00,9.821003,9.846692,9.811862,9.835402,6050
2024-01-24 10:06:00,9.835402,9.865534,9.832384,9.846131,1824
2024-01-24 10:07:00,9.846131,9.857163,9.821371,9.832688,9962
2024-01-24 10:08:00,9.832688,9.849777,9.815878,9.824653,6401
2024-01-24 10:09:00,9.824653,9.836983,9.820439,9.830258,6715
2024-01-24 10:10:00,9.830258,9.850943,9.826352,9.834429,4338
2024-01-24 10:11:00,9.834429,9.854367,9.817275,9.822030,9525
2024-01-24 10:12:00,9.822030,9.849254,9.816325,9.830873,4561
2024-01-24 10:13:00,9.830873,9.838346,9.804788,9.820356,1984
2024-01-24 10:14:00,9.820356,9.852978,9.811486,9.835748,1883
2024-01-24 10:15:00,9.835748,9.845712,9.825883,9.841998,7014
2024-01-24 10:16:00,9.841998,9.856196,9.815865,9.828636,7472
2024-01-24 10:17:00,9.828636,9.836794,9.803107,9.822390,2139
2024-01-24 10:18:00,9.822390,9.836246,9.800323,9.815939,7009
2024-01-24 10:19:00,9.815939,9.827247,9.802316,9.817826,9976
2024-01-24 10:20:00,9.817826,9.819989,9.800029,9.815418,5369
2024-01-24 10:21:00,9.815418,9.821581,9.786949,9.801896,9707
2024-01-24 10:22:00,9.801896,9.804659,9.771013,9.785437,1651
2024-01-24 10:23:00,9.785437,9.801609,9.774502,9.791918,4088
2024-01-24 10:24:00,9.791918,9.812419,9.779715,9.795297,5612
2024-01-24 10:25:00,9.795297,9.811827,9.784990,9.796543,3644
2024-01-24 10:26:00,9.796543,9.815939,9.787434,9.799739,1091
2024-01-24 10:27:00,9.799739,9.816269,9.785559,9.792433,4636
2024-01-24 10:28:00,9.792433,9.803300,9.784039,9.794605,3459
2024-01-24 10:29:00,9.794605,9.835680,9.784891,9.824571,2117
2024-01-24 10:30:00,9.824571,9.849589,9.812143,9.838437,3786
2024-01-24 10:31:00,9.838437,9.842475,9.824035,9.835032,4238
2024-01-24 10:32:00,9.835032,9.847799,9.824911,9.828854,8845
2024-01-24 10:33:00,9.828854,9.843817,9.786968,9.795087,4966
2024-01-24 10:34:00,9.795087,9.820700,9.786316,9.807703,4214
2024-01-24 10:35:00,9.807703,9.832416,9.792978,9.816989,3953
2024-01-24 10:36:00,9.816989,9.821129,9.802577,9.810569,6024
2024-01-24 10:37:00,9.810569,9.826274,9.791525,9.793668,2828
2024-01-24 10:38:00,9.793668,9.799414,9.776512,9.780030,8760
2024-01-24 10:39:00,9.780030,9.803059,9.769084,9.785276,4245
2024-01-24 10:40:00,9.785276,9.791685,9.778828,9.784221,4315
2024-01-24 10:41:00,9.784221,9.803241,9.773318,9.792386,732
2024-01-24 10:42:00,9.792386,9.804177,9.780050,9.793406,8848
2024-01-24 10:43:00,9.793406,9.811658,9.774604,9.804818,4764
2024-01-24 10:44:00,9.804818,9.817692,9.791018,9.809181,1450
2024-01-24 10:45:00,9.809181,9.824306,9.806622,9.818965,1797
2024-01-24 10:46:00,9.818965,9.831227,9.785443,9.794297,3711
2024-01-24 10:47:00,9.794297,9.812731,9.763443,9.779725,7827
2024-01-24 10:48:00,9.779725,9.787424,9.768734,9.775424,1037
2024-01-24 10:49:00,9.775424,9.799314,9.756775,9.788168,1293
2024-01-24 10:50:00,9.788168,9.827882,9.776646,9.810368,5653
2024-01-24 10:51:00,9.810368,9.820513,9.804765,9.808429,5040
2024-01-24 10:52:00,9.808429,9.825392,9.794859,9.801209,9577
2024-01-24 10:53:00,9.801209,9.811244,9.759818,9.778131,7544
2024-01-24 10:54:00,9.778131,9.798250,9.758285,9.788325,6603
2024-01-24 10:55:00,9.788325,9.793156,9.764296,9.781831,3425
2024-01-24 10:56:00,9.781831,9.821003,9.774058,9.816753,6298
2024-01-24 10:57:00,9.816753,9.829760,9.792186,9.808025,5885
2024-01-24 10:58:00,9.808025,9.849769,9.802025,9.832877,2853
2024-01-24 10:59:00,9.832877,9.846149,9.823956,9.841711,3771
2024-01-24 11:00:00,9.841711,9.860093,9.815024,9.829573,9317
2024-01-24 11:01:00,9.829573,9.840773,9.810133,9.832313,5426
2024-01-24 11:02:00,9.832313,9.851074,9.822408,9.841419,4768
2024-01-24 11:03:00,9.841419,9.859519,9.827835,9.838760,7986
2024-01-24 11:04:00,9.838760,9.866786,9.832797,9.848652,2743
2024-01-24 11:05:00,9.848652,9.869732,9.839394,9.858285,2274
2024-01-24 11:06:00,9.858285,9.872306,9.855150,9.865324,9878
2024-01-24 11:07:00,9.865324,9.870419,9.847675,9.865130,8052
2024-01-24 11:08:00,9.865130,9.872018,9.848840,9.851260,4288
2024-01-24 11:09:00,9.851260,9.867311,9.836050,9.850353,9468
2024-01-24 11:10:00,9.850353,9.860275,9.843435,9.852432,3777
2024-01-24 11:11:00,9.852432,9.866934,9.819715,9.830285,6784
2024-01-24 11:12:00,9.830285,9.837797,9.823217,9.832283,446
2024-01-24 11:13:00,9.832283,9.842896,9.821939,9.831141,7006
2024-01-24 11:14:00,9.831141,9.839478,9.803992,9.815834,1865
2024-01-24 11:15:00,9.815834,9.826899,9.798367,9.811903,2489
2024-01-24 11:16:00,9.811903,9.824162,9.789297,9.808222,8110
2024-01-24 11:17:00,9.808222,9.850843,9.800242,9.831006,2134
2024-01-24 11:18:00,9.831006,9.851803,9.818479,9.833605,4878
2024-01-24 11:19:00,9.833605,9.860361,9.815374,9.845835,9214
2024-01-24 11:20:00,9.845835,9.850602,9.837220,9.844444,9553
2024-01-24 11:21:00,9.844444,9.862987,9.804752,9.822323,4495
2024-01-24 11:22:00,9.822323,9.848326,9.803087,9.830260,930
2024-01-24 11:23:00,9.830260,9.848220,9.805235,9.822490,2940
2024-01-24 11:24:00,9.822490,9.833112,9.806271,9.818528,6197
2024-01-24 11:25:00,9.818528,9.823601,9.791100,9.806098,3436
2024-01-24 11:26:00,9.806098,9.822536,9.795439,9.806957,7227
2024-01-24 11:27:00,9.806957,9.828525,9.794207,9.819531,9925
2024-01-24 11:28:00,9.819531,9.838744,9.799991,9.830542,6249
2024-01-24 11:29:00,9.830542,9.858301,9.824022,9.849267,6285
2024-01-24 11:30:00,9.849267,9.881728,9.833001,9.869665,5345
2024-01-24 13:01:00,9.869665,9.877668,9.834402,9.845514,1946
2024-01-24 13:02:00,9.845514,9.859933,9.826240,9.831423,5825
2024-01-24 13:03:00,9.831423,9.845083,9.796495,9.810078,9325
2024-01-24 13:04:00,9.810078,9.828697,9.793814,9.817538,6926
2024-01-24 13:05:00,9.817538,9.820509,9.797119,9.809356,7547
2024-01-24 13:06:00,9.809356,9.828214,9.786508,9.803582,8646
2024-01-24 13:07:00,9.803582,9.812992,9.792439,9.801025,3936
2024-01-24 13:08:00,9.801025,9.815631,9.782577,9.805541,3429
2024-01-24 13:09:00,9.805541,9.815749,9.774337,9.788007,9702
2024-01-24 13:10:00,9.788007,9.796577,9.756689,9.773146,4650
2024-01-24 13:11:00,9.773146,9.787304,9.766233,9.773162,7362
2024-01-24 13:12:00,9.773162,9.789563,9.763131,9.787313,6395
2024-01-24 13:13:00,9.787313,9.805036,9.768640,9.787013,1323
2024-01-24 13:14:00,9.787013,9.790857,9.774751,9.777667,3210
2024-01-24 13:15:00,9.777667,9.797662,9.743037,9.752308,3329
2024-01-24 13:16:00,9.752308,9.776860,9.736262,9.763554,1869
2024-01-24 13:17:00,9.763554,9.766747,9.739478,9.754867,7812
2024-01-24 13:18:00,9.754867,9.766991,9.723992,9.741322,9665
2024-01-24 13:19:00,9.741322,9.749285,9.705763,9.721072,9665
2024-01-24 13:20:00,9.721072,9.740227,9.685037,9.704084,2027
2024-01-24 13:21:00,9.704084,9.719683,9.681769,9.692737,4550
2024-01-24 13:22:00,9.692737,9.703864,9.676680,9.689918,2404
2024-01-24 13:23:00,9.689918,9.699654,9.658390,9.675649,718
2024-01-24 13:24:00,9.675649,9.697767,9.661018,9.677841,6224
2024-01-24 13:25:00,9.677841,9.691854,9.671095,9.674932,8610
2024-01-24 13:26:00,9.674932,9.712413,9.666326,9.701162,865
2024-01-24 13:27:00,9.701162,9.710325,9.669095,9.681041,6454
2024-01-24 13:28:00,9.681041,9.690790,9.665456,9.682948,437
2024-01-24 13:29:00,9.682948,9.699699,9.671163,9.685002,8446
2024-01-24 13:30:00,9.685002,9.697584,9.656840,9.672836,733
2024-01-24 13:31:00,9.672836,9.691228,9.655759,9.673961,4412
2024-01-24 13:32:00,9.673961,9.695010,9.667188,9.683045,1320
2024-01-24 13:33:00,9.683045,9.696666,9.669956,9.684184,4180
2024-01-24 13:34:00,9.684184,9.711120,9.672156,9.700528,4349
2024-01-24 13:35:00,9.700528,9.716255,9.668729,9.674821,5445
2024-01-24 13:36:00,9.674821,9.684290,9.654060,9.664878,8309
2024-01-24 13:37:00,9.664878,9.699626,9.653004,9.682291,9965
2024-01-24 13:38:00,9.682291,9.700944,9.665579,9.693057,3485
2024-01-24 13:39:00,9.693057,9.713905,9.682759,9.699438,9240
2024-01-24 13:40:00,9.699438,9.732069,9.695981,9.713996,4332
2024-01-24 13:41:00,9.713996,9.729839,9.680600,9.691371,1271
2024-01-24 13:42:00,9.691371,9.708930,9.674288,9.700763,6042
2024-01-24 13:43:00,9.700763,9.728042,9.688481,9.713328,7255
2024-01-24 13:44:00,9.713328,9.719054,9.697812,9.705552,3091
2024-01-24 13:45:00,9.705552,9.739637,9.686975,9.736590,5937
2024-01-24 13:46:00,9.736590,9.755152,9.731788,9.738908,4382
2024-01-24 13:47:00,9.738908,9.755452,9.705139,9.713022,1535
2024-01-24 13:48:00,9.713022,9.719936,9.703154,9.717523,3924
2024-01-24 13:49:00,9.717523,9.736583,9.693742,9.709025,4332
2024-01-24 13:50:00,9.709025,9.732804,9.691982,9.722778,3484
2024-01-24 13:51:00,9.722778,9.747541,9.719724,9.729246,9159
2024-01-24 13:52:00,9.729246,9.745433,9.705931,9.722188,3945
2024-01-24 13:53:00,9.722188,9.758136,9.707218,9.739924,6299
2024-01-24 13:54:00,9.739924,9.768015,9.721820,9.751014,210
2024-01-24 13:55:00,9.751014,9.770546,9.723033,9.741241,3201
2024-01-24 13:56:00,9.741241,9.754564,9.723450,9.739446,8873
2024-01-24 13:57:00,9.739446,9.751639,9.734022,9.745548,8935
2024-01-24 13:58:00,9.745548,9.754560,9.733598,9.741248,9775
2024-01-24 13:59:00,9.741248,9.756782,9.718447,9.737300,663
2024-01-24 14:00:00,9.737300,9.742559,9.724533,9.737734,8638
2024-01-24 14:01:00,9.737734,9.756471,9.713455,9.725152,2749
2024-01-24 14:02:00,9.725152,9.730847,9.680312,9.698795,156
2024-01-24 14:03:00,9.698795,9.719385,9.681059,9.701618,1015
2024-01-24 14:04:00,9.701618,9.712325,9.663044,9.678139,7533
2024-01-24 14:05:00,9.678139,9.695271,9.648536,9.666417,5959
2024-01-24 14:06:00,9.666417,9.685666,9.641455,9.645504,5773
2024-01-24 14:07:00,9.645504,9.655102,9.610408,9.626044,8831
2024-01-24 14:08:00,9.626044,9.645616,9.606662,9.631077,1032
2024-01-24 14:09:00,9.631077,9.637158,9.625571,9.628453,918
2024-01-24 14:10:00,9.628453,9.644867,9.619388,9.625402,9335
2024-01-24 14:11:00,9.625402,9.642161,9.593577,9.609868,6101
2024-01-24 14:12:00,9.609868,9.617183,9.590765,9.602126,7784
2024-01-24 14:13:00,9.602126,9.609005,9.598567,9.606570,5295
2024-01-24 14:14:00,9.606570,9.616332,9.599132,9.605955,1538
2024-01-24 14:15:00,9.605955,9.620727,9.598122,9.615667,5274
2024-01-24 14:16:00,9.615667,9.643793,9.607888,9.627060,9644
2024-01-24 14:17:00,9.627060,9.633759,9.606284,9.624082,1265
2024-01-24 14:18:00,9.624082,9.643069,9.588300,9.602217,1349
2024-01-24 14:19:00,9.602217,9.621709,9.578056,9.593285,3531
2024-01-24 14:20:00,9.593285,9.611644,9.589887,9.592131,4601
2024-01-24 14:21:00,9.592131,9.604925,9.573270,9.582965,6324
2024-01-24 14:22:00,9.582965,9.589779,9.562795,9.570516,1673
2024-01-24 14:23:00,9.570516,9.587870,9.553181,9.571339,9345
2024-01-24 14:24:00,9.571339,9.614657,9.552169,9.600028,1586
2024-01-24 14:25:00,9.600028,9.619617,9.584645,9.594265,2080
2024-01-24 14:26:00,9.594265,9.603056,9.574717,9.594232,9681
2024-01-24 14:27:00,9.594232,9.597290,9.576485,9.578744,3828
2024-01-24 14:28:00,9.578744,9.613393,9.570881,9.593422,5764
2024-01-24 14:29:00,9.593422,9.620837,9.577473,9.603748,4405
2024-01-24 14:30:00,9.603748,9.619246,9.595266,9.613260,2665
2024-01-24 14:31:00,9.613260,9.644373,9.594682,9.629312,5116
2024-01-24 14:32:00,9.629312,9.631324,9.618335,9.624267,7786
2024-01-24 14:33:00,9.624267,9.636308,9.604375,9.620697,213
2024-01-24 14:34:00,9.620697,9.649413,9.615066,9.640882,8764
2024-01-24 14:35:00,9.640882,9.657215,9.635334,9.648351,1925
2024-01-24 14:36:00,9.648351,9.654752,9.612130,9.622154,9184
2024-01-24 14:37:00,9.622154,9.634470,9.603145,9.627523,9626
2024-01-24 14:38:00,9.627523,9.637707,9.608118,9.620656,9336
2024-01-24 14:39:00,9.620656,9.637725,9.607225,9.631259,6543
2024-01-24 14:40:00,9.631259,9.646473,9.629083,9.636077,9065
2024-01-24 14:41:00,9.636077,9.648469,9.612511,9.615530,8609
2024-01-24 14:42:00,9.615530,9.633504,9.612326,9.618704,6425
2024-01-24 14:43:00,9.618704,9.635379,9.601950,9.621190,8930
2024-01-24 14:44:00,9.621190,9.631837,9.614927,9.625481,3490
2024-01-24 14:45:00,9.625481,9.634980,9.617562,9.632275,8363
2024-01-24 14:46:00,9.632275,9.666923,9.619296,9.649935,9263
2024-01-24 14:47:00,9.649935,9.672522,9.637423,9.654820,6388
2024-01-24 14:48:00,9.654820,9.674711,9.645431,9.655091,1312
2024-01-24 14:49:00,9.655091,9.687917,9.653013,9.668642,2219
2024-01-24 14:50:00,9.668642,9.708526,9.658549,9.695117,1771
2024-01-24 14:51:00,9.695117,9.724016,9.679817,9.705920,5377
2024-01-24 14:52:00,9.705920,9.718418,9.699685,9.708354,4394
2024-01-24 14:53:00,9.708354,9.729632,9.693603,9.713460,8290
2024-01-24 14:54:00,9.713460,9.735678,9.711187,9.716482,2908
2024-01-24 14:55:00,9.716482,9.733034,9.698138,9.716701,1739
2024-01-24 14:56:00,9.716701,9.751744,9.697600,9.742260,6195
2024-01-24 14:57:00,9.742260,9.751060,9.731374,9.733418,1475
2024-01-24 14:58:00,9.733418,9.754299,9.723177,9.747051,9062
2024-01-24 14:59:00,9.747051,9.755658,9.736117,9.745566,903
2024-01-24 15:00:00,9.745566,9.762336,9.710936,9.728090,4961
2024-01-25 09:31:00,9.884360,9.899834,9.867301,9.872036,5222
2024-01-25 09:32:00,9.872036,9.898217,9.867307,9.878466,342
2024-01-25 09:33:00,9.878466,9.883820,9.853364,9.857654,6898
2024-01-25 09:34:00,9.857654,9.873362,9.830547,9.840463,4334
2024-01-25 09:35:00,9.840463,9.858760,9.838408,9.846830,1222
2024-01-25 09:36:00,9.846830,9.861655,9.832428,9.844191,6551
2024-01-25 09:37:00,9.844191,9.854606,9.828568,9.835938,2775
2024-01-25 09:38:00,9.835938,9.841761,9.818125,9.830070,4660
2024-01-25 09:39:00,9.830070,9.832893,9.793786,9.812624,9678
2024-01-25 09:40:00,9.812624,9.835459,9.794981,9.818370,2455
2024-01-25 09:41:00,9.818370,9.835037,9.796428,9.808804,8863
2024-01-25 09:42:00,9.808804,9.813729,9.792924,9.802449,4697
2024-01-25 09:43:00,9.802449,9.820175,9.787878,9.806562,9332
2024-01-25 09:44:00,9.806562,9.821841,9.784902,9.803518,8512
2024-01-25 09:45:00,9.803518,9.815556,9.784348,9.795160,8339
2024-01-25 09:46:00,9.795160,9.802870,9.767775,9.771563,2147
2024-01-25 09:47:00,9.771563,9.793778,9.755773,9.775921,7929
2024-01-25 09:48:00,9.775921,9.790422,9.773733,9.776858,3735
2024-01-25 09:49:00,9.776858,9.791822,9.754958,9.770721,9110
2024-01-25 09:50:00,9.770721,9.784459,9.754888,9.758416,9904
2024-01-25 09:51:00,9.758416,9.773551,9.754497,9.758568,6156
2024-01-25 09:52:00,9.758568,9.768878,9.742497,9.764267,9136
2024-01-25 09:53:00,9.764267,9.784033,9.749855,9.765426,5379
2024-01-25 09:54:00,9.765426,9.792000,9.753312,9.784856,436
2024-01-25 09:55:00,9.784856,9.810273,9.768085,9.793215,8752
2024-01-25 09:56:00,9.793215,9.811296,9.774618,9.791943,5350
2024-01-25 09:57:00,9.791943,9.814422,9.781708,9.800700,535
2024-01-25 09:58:00,9.800700,9.814046,9.780766,9.801277,747
2024-01-25 09:59:00,9.801277,9.805776,9.792840,9.801813,7260
2024-01-25 10:00:00,9.801813,9.827041,9.796726,9.817189,9246
2024-01-25 10:01:00,9.817189,9.830199,9.789310,9.806537,7004
2024-01-25 10:02:00,9.806537,9.810287,9.797057,9.806814,4471
2024-01-25 10:03:00,9.806814,9.824932,9.789073,9.820925,3139
2024-01-25 10:04:00,9.820925,9.844473,9.817824,9.824590,4242
2024-01-25 10:05:00,9.824590,9.832570,9.816214,9.820213,3295
2024-01-25 10:06:00,9.820213,9.828508,9.797251,9.799976,2802
2024-01-25 10:07:00,9.799976,9.806503,9.760210,9.773047,1370
2024-01-25 10:08:00,9.773047,9.811301,9.756073,9.797673,5731
2024-01-25 10:09:00,9.797673,9.811847,9.788425,9.801332,2262
2024-01-25 10:10:00,9.801332,9.817560,9.790772,9.794404,1535
2024-01-25 10:11:00,9.794404,9.809774,9.785682,9.798549,2830
2024-01-25 10:12:00,9.798549,9.800827,9.779044,9.787308,8009
2024-01-25 10:13:00,9.787308,9.797997,9.769798,9.783380,5772
2024-01-25 10:14:00,9.783380,9.786373,9.758481,9.772219,4962
2024-01-25 10:15:00,9.772219,9.789101,9.751602,9.755456,5960
2024-01-25 10:16:00,9.755456,9.759502,9.720925,9.730488,5707
2024-01-25 10:17:00,9.730488,9.736394,9.697973,9.711538,5027
2024-01-25 10:18:00,9.711538,9.733931,9.704879,9.723652,8423
2024-01-25 10:19:00,9.723652,9.729165,9.702619,9.711946,7330
2024-01-25 10:20:00,9.711946,9.729997,9.698900,9.718291,1932
2024-01-25 10:21:00,9.718291,9.739930,9.709039,9.729638,8189
2024-01-25 10:22:00,9.729638,9.748980,9.727082,9.729835,1834
2024-01-25 10:23:00,9.729835,9.733425,9.720286,9.726293,872
2024-01-25 10:24:00,9.726293,9.740252,9.710324,9.727871,4265
2024-01-25 10:25:00,9.727871,9.742838,9.716456,9.722929,3988
2024-01-25 10:26:00,9.722929,9.741506,9.706211,9.737209,7882
2024-01-25 10:27:00,9.737209,9.772923,9.726805,9.759467,6982
2024-01-25 10:28:00,9.759467,9.794220,9.748955,9.776664,679
2024-01-25 10:29:00,9.776664,9.792840,9.735274,9.751144,5037
2024-01-25 10:30:00,9.751144,9.769977,9.737061,9.745960,7972
2024-01-25 10:31:00,9.745960,9.760980,9.739667,9.746009,7358
2024-01-25 10:32:00,9.746009,9.760593,9.742119,9.751502,5057
2024-01-25 10:33:00,9.751502,9.770070,9.716919,9.731014,6196
2024-01-25 10:34:00,9.731014,9.737070,9.699875,9.710334,5661
2024-01-25 10:35:00,9.710334,9.738341,9.693765,9.725834,2390
2024-01-25 10:36:00,9.725834,9.741616,9.708964,9.719202,5687
2024-01-25 10:37:00,9.719202,9.736904,9.692093,9.701560,6783
2024-01-25 10:38:00,9.701560,9.720058,9.681090,9.688469,656
2024-01-25 10:39:00,9.688469,9.696631,9.682880,9.693101,6983
2024-01-25 10:40:00,9.693101,9.708170,9.666397,9.683345,2572
2024-01-25 10:41:00,9.683345,9.691884,9.679631,9.686210,176
2024-01-25 10:42:00,9.686210,9.702235,9.656363,9.674602,7577
2024-01-25 10:43:00,9.674602,9.689214,9.651429,9.653913,3959
2024-01-25 10:44:00,9.653913,9.676072,9.642513,9.670808,4181
2024-01-25 10:45:00,9.670808,9.692522,9.667758,9.675531,6280
2024-01-25 10:46:00,9.675531,9.685843,9.655540,9.671572,5649
2024-01-25 10:47:00,9.671572,9.683362,9.659582,9.665388,6243
2024-01-25 10:48:00,9.665388,9.702249,9.653202,9.682764,9454
2024-01-25 10:49:00,9.682764,9.703600,9.664268,9.689780,6546
2024-01-25 10:50:00,9.689780,9.715977,9.676094,9.703383,558
2024-01-25 10:51:00,9.703383,9.705685,9.691250,9.696460,2301
2024-01-25 10:52:00,9.696460,9.702646,9.680119,9.697061,4551
2024-01-25 10:53:00,9.697061,9.704309,9.687114,9.701831,4777
2024-01-25 10:54:00,9.701831,9.709831,9.693069,9.695307,3676
2024-01-25 10:55:00,9.695307,9.703508,9.683412,9.694173,1925
2024-01-25 10:56:00,9.694173,9.705719,9.670626,9.687251,1153
2024-01-25 10:57:00,9.687251,9.706400,9.677512,9.691984,1535
2024-01-25 10:58:00,9.691984,9.697213,9.660659,9.676311,9512
2024-01-25 10:59:00,9.676311,9.695925,9.661612,9.683095,4016
2024-01-25 11:00:00,9.683095,9.705286,9.672871,9.686781,9618
2024-01-25 11:01:00,9.686781,9.692111,9.676550,9.684369,3415
2024-01-25 11:02:00,9.684369,9.703565,9.669292,9.689701,3183
2024-01-25 11:03:00,9.689701,9.692522,9.676732,9.685373,4946
2024-01-25 11:04:00,9.685373,9.696933,9.672362,9.677424,9472
2024-01-25 11:05:00,9.677424,9.699221,9.669648,9.683873,5675
2024-01-25 11:06:00,9.683873,9.693449,9.666090,9.690836,448
2024-01-25 11:07:00,9.690836,9.698842,9.677718,9.684819,2788
2024-01-25 11:08:00,9.684819,9.702622,9.671555,9.677785,9810
2024-01-25 11:09:00,9.677785,9.683843,9.671213,9.675614,1630
2024-01-25 11:10:00,9.675614,9.690626,9.666074,9.669067,8375
2024-01-25 11:11:00,9.669067,9.700177,9.649487,9.687157,9293
2024-01-25 11:12:00,9.687157,9.695857,9.675495,9.690911,2221
2024-01-25 11:13:00,9.690911,9.706434,9.675777,9.691084,5633
2024-01-25 11:14:00,9.691084,9.702661,9.664107,9.680020,6035
2024-01-25 11:15:00,9.680020,9.692802,9.671679,9.688786,7958
2024-01-25 11:16:00,9.688786,9.707874,9.665151,9.681531,8003
2024-01-25 11:17:00,9.681531,9.692387,9.654482,9.673789,694
2024-01-25 11:18:00,9.673789,9.698365,9.658437,9.682953,3261
2024-01-25 11:19:00,9.682953,9.693466,9.668142,9.687547,9406
2024-01-25 11:20:00,9.687547,9.692017,9.648073,9.657853,3602
2024-01-25 11:21:00,9.657853,9.673197,9.638838,9.655982,2535
2024-01-25 11:22:00,9.655982,9.671600,9.652383,9.657471,6326
2024-01-25 11:23:00,9.657471,9.664405,9.637948,9.653443,2033
2024-01-25 11:24:00,9.653443,9.670778,9.644927,9.655345,1556
2024-01-25 11:25:00,9.655345,9.666435,9.621692,9.633880,7999
2024-01-25 11:26:00,9.633880,9.642154,9.582227,9.600300,1270
2024-01-25 11:27:00,9.600300,9.616464,9.575840,9.588730,8922
2024-01-25 11:28:00,9.588730,9.605180,9.586270,9.592078,2573
2024-01-25 11:29:00,9.592078,9.603209,9.538819,9.553826,1157
2024-01-25 11:30:00,9.553826,9.569742,9.525098,9.543820,7438
2024-01-25 13:01:00,9.543820,9.555627,9.507458,9.521014,1847
2024-01-25 13:02:00,9.521014,9.539908,9.500631,9.518136,3729
2024-01-25 13:03:00,9.518136,9.558084,9.501281,9.541359,3576
2024-01-25 13:04:00,9.541359,9.549807,9.521280,9.538783,5122
2024-01-25 13:05:00,9.538783,9.549152,9.529315,9.537508,4786
2024-01-25 13:06:00,9.537508,9.566695,9.526973,9.547463,2034
2024-01-25 13:07:00,9.547463,9.565829,9.530198,9.547715,2423
2024-01-25 13:08:00,9.547715,9.553157,9.526778,9.545165,2021
2024-01-25 13:09:00,9.545165,9.563094,9.540522,9.556156,649
2024-01-25 13:10:00,9.556156,9.570313,9.550889,9.561754,6539
2024-01-25 13:11:00,9.561754,9.583014,9.553511,9.565177,4760
2024-01-25 13:12:00,9.565177,9.583871,9.547666,9.563531,1172
2024-01-25 13:13:00,9.563531,9.579973,9.541677,9.559426,3380
2024-01-25 13:14:00,9.559426,9.577268,9.546982,9.570305,6711
2024-01-25 13:15:00,9.570305,9.588272,9.562275,9.566314,2923
2024-01-25 13:16:00,9.566314,9.583510,9.558847,9.580918,4066
2024-01-25 13:17:00,9.580918,9.590529,9.551071,9.568498,7463
2024-01-25 13:18:00,9.568498,9.594302,9.560242,9.585504,6745
2024-01-25 13:19:00,9.585504,9.602738,9.581654,9.591103,7037
2024-01-25 13:20:00,9.591103,9.603195,9.572178,9.579615,3879
2024-01-25 13:21:00,9.579615,9.591710,9.563095,9.585652,4891
2024-01-25 13:22:00,9.585652,9.591334,9.567056,9.577939,8475
2024-01-25 13:23:00,9.577939,9.594800,9.572851,9.578335,8735
2024-01-25 13:24:00,9.578335,9.581707,9.564936,9.572563,650
2024-01-25 13:25:00,9.572563,9.583443,9.551823,9.570987,8396
2024-01-25 13:26:00,9.570987,9.587603,9.561212,9.582153,8943
2024-01-25 13:27:00,9.582153,9.596056,9.572205,9.588304,9430
2024-01-25 13:28:00,9.588304,9.595295,9.570200,9.574955,2759
2024-01-25 13:29:00,9.574955,9.589709,9.554805,9.562287,5062
2024-01-25 13:30:00,9.562287,9.575707,9.545622,9.565498,521
2024-01-25 13:31:00,9.565498,9.576959,9.549347,9.569569,1186
2024-01-25 13:32:00,9.569569,9.586533,9.551730,9.561569,5667
2024-01-25 13:33:00,9.561569,9.583988,9.543483,9.580444,2139
2024-01-25 13:34:00,9.580444,9.605888,9.571599,9.590093,2321
2024-01-25 13:35:00,9.590093,9.596563,9.565115,9.582673,3038
2024-01-25 13:36:00,9.582673,9.601197,9.571538,9.574106,4646
2024-01-25 13:37:00,9.574106,9.576206,9.563154,9.571404,1614
2024-01-25 13:38:00,9.571404,9.583424,9.550077,9.567468,8042
2024-01-25 13:39:00,9.567468,9.595568,9.549244,9.582367,6713
2024-01-25 13:40:00,9.582367,9.606436,9.566752,9.594045,7936
2024-01-25 13:41:00,9.594045,9.611131,9.579988,9.594461,9268
2024-01-25 13:42:00,9.594461,9.606521,9.577782,9.602502,6043
2024-01-25 13:43:00,9.602502,9.621743,9.587766,9.612263,3680
2024-01-25 13:44:00,9.612263,9.630502,9.605687,9.612954,9780
2024-01-25 13:45:00,9.612954,9.635727,9.602562,9.617730,5700
2024-01-25 13:46:00,9.617730,9.635748,9.603837,9.624778,4691
2024-01-25 13:47:00,9.624778,9.642605,9.612197,9.630561,4218
2024-01-25 13:48:00,9.630561,9.646312,9.603392,9.621324,489
2024-01-25 13:49:00,9.621324,9.637357,9.602756,9.613285,9563
2024-01-25 13:50:00,9.613285,9.631271,9.604658,9.609862,8212
2024-01-25 13:51:00,9.609862,9.627052,9.595618,9.601480,7024
2024-01-25 13:52:00,9.601480,9.610940,9.566778,9.584008,2290
2024-01-25 13:53:00,9.584008,9.605721,9.581851,9.592025,9289
2024-01-25 13:54:00,9.592025,9.606832,9.574381,9.596134,1844
2024-01-25 13:55:00,9.596134,9.600257,9.577247,9.580247,2491
2024-01-25 13:56:00,9.580247,9.597038,9.568340,9.577390,793
2024-01-25 13:57:00,9.577390,9.590222,9.558801,9.575204,2953
2024-01-25 13:58:00,9.575204,9.580406,9.565867,9.577362,3346
2024-01-25 13:59:00,9.577362,9.591546,9.547727,9.564529,7969
2024-01-25 14:00:00,9.564529,9.571625,9.544664,9.548469,3328
2024-01-25 14:01:00,9.548469,9.557880,9.537261,9.554634,9561
2024-01-25 14:02:00,9.554634,9.567552,9.523954,9.536439,3097
2024-01-25 14:03:00,9.536439,9.551619,9.515644,9.533679,5293
2024-01-25 14:04:00,9.533679,9.544990,9.526126,9.529812,5972
2024-01-25 14:05:00,9.529812,9.531913,9.520255,9.528349,8308
2024-01-25 14:06:00,9.528349,9.543731,9.514481,9.531347,7540
2024-01-25 14:07:00,9.531347,9.552427,9.511708,9.550308,8688
2024-01-25 14:08:00,9.550308,9.568983,9.514067,9.531336,9383
2024-01-25 14:09:00,9.531336,9.548545,9.514099,9.541733,1262
2024-01-25 14:10:00,9.541733,9.559411,9.500627,9.511936,1031
2024-01-25 14:11:00,9.511936,9.530685,9.499779,9.528467,4546
2024-01-25 14:12:00,9.528467,9.532217,9.486782,9.504236,1588
2024-01-25 14:13:00,9.504236,9.543260,9.486583,9.533135,4986
2024-01-25 14:14:00,9.533135,9.548790,9.512071,9.528512,5939
2024-01-25 14:15:00,9.528512,9.562783,9.511777,9.543817,2836
2024-01-25 14:16:00,9.543817,9.568056,9.525984,9.556677,1071
2024-01-25 14:17:00,9.556677,9.565075,9.547451,9.551499,9649
2024-01-25 14:18:00,9.551499,9.554301,9.539965,9.547232,3770
2024-01-25 14:19:00,9.547232,9.559739,9.517733,9.537303,8406
2024-01-25 14:20:00,9.537303,9.555483,9.525497,9.546642,6283
2024-01-25 14:21:00,9.546642,9.565006,9.536443,9.541619,6655
2024-01-25 14:22:00,9.541619,9.552260,9.520850,9.531905,7827
2024-01-25 14:23:00,9.531905,9.554056,9.518281,9.538277,2724
2024-01-25 14:24:00,9.538277,9.555545,9.510728,9.527636,2254
2024-01-25 14:25:00,9.527636,9.531405,9.507115,9.523734,9968
2024-01-25 14:26:00,9.523734,9.534939,9.520847,9.525004,6713
2024-01-25 14:27:00,9.525004,9.543091,9.507221,9.517384,2993
2024-01-25 14:28:00,9.517384,9.527024,9.509184,9.511554,6494
2024-01-25 14:29:00,9.511554,9.541933,9.493567,9.529761,3997
2024-01-25 14:30:00,9.529761,9.547476,9.522208,9.527338,8610
2024-01-25 14:31:00,9.527338,9.533525,9.509825,9.523072,5131
2024-01-25 14:32:00,9.523072,9.541175,9.508724,9.520995,3206
2024-01-25 14:33:00,9.520995,9.535532,9.507736,9.526386,6934
2024-01-25 14:34:00,9.526386,9.539060,9.501981,9.514123,7525
2024-01-25 14:35:00,9.514123,9.527095,9.499242,9.519190,3789
2024-01-25 14:36:00,9.519190,9.533713,9.505920,9.522224,7544
2024-01-25 14:37:00,9.522224,9.525112,9.497383,9.501009,2418
2024-01-25 14:38:00,9.501009,9.525466,9.492407,9.522291,2468
2024-01-25 14:39:00,9.522291,9.549083,9.510452,9.539618,8282
2024-01-25 14:40:00,9.539618,9.547647,9.522269,9.530122,6249
2024-01-25 14:41:00,9.530122,9.543206,9.501123,9.516809,447
2024-01-25 14:42:00,9.516809,9.522196,9.509087,9.519514,6784
2024-01-25 14:43:00,9.519514,9.524532,9.485685,9.502601,3128
2024-01-25 14:44:00,9.502601,9.524556,9.497960,9.518783,2816
2024-01-25 14:45:00,9.518783,9.528712,9.497378,9.513227,4298
2024-01-25 14:46:00,9.513227,9.538907,9.507925,9.532464,4572
2024-01-25 14:47:00,9.532464,9.536942,9.511181,9.522685,8929
2024-01-25 14:48:00,9.522685,9.535441,9.513585,9.521354,4414
2024-01-25 14:49:00,9.521354,9.551775,9.507882,9.536385,3037
2024-01-25 14:50:00,9.536385,9.550720,9.526722,9.532551,7757
2024-01-25 14:51:00,9.532551,9.542750,9.516234,9.535778,5472
2024-01-25 14:52:00,9.535778,9.566119,9.523454,9.548739,106
2024-01-25 14:53:00,9.548739,9.561751,9.522912,9.542143,6358
2024-01-25 14:54:00,9.542143,9.555207,9.512366,9.527177,5060
2024-01-25 14:55:00,9.527177,9.533009,9.496942,9.509875,5788
2024-01-25 14:56:00,9.509875,9.523155,9.492950,9.516796,1924
2024-01-25 14:57:00,9.516796,9.531952,9.510841,9.521407,4835
2024-01-25 14:58:00,9.521407,9.540280,9.508018,9.534000,6503
2024-01-25 14:59:00,9.534000,9.548385,9.521722,9.530749,6801
2024-01-25 15:00:00,9.530749,9.538303,9.498391,9.513779,6835
2024-01-26 09:31:00,9.944117,9.953349,9.934548,9.944000,666
2024-01-26 09:32:00,9.944000,9.960558,9.934243,9.946759,1860
2024-01-26 09:33:00,9.946759,9.964826,9.929053,9.943880,6876
2024-01-26 09:34:00,9.943880,9.967291,9.931001,9.955850,5724
2024-01-26 09:35:00,9.955850,9.971285,9.948414,9.959700,6153
2024-01-26 09:36:00,9.959700,9.967447,9.954014,9.957813,2331
2024-01-26 09:37:00,9.957813,9.974226,9.938679,9.955571,2141
2024-01-26 09:38:00,9.955571,9.959560,9.943567,9.954268,4312
2024-01-26 09:39:00,9.954268,9.962051,9.940163,9.954631,1377
2024-01-26 09:40:00,9.954631,9.958377,9.936469,9.953958,8893
2024-01-26 09:41:00,9.953958,9.959814,9.944971,9.947290,2752
2024-01-26 09:42:00,9.947290,9.968976,9.929821,9.956418,7220
2024-01-26 09:43:00,9.956418,9.970566,9.940885,9.966299,1652
2024-01-26 09:44:00,9.966299,9.991397,9.947256,9.987586,6545
2024-01-26 09:45:00,9.987586,10.004452,9.974179,9.980384,2118
2024-01-26 09:46:00,9.980384,9.992466,9.972580,9.988337,2886
2024-01-26 09:47:00,9.988337,10.001282,9.951650,9.965557,4179
2024-01-26 09:48:00,9.965557,9.983789,9.946893,9.975452,1333
2024-01-26 09:49:00,9.975452,9.993587,9.938207,9.958075,1333
2024-01-26 09:50:00,9.958075,9.972811,9.936834,9.946335,7554
2024-01-26 09:51:00,9.946335,9.953379,9.934629,9.950309,3521
2024-01-26 09:52:00,9.950309,9.968428,9.937838,9.942908,5722
2024-01-26 09:53:00,9.942908,9.952358,9.919390,9.933881,6500
2024-01-26 09:54:00,9.933881,9.941249,9.911058,9.928130,6265
2024-01-26 09:55:00,9.928130,9.950999,9.911755,9.936889,6311
2024-01-26 09:56:00,9.936889,9.951812,9.917608,9.925833,9753
2024-01-26 09:57:00,9.925833,9.933292,9.905961,9.925300,6344
2024-01-26 09:58:00,9.925300,9.933629,9.916778,9.920944,3548
2024-01-26 09:59:00,9.920944,9.935776,9.910053,9.930962,2917
2024-01-26 10:00:00,9.930962,9.954095,9.918980,9.941413,8027
2024-01-26 10:01:00,9.941413,9.960637,9.908322,9.919979,4274
2024-01-26 10:02:00,9.919979,9.942598,9.904337,9.933099,5633
2024-01-26 10:03:00,9.933099,9.953030,9.913727,9.926700,8167
2024-01-26 10:04:00,9.926700,9.935904,9.923312,9.930729,2429
2024-01-26 10:05:00,9.930729,9.947059,9.915911,9.921148,2301
2024-01-26 10:06:00,9.921148,9.946439,9.909568,9.927733,623
2024-01-26 10:07:00,9.927733,9.975395,9.913231,9.961010,816
2024-01-26 10:08:00,9.961010,9.970172,9.949755,9.966204,6198
2024-01-26 10:09:00,9.966204,9.974082,9.957038,9.965437,5085
2024-01-26 10:10:00,9.965437,9.972198,9.962517,9.968656,3046
2024-01-26 10:11:00,9.968656,9.981488,9.942494,9.958640,2193
2024-01-26 10:12:00,9.958640,10.005211,9.947690,9.985244,6985
2024-01-26 10:13:00,9.985244,10.009134,9.973546,10.000389,944
2024-01-26 10:14:00,10.000389,10.006618,9.989947,10.001685,7037
2024-01-26 10:15:00,10.001685,10.012910,9.994908,10.006074,9058
2024-01-26 10:16:00,10.006074,10.038040,9.999100,10.025766,4609
2024-01-26 10:17:00,10.025766,10.071883,10.022623,10.059642,4998
2024-01-26 10:18:00,10.059642,10.078246,10.044905,10.072110,5410
2024-01-26 10:19:00,10.072110,10.130687,10.065216,10.115174,1042
2024-01-26 10:20:00,10.115174,10.151056,10.107800,10.147472,6302
2024-01-26 10:21:00,10.147472,10.186511,10.127589,10.173296,3715
2024-01-26 10:22:00,10.173296,10.217628,10.164351,10.207965,4739
2024-01-26 10:23:00,10.207965,10.276344,10.196773,10.272055,327
2024-01-26 10:24:00,10.272055,10.314603,10.263098,10.301184,8785
2024-01-26 10:25:00,10.301184,10.354075,10.293960,10.339960,3400
2024-01-26 10:26:00,10.339960,10.409775,10.337855,10.399854,851
2024-01-26 10:27:00,10.399854,10.467419,10.382466,10.451055,7842
2024-01-26 10:28:00,10.451055,10.500461,10.440538,10.489294,9800
2024-01-26 10:29:00,10.489294,10.553596,10.474336,10.546453,5247
2024-01-26 10:30:00,10.546453,10.620184,10.527197,10.601019,431
2024-01-26 10:31:00,10.601019,10.662184,10.598968,10.643192,9918
2024-01-26 10:32:00,10.643192,10.672510,10.629041,10.668788,2160
2024-01-26 10:33:00,10.668788,10.709007,10.664653,10.689977,2479
2024-01-26 10:34:00,10.689977,10.728966,10.679734,10.713007,7112
2024-01-26 10:35:00,10.713007,10.716927,10.692132,10.709374,3385
2024-01-26 10:36:00,10.709374,10.740615,10.706087,10.729267,941
2024-01-26 10:37:00,10.729267,10.748136,10.709454,10.745507,6858
2024-01-26 10:38:00,10.745507,10.758106,10.718214,10.730669,2695
2024-01-26 10:39:00,10.730669,10.749466,10.706176,10.715286,8630
2024-01-26 10:40:00,10.715286,10.723914,10.700427,10.702778,1624
2024-01-26 10:41:00,10.702778,10.713933,10.680646,10.693209,9071
2024-01-26 10:42:00,10.693209,10.699305,10.662662,10.673570,7263
2024-01-26 10:43:00,10.673570,10.685307,10.604498,10.610374,2470
2024-01-26 10:44:00,10.610374,10.626820,10.550134,10.560962,5831
2024-01-26 10:45:00,10.560962,10.566837,10.517026,10.519256,9390
2024-01-26 10:46:00,10.519256,10.531219,10.444750,10.464741,738
2024-01-26 10:47:00,10.464741,10.473125,10.429510,10.437488,8216
2024-01-26 10:48:00,10.437488,10.452949,10.398777,10.409421,4655
2024-01-26 10:49:00,10.409421,10.424058,10.337864,10.353990,9496
2024-01-26 10:50:00,10.353990,10.368568,10.293998,10.308828,2164
2024-01-26 10:51:00,10.308828,10.317628,10.241639,10.259633,7222
2024-01-26 10:52:00,10.259633,10.272420,10.201436,10.220380,9680
2024-01-26 10:53:00,10.220380,10.234100,10.178894,10.184299,3503
2024-01-26 10:54:00,10.184299,10.198554,10.156880,10.165908,1168
2024-01-26 10:55:00,10.165908,10.178262,10.114741,10.129103,3981
2024-01-26 10:56:00,10.129103,10.146706,10.072313,10.075123,6020
2024-01-26 10:57:00,10.075123,10.081601,10.021562,10.036467,6337
2024-01-26 10:58:00,10.036467,10.039472,10.005591,10.007679,4870
2024-01-26 10:59:00,10.007679,10.027004,9.967589,9.986042,9333
2024-01-26 11:00:00,9.986042,9.989136,9.961938,9.976865,5823
2024-01-26 11:01:00,9.976865,9.995118,9.942487,9.954666,6443
2024-01-26 11:02:00,9.954666,9.967687,9.922980,9.932701,9569
2024-01-26 11:03:00,9.932701,9.951238,9.895835,9.915620,9398
2024-01-26 11:04:00,9.915620,9.927789,9.882330,9.897587,3478
2024-01-26 11:05:00,9.897587,9.914365,9.870762,9.887293,2932
2024-01-26 11:06:00,9.887293,9.902276,9.860477,9.877334,7512
2024-01-26 11:07:00,9.877334,9.894852,9.874940,9.883400,5299
2024-01-26 11:08:00,9.883400,9.891940,9.866985,9.869969,4529
2024-01-26 11:09:00,9.869969,9.872020,9.858923,9.864493,7013
2024-01-26 11:10:00,9.864493,9.871009,9.843306,9.857099,6641
2024-01-26 11:11:00,9.857099,9.885236,9.843868,9.866104,9146
2024-01-26 11:12:00,9.866104,9.873062,9.855943,9.863796,3720
2024-01-26 11:13:00,9.863796,9.891535,9.844282,9.876002,7565
2024-01-26 11:14:00,9.876002,9.887155,9.858340,9.862016,2348
2024-01-26 11:15:00,9.862016,9.869569,9.845283,9.861264,9376
2024-01-26 11:16:00,9.861264,9.881104,9.843624,9.854279,927
2024-01-26 11:17:00,9.854279,9.857125,9.830033,9.839572,7527
2024-01-26 11:18:00,9.839572,9.852050,9.836255,9.838715,1107
2024-01-26 11:19:00,9.838715,9.869667,9.823614,9.859359,8813
2024-01-26 11:20:00,9.859359,9.862737,9.833270,9.849159,9598
2024-01-26 11:21:00,9.849159,9.855012,9.839882,9.847623,8197
2024-01-26 11:22:00,9.847623,9.862119,9.820649,9.831954,7905
2024-01-26 11:23:00,9.831954,9.835904,9.801620,9.814535,4833
2024-01-26 11:24:00,9.814535,9.830954,9.796520,9.805137,2525
2024-01-26 11:25:00,9.805137,9.818388,9.786685,9.799765,9858
2024-01-26 11:26:00,9.799765,9.803581,9.785110,9.794924,5338
2024-01-26 11:27:00,9.794924,9.802087,9.774421,9.792226,8183
2024-01-26 11:28:00,9.792226,9.796695,9.757623,9.772556,7170
2024-01-26 11:29:00,9.772556,9.788913,9.761097,9.765086,7041
2024-01-26 11:30:00,9.765086,9.782667,9.748693,9.771073,3590
2024-01-26 13:01:00,9.771073,9.773124,9.746790,9.754865,4325
2024-01-26 13:02:00,9.754865,9.766638,9.731787,9.750627,4455
2024-01-26 13:03:00,9.750627,9.764812,9.737767,9.754122,6064
2024-01-26 13:04:00,9.754122,9.767697,9.742291,9.744787,7211
2024-01-26 13:05:00,9.744787,9.751490,9.729569,9.748863,2068
2024-01-26 13:06:00,9.748863,9.751500,9.726358,9.730711,2351
2024-01-26 13:07:00,9.730711,9.749601,9.712920,9.741313,579
2024-01-26 13:08:00,9.741313,9.760072,9.722243,9.745678,5310
2024-01-26 13:09:00,9.745678,9.760340,9.731163,9.746342,6721
2024-01-26 13:10:00,9.746342,9.766773,9.734750,9.759765,2179
2024-01-26 13:11:00,9.759765,9.765654,9.742997,9.755834,7147
2024-01-26 13:12:00,9.755834,9.770131,9.738742,9.748462,130
2024-01-26 13:13:00,9.748462,9.767328,9.744957,9.764840,8678
2024-01-26 13:14:00,9.764840,9.798828,9.746121,9.786806,6933
2024-01-26 13:15:00,9.786806,9.796440,9.770606,9.778531,6864
2024-01-26 13:16:00,9.778531,9.784835,9.769543,9.777174,7101
2024-01-26 13:17:00,9.777174,9.801010,9.771730,9.789644,3650
2024-01-26 13:18:00,9.789644,9.795553,9.768848,9.788712,9957
2024-01-26 13:19:00,9.788712,9.807965,9.769746,9.795807,7491
2024-01-26 13:20:00,9.795807,9.809801,9.787517,9.805119,1892
2024-01-26 13:21:00,9.805119,9.814422,9.791729,9.798409,9231
2024-01-26 13:22:00,9.798409,9.814600,9.781913,9.803413,7421
2024-01-26 13:23:00,9.803413,9.805983,9.793732,9.803339,3177
2024-01-26 13:24:00,9.803339,9.816332,9.769398,9.788818,9484
2024-01-26 13:25:00,9.788818,9.804324,9.758787,9.777008,2558
2024-01-26 13:26:00,9.777008,9.796218,9.753553,9.769223,6481
2024-01-26 13:27:00,9.769223,9.785959,9.765605,9.780303,6734
2024-01-26 13:28:00,9.780303,9.797532,9.765665,9.791775,9635
2024-01-26 13:29:00,9.791775,9.808211,9.772004,9.800724,5743
2024-01-26 13:30:00,9.800724,9.824009,9.792004,9.805975,9944
2024-01-26 13:31:00,9.805975,9.820225,9.788107,9.810902,2914
2024-01-26 13:32:00,9.810902,9.821646,9.801555,9.814214,8036
2024-01-26 13:33:00,9.814214,9.834419,9.794730,9.819078,2529
2024-01-26 13:34:00,9.819078,9.827434,9.805313,9.824750,9992
2024-01-26 13:35:00,9.824750,9.836629,9.804254,9.807991,7660
2024-01-26 13:36:00,9.807991,9.818095,9.787938,9.798561,6295
2024-01-26 13:37:00,9.798561,9.811809,9.783388,9.786283,757
2024-01-26 13:38:00,9.786283,9.814654,9.777172,9.799495,5020
2024-01-26 13:39:00,9.799495,9.827083,9.781018,9.819233,1525
2024-01-26 13:40:00,9.819233,9.832688,9.787170,9.793350,9184
2024-01-26 13:41:00,9.793350,9.823461,9.774240,9.812023,3853
2024-01-26 13:42:00,9.812023,9.817469,9.808224,9.813058,8326
2024-01-26 13:43:00,9.813058,9.843013,9.799091,9.825142,9070
2024-01-26 13:44:00,9.825142,9.846769,9.805760,9.831186,1190
2024-01-26 13:45:00,9.831186,9.866964,9.817411,9.848374,7616
2024-01-26 13:46:00,9.848374,9.865844,9.830192,9.850877,3096
2024-01-26 13:47:00,9.850877,9.857283,9.814768,9.834607,1176
2024-01-26 13:48:00,9.834607,9.844356,9.819793,9.833346,2680
2024-01-26 13:49:00,9.833346,9.848463,9.817265,9.839499,5544
2024-01-26 13:50:00,9.839499,9.842144,9.834346,9.836922,8567
2024-01-26 13:51:00,9.836922,9.854161,9.827231,9.844771,6947
2024-01-26 13:52:00,9.844771,9.852991,9.836798,9.843987,2409
2024-01-26 13:53:00,9.843987,9.846057,9.820045,9.836881,3030
2024-01-26 13:54:00,9.836881,9.854129,9.809725,9.823922,3110
2024-01-26 13:55:00,9.823922,9.828511,9.806187,9.819246,7386
2024-01-26 13:56:00,9.819246,9.832705,9.800478,9.821687,5236
2024-01-26 13:57:00,9.821687,9.837812,9.794706,9.798306,336
2024-01-26 13:58:00,9.798306,9.811187,9.769828,9.788997,853
2024-01-26 13:59:00,9.788997,9.794046,9.761357,9.765171,848
2024-01-26 14:00:00,9.765171,9.778299,9.749561,9.757808,9616
2024-01-26 14:01:00,9.757808,9.787732,9.744463,9.772095,5096
2024-01-26 14:02:00,9.772095,9.789481,9.749795,9.757941,4961
2024-01-26 14:03:00,9.757941,9.774068,9.743656,9.766332,7634
2024-01-26 14:04:00,9.766332,9.802937,9.750374,9.800327,1985
2024-01-26 14:05:00,9.800327,9.830615,9.783414,9.817672,412
2024-01-26 14:06:00,9.817672,9.825329,9.812444,9.819265,2781
2024-01-26 14:07:00,9.819265,9.845565,9.813988,9.829509,2164
2024-01-26 14:08:00,9.829509,9.843746,9.810223,9.813164,8001
2024-01-26 14:09:00,9.813164,9.829082,9.783553,9.794389,8202
2024-01-26 14:10:00,9.794389,9.814147,9.789913,9.794731,6376
2024-01-26 14:11:00,9.794731,9.812010,9.786997,9.799488,9108
2024-01-26 14:12:00,9.799488,9.830825,9.782360,9.812547,4699
2024-01-26 14:13:00,9.812547,9.826101,9.786684,9.805760,2480
2024-01-26 14:14:00,9.805760,9.813339,9.788963,9.808068,3382
2024-01-26 14:15:00,9.808068,9.826354,9.806056,9.809967,1502
2024-01-26 14:16:00,9.809967,9.824453,9.796174,9.808399,9016
2024-01-26 14:17:00,9.808399,9.828002,9.802534,9.807534,6081
2024-01-26 14:18:00,9.807534,9.813916,9.788571,9.797335,7748
2024-01-26 14:19:00,9.797335,9.808669,9.787632,9.800673,2887
2024-01-26 14:20:00,9.800673,9.819787,9.781700,9.803000,7209
2024-01-26 14:21:00,9.803000,9.806132,9.784342,9.797749,3372
2024-01-26 14:22:00,9.797749,9.819092,9.790932,9.805694,4515
2024-01-26 14:23:00,9.805694,9.829598,9.792124,9.817959,6553
2024-01-26 14:24:00,9.817959,9.831081,9.798826,9.826042,9813
2024-01-26 14:25:00,9.826042,9.831014,9.810538,9.813603,5626
2024-01-26 14:26:00,9.813603,9.831375,9.796915,9.814792,7129
2024-01-26 14:27:00,9.814792,9.817070,9.798012,9.803916,5987
2024-01-26 14:28:00,9.803916,9.820511,9.799160,9.805068,4293
2024-01-26 14:29:00,9.805068,9.820256,9.776059,9.794238,9332
2024-01-26 14:30:00,9.794238,9.823173,9.792205,9.809479,9609
2024-01-26 14:31:00,9.809479,9.828198,9.794139,9.818826,3173
2024-01-26 14:32:00,9.818826,9.835095,9.815256,9.832585,8967
2024-01-26 14:33:00,9.832585,9.861567,9.819461,9.845135,4567
2024-01-26 14:34:00,9.845135,9.849398,9.828730,9.841906,7425
2024-01-26 14:35:00,9.841906,9.848960,9.819297,9.836827,5219
2024-01-26 14:36:00,9.836827,9.876653,9.820020,9.857611,7693
2024-01-26 14:37:00,9.857611,9.865044,9.841308,9.855641,8728
2024-01-26 14:38:00,9.855641,9.862233,9.830627,9.839476,4293
2024-01-26 14:39:00,9.839476,9.871019,9.834481,9.851499,7037
2024-01-26 14:40:00,9.851499,9.856761,9.838056,9.853214,5122
2024-01-26 14:41:00,9.853214,9.876077,9.842269,9.871185,8010
2024-01-26 14:42:00,9.871185,9.883974,9.867782,9.874084,1996
2024-01-26 14:43:00,9.874084,9.890262,9.854645,9.873845,7317
2024-01-26 14:44:00,9.873845,9.909975,9.866186,9.892056,5994
2024-01-26 14:45:00,9.892056,9.907658,9.871659,9.873698,4569
2024-01-26 14:46:00,9.873698,9.893269,9.848482,9.866713,3762
2024-01-26 14:47:00,9.866713,9.869016,9.843737,9.856124,7046
2024-01-26 14:48:00,9.856124,9.869275,9.814735,9.829930,3539
2024-01-26 14:49:00,9.829930,9.844444,9.825182,9.840350,425
2024-01-26 14:50:00,9.840350,9.858736,9.824415,9.833698,9487
2024-01-26 14:51:00,9.833698,9.863337,9.820087,9.844502,4533
2024-01-26 14:52:00,9.844502,9.856599,9.837984,9.849145,1731
2024-01-26 14:53:00,9.849145,9.873289,9.834518,9.856390,2334
2024-01-26 14:54:00,9.856390,9.869735,9.844750,9.850955,8316
2024-01-26 14:55:00,9.850955,9.854764,9.836071,9.841836,3383
2024-01-26 14:56:00,9.841836,9.855757,9.839627,9.842907,2886
2024-01-26 14:57:00,9.842907,9.873444,9.835833,9.853875,4924
2024-01-26 14:58:00,9.853875,9.861421,9.846833,9.853274,383
2024-01-26 14:59:00,9.853274,9.855295,9.829139,9.844898,5646
2024-01-26 15:00:00,9.844898,9.864480,9.818335,9.830590,500
2024-01-29 09:31:00,10.010025,10.029383,9.987064,10.006514,7551
2024-01-29 09:32:00,10.006514,10.009995,9.974560,9.991727,5943
2024-01-29 09:33:00,9.991727,10.034964,9.988176,10.015012,8088
2024-01-29 09:34:00,10.015012,10.029667,9.999698,10.005506,6980
2024-01-29 09:35:00,10.005506,10.018175,9.982000,9.993570,9007
2024-01-29 09:36:00,9.993570,10.003007,9.984025,9.990662,5765
2024-01-29 09:37:00,9.990662,10.013766,9.988403,10.005711,5735
2024-01-29 09:38:00,10.005711,10.022187,9.964098,9.979684,5619
2024-01-29 09:39:00,9.979684,10.007517,9.971244,9.993737,2719
2024-01-29 09:40:00,9.993737,9.999350,9.979598,9.982788,4417
2024-01-29 09:41:00,9.982788,9.998944,9.971629,9.985966,1770
2024-01-29 09:42:00,9.985966,9.990507,9.958256,9.977846,4357
2024-01-29 09:43:00,9.977846,10.012716,9.963632,10.001773,1582
2024-01-29 09:44:00,10.001773,10.015772,9.996915,10.003269,4960
2024-01-29 09:45:00,10.003269,10.016712,9.983507,9.994764,9546
2024-01-29 09:46:00,9.994764,9.999379,9.972916,9.991147,4575
2024-01-29 09:47:00,9.991147,9.995945,9.988171,9.992224,7412
2024-01-29 09:48:00,9.992224,10.001015,9.978742,9.994358,4446
2024-01-29 09:49:00,9.994358,10.012555,9.979375,9.999629,9068
2024-01-29 09:50:00,9.999629,10.018399,9.984939,9.999612,2182
2024-01-29 09:51:00,9.999612,10.015636,9.978366,9.983069,8359
2024-01-29 09:52:00,9.983069,9.998492,9.960651,9.978982,7275
2024-01-29 09:53:00,9.978982,9.994213,9.971181,9.986269,8898
2024-01-29 09:54:00,9.986269,9.990280,9.975291,9.978222,1416
2024-01-29 09:55:00,9.978222,10.004359,9.974724,9.986304,8958
2024-01-29 09:56:00,9.986304,9.997700,9.976067,9.986685,9096
2024-01-29 09:57:00,9.986685,9.990494,9.981350,9.984069,3029
2024-01-29 09:58:00,9.984069,10.010043,9.968037,9.998413,6285
2024-01-29 09:59:00,9.998413,10.012571,9.959950,9.977535,5907
2024-01-29 10:00:00,9.977535,9.985293,9.967182,9.969423,584
2024-01-29 10:01:00,9.969423,9.986393,9.952843,9.984227,5300
2024-01-29 10:02:00,9.984227,10.019398,9.964565,10.006210,6624
2024-01-29 10:03:00,10.006210,10.036391,10.003663,10.033669,2130
2024-01-29 10:04:00,10.033669,10.044064,10.018620,10.034274,3678
2024-01-29 10:05:00,10.034274,10.056620,10.014290,10.039774,5895
2024-01-29 10:06:00,10.039774,10.069572,10.023426,10.049593,9304
2024-01-29 10:07:00,10.049593,10.073575,10.038497,10.064909,699
2024-01-29 10:08:00,10.064909,10.071032,10.046983,10.068670,9367
2024-01-29 10:09:00,10.068670,10.090667,10.053927,10.079795,8180
2024-01-29 10:10:00,10.079795,10.092291,10.072531,10.085318,8474
2024-01-29 10:11:00,10.085318,10.109661,10.079280,10.091591,571
2024-01-29 10:12:00,10.091591,10.106398,10.069334,10.080559,5721
2024-01-29 10:13:00,10.080559,10.089837,10.067891,10.076605,3749
2024-01-29 10:14:00,10.076605,10.092321,10.062395,10.070325,9199
2024-01-29 10:15:00,10.070325,10.078467,10.050842,10.056044,7435
2024-01-29 10:16:00,10.056044,10.067436,10.018990,10.036205,6533
2024-01-29 10:17:00,10.036205,10.054815,10.016426,10.031117,375
2024-01-29 10:18:00,10.031117,10.036719,10.019983,10.027947,8763
2024-01-29 10:19:00,10.027947,10.036844,10.021669,10.029209,4948
2024-01-29 10:20:00,10.029209,10.053825,10.024902,10.035884,1684
2024-01-29 10:21:00,10.035884,10.048458,10.031859,10.038144,8753
2024-01-29 10:22:00,10.038144,10.045866,10.021799,10.035058,9051
2024-01-29 10:23:00,10.035058,10.037729,10.020107,10.024065,5016
2024-01-29 10:24:00,10.024065,10.044142,10.004781,10.034601,6649
2024-01-29 10:25:00,10.034601,10.045611,10.026353,10.033378,6143
2024-01-29 10:26:00,10.033378,10.042692,10.025702,10.028167,3102
2024-01-29 10:27:00,10.028167,10.035161,10.008531,10.025927,7508
2024-01-29 10:28:00,10.025927,10.034571,10.008509,10.017125,9978
2024-01-29 10:29:00,10.017125,10.030689,10.002578,10.010751,9348
2024-01-29 10:30:00,10.010751,10.028794,9.999859,10.003995,6900
2024-01-29 10:31:00,10.003995,10.017689,9.986656,10.000543,3666
2024-01-29 10:32:00,10.000543,10.022051,9.992085,10.008420,9093
2024-01-29 10:33:00,10.008420,10.030014,9.991606,10.013310,9281
2024-01-29 10:34:00,10.013310,10.036862,9.999959,10.031890,155
2024-01-29 10:35:00,10.031890,10.053865,10.014051,10.046445,3450
2024-01-29 10:36:00,10.046445,10.072856,10.033239,10.069946,5568
2024-01-29 10:37:00,10.069946,10.084956,10.053919,10.076662,5820
2024-01-29 10:38:00,10.076662,10.103165,10.062125,10.083186,7154
2024-01-29 10:39:00,10.083186,10.091114,10.067005,10.077331,5185
2024-01-29 10:40:00,10.077331,10.104729,10.062935,10.087253,235
2024-01-29 10:41:00,10.087253,10.090797,10.065427,10.079372,1740
2024-01-29 10:42:00,10.079372,10.089647,10.059588,10.061709,7649
2024-01-29 10:43:00,10.061709,10.088370,10.047133,10.080043,6964
2024-01-29 10:44:00,10.080043,10.085672,10.058319,10.065038,6549
2024-01-29 10:45:00,10.065038,10.079015,10.053285,10.070309,4465
2024-01-29 10:46:00,10.070309,10.084032,10.055731,10.059735,2820
2024-01-29 10:47:00,10.059735,10.084094,10.057321,10.073268,3149
2024-01-29 10:48:00,10.073268,10.105637,10.070996,10.088439,6920
2024-01-29 10:49:00,10.088439,10.113085,10.083592,10.094796,5092
2024-01-29 10:50:00,10.094796,10.120441,10.092438,10.109767,1395
2024-01-29 10:51:00,10.109767,10.129526,10.105384,10.109855,4054
2024-01-29 10:52:00,10.109855,10.139988,10.097790,10.136692,8257
2024-01-29 10:53:00,10.136692,10.152629,10.127487,10.145655,6030
2024-01-29 10:54:00,10.145655,10.155156,10.115184,10.134838,8675
2024-01-29 10:55:00,10.134838,10.148162,10.118281,10.135674,5135
2024-01-29 10:56:00,10.135674,10.147500,10.129200,10.133842,4906
2024-01-29 10:57:00,10.133842,10.146065,10.121332,10.130834,9498
2024-01-29 10:58:00,10.130834,10.148966,10.101171,10.110928,5123
2024-01-29 10:59:00,10.110928,10.122571,10.102410,10.115575,1438
2024-01-29 11:00:00,10.115575,10.132279,10.088009,10.098929,4080
2024-01-29 11:01:00,10.098929,10.110973,10.054536,10.068594,6511
2024-01-29 11:02:00,10.068594,10.079423,10.050926,10.064462,3518
2024-01-29 11:03:00,10.064462,10.071851,10.046954,10.055382,4161
2024-01-29 11:04:00,10.055382,10.062855,10.030342,10.045033,8741
2024-01-29 11:05:00,10.045033,10.054026,10.000548,10.007759,4407
2024-01-29 11:06:00,10.007759,10.023502,9.980500,9.997538,3118
2024-01-29 11:07:00,9.997538,10.008120,9.976094,9.995453,1167
2024-01-29 11:08:00,9.995453,10.000222,9.980530,9.987835,4088
2024-01-29 11:09:00,9.987835,10.008165,9.971711,9.992488,7689
2024-01-29 11:10:00,9.992488,10.023157,9.975846,10.009217,3069
2024-01-29 11:11:00,10.009217,10.034506,9.998383,10.015419,4759
2024-01-29 11:12:00,10.015419,10.039278,10.011840,10.027748,6601
2024-01-29 11:13:00,10.027748,10.054851,10.011597,10.041071,9286
2024-01-29 11:14:00,10.041071,10.051699,10.019498,10.028833,8160
2024-01-29 11:15:00,10.028833,10.048361,10.023087,10.034107,2933
2024-01-29 11:16:00,10.034107,10.055911,10.020828,10.046061,1726
2024-01-29 11:17:00,10.046061,10.050543,10.030959,10.040824,6740
2024-01-29 11:18:00,10.040824,10.060585,10.027751,10.031327,2621
2024-01-29 11:19:00,10.031327,10.052665,10.011621,10.037699,3985
2024-01-29 11:20:00,10.037699,10.050654,10.013497,10.019901,1130
2024-01-29 11:21:00,10.019901,10.030567,9.995635,10.006832,7766
2024-01-29 11:22:00,10.006832,10.021638,9.984812,9.998823,1685
2024-01-29 11:23:00,9.998823,10.008516,9.994751,10.004235,3868
2024-01-29 11:24:00,10.004235,10.014734,9.988925,10.006864,4128
2024-01-29 11:25:00,10.006864,10.023510,9.993195,10.019265,521
2024-01-29 11:26:00,10.019265,10.023533,9.997304,10.008191,7781
2024-01-29 11:27:00,10.008191,10.010576,9.984964,9.996474,6223
2024-01-29 11:28:00,9.996474,10.018373,9.977288,10.002767,5462
2024-01-29 11:29:00,10.002767,10.008859,9.974778,9.993174,1861
2024-01-29 11:30:00,9.993174,10.010150,9.981909,9.985924,627
2024-01-29 13:01:00,9.985924,10.004204,9.954983,9.963621,650
2024-01-29 13:02:00,9.963621,9.972149,9.952319,9.967115,6288
2024-01-29 13:03:00,9.967115,10.000388,9.948555,9.985629,7503
2024-01-29 13:04:00,9.985629,9.995914,9.956567,9.973265,7973
2024-01-29 13:05:00,9.973265,10.004079,9.964308,9.985537,8023
2024-01-29 13:06:00,9.985537,9.996257,9.966872,9.984824,3995
2024-01-29 13:07:00,9.984824,9.993644,9.954811,9.963618,113
2024-01-29 13:08:00,9.963618,9.970920,9.945989,9.952870,2525
2024-01-29 13:09:00,9.952870,9.971135,9.928403,9.941381,7891
2024-01-29 13:10:00,9.941381,9.947452,9.929173,9.937579,7662
2024-01-29 13:11:00,9.937579,9.959517,9.924376,9.942618,5124
2024-01-29 13:12:00,9.942618,9.970323,9.933244,9.964828,336
2024-01-29 13:13:00,9.964828,9.978409,9.931313,9.947637,7789
2024-01-29 13:14:00,9.947637,9.957756,9.922636,9.941813,8174
2024-01-29 13:15:00,9.941813,9.945696,9.924185,9.931051,2347
2024-01-29 13:16:00,9.931051,9.935318,9.904640,9.915820,8062
2024-01-29 13:17:00,9.915820,9.924034,9.900780,9.916966,6433
2024-01-29 13:18:00,9.916966,9.932784,9.912113,9.916984,8891
2024-01-29 13:19:00,9.916984,9.932105,9.878870,9.895197,6302
2024-01-29 13:20:00,9.895197,9.901107,9.882703,9.895415,985
2024-01-29 13:21:00,9.895415,9.905986,9.876240,9.880935,6505
2024-01-29 13:22:00,9.880935,9.884823,9.863307,9.881078,1166
2024-01-29 13:23:00,9.881078,9.911214,9.871397,9.896327,2661
2024-01-29 13:24:00,9.896327,9.918169,9.891148,9.901889,8740
2024-01-29 13:25:00,9.901889,9.922105,9.896372,9.904021,9684
2024-01-29 13:26:00,9.904021,9.921965,9.881531,9.897670,4805
2024-01-29 13:27:00,9.897670,9.906555,9.878827,9.898473,2982
2024-01-29 13:28:00,9.898473,9.911821,9.889665,9.905239,3984
2024-01-29 13:29:00,9.905239,9.928953,9.901820,9.910815,2497
2024-01-29 13:30:00,9.910815,9.915443,9.905808,9.909623,5775
2024-01-29 13:31:00,9.909623,9.915302,9.895842,9.912234,4269
2024-01-29 13:32:00,9.912234,9.919890,9.887746,9.896419,679
2024-01-29 13:33:00,9.896419,9.912105,9.877928,9.887598,6139
2024-01-29 13:34:00,9.887598,9.910593,9.879532,9.896098,6472
2024-01-29 13:35:00,9.896098,9.925979,9.885718,9.906212,6703
2024-01-29 13:36:00,9.906212,9.915808,9.892628,9.907336,9456
2024-01-29 13:37:00,9.907336,9.932067,9.895596,9.925102,7070
2024-01-29 13:38:00,9.925102,9.940012,9.920146,9.931204,6789
2024-01-29 13:39:00,9.931204,9.947285,9.917561,9.928404,2195
2024-01-29 13:40:00,9.928404,9.934261,9.903461,9.913752,4698
2024-01-29 13:41:00,9.913752,9.950094,9.901929,9.931034,4401
2024-01-29 13:42:00,9.931034,9.951513,9.927042,9.940287,9612
2024-01-29 13:43:00,9.940287,9.977985,9.935524,9.961889,4796
2024-01-29 13:44:00,9.961889,10.004808,9.950344,9.987917,6916
2024-01-29 13:45:00,9.987917,9.998536,9.965500,9.972458,5452
2024-01-29 13:46:00,9.972458,9.987803,9.943708,9.957031,663
2024-01-29 13:47:00,9.957031,9.965595,9.913928,9.922638,9362
2024-01-29 13:48:00,9.922638,9.950266,9.916665,9.933669,6733
2024-01-29 13:49:00,9.933669,9.958385,9.919854,9.941555,2380
2024-01-29 13:50:00,9.941555,9.954921,9.932465,9.942729,690
2024-01-29 13:51:00,9.942729,9.948656,9.923164,9.928001,9374
2024-01-29 13:52:00,9.928001,9.947465,9.910373,9.926932,3141
2024-01-29 13:53:00,9.926932,9.948196,9.917160,9.929150,269
2024-01-29 13:54:00,9.929150,9.951709,9.910679,9.938552,6195
2024-01-29 13:55:00,9.938552,9.961541,9.933071,9.941832,262
2024-01-29 13:56:00,9.941832,9.960856,9.924057,9.949805,2234
2024-01-29 13:57:00,9.949805,9.958564,9.931628,9.948314,8944
2024-01-29 13:58:00,9.948314,9.972795,9.944444,9.962506,478
2024-01-29 13:59:00,9.962506,9.972921,9.950936,9.970094,7546
2024-01-29 14:00:00,9.970094,9.981979,9.942071,9.955837,6217
2024-01-29 14:01:00,9.955837,9.986517,9.944918,9.972524,3128
2024-01-29 14:02:00,9.972524,9.991217,9.963500,9.987246,2929
2024-01-29 14:03:00,9.987246,9.999438,9.968257,9.992837,4801
2024-01-29 14:04:00,9.992837,10.011191,9.978223,9.996209,5376
2024-01-29 14:05:00,9.996209,10.032417,9.976824,10.016133,8914
2024-01-29 14:06:00,10.016133,10.035878,9.979281,9.996513,2685
2024-01-29 14:07:00,9.996513,10.017981,9.979805,10.011423,5943
2024-01-29 14:08:00,10.011423,10.028569,9.990641,10.005703,6895
2024-01-29 14:09:00,10.005703,10.023956,9.992073,10.018858,225
2024-01-29 14:10:00,10.018858,10.024660,10.000894,10.020304,8967
2024-01-29 14:11:00,10.020304,10.035430,9.992332,10.005374,9920
2024-01-29 14:12:00,10.005374,10.015399,9.996054,9.999410,956
2024-01-29 14:13:00,9.999410,10.027973,9.986923,10.011683,2692
2024-01-29 14:14:00,10.011683,10.018769,10.005307,10.009158,7884
2024-01-29 14:15:00,10.009158,10.014995,9.982605,10.001692,8111
2024-01-29 14:16:00,10.001692,10.013571,9.980507,9.994147,1645
2024-01-29 14:17:00,9.994147,10.005937,9.982145,10.001861,9182
2024-01-29 14:18:00,10.001861,10.029908,9.996301,10.022890,3361
2024-01-29 14:19:00,10.022890,10.027882,9.985890,9.997174,3006
2024-01-29 14:20:00,9.997174,10.038576,9.989008,10.030816,3637
2024-01-29 14:21:00,10.030816,10.049042,10.016659,10.033263,6748
2024-01-29 14:22:00,10.033263,10.044406,10.020384,10.040233,2142
2024-01-29 14:23:00,10.040233,10.053246,10.024005,10.034992,5474
2024-01-29 14:24:00,10.034992,10.047518,10.028401,10.034950,844
2024-01-29 14:25:00,10.034950,10.048949,10.023487,10.037263,1554
2024-01-29 14:26:00,10.037263,10.047979,10.014350,10.024661,7708
2024-01-29 14:27:00,10.024661,10.038610,9.997660,10.014983,3898
2024-01-29 14:28:00,10.014983,10.046545,9.996885,10.029212,7956
2024-01-29 14:29:00,10.029212,10.034129,9.994899,10.010565,7403
2024-01-29 14:30:00,10.010565,10.032517,10.002812,10.015863,9968
2024-01-29 14:31:00,10.015863,10.018969,10.008727,10.011412,1461
2024-01-29 14:32:00,10.011412,10.022090,9.981216,9.999872,9352
2024-01-29 14:33:00,9.999872,10.034765,9.980016,10.023559,8930
2024-01-29 14:34:00,10.023559,10.029116,10.007807,10.012094,4402
2024-01-29 14:35:00,10.012094,10.015708,9.984178,9.998519,1439
2024-01-29 14:36:00,9.998519,10.001867,9.986620,9.996273,1420
2024-01-29 14:37:00,9.996273,9.998943,9.982368,9.987041,5156
2024-01-29 14:38:00,9.987041,9.999442,9.967075,9.987118,205
2024-01-29 14:39:00,9.987118,9.993783,9.968319,9.988984,1047
2024-01-29 14:40:00,9.988984,10.008360,9.969297,9.991803,5362
2024-01-29 14:41:00,9.991803,10.009984,9.985725,9.990315,5675
2024-01-29 14:42:00,9.990315,9.997578,9.971026,9.981880,8619
2024-01-29 14:43:00,9.981880,9.994569,9.963756,9.989609,9746
2024-01-29 14:44:00,9.989609,9.998982,9.974114,9.988267,2752
2024-01-29 14:45:00,9.988267,10.006136,9.972491,9.982314,3369
2024-01-29 14:46:00,9.982314,10.009288,9.971013,10.000092,2069
2024-01-29 14:47:00,10.000092,10.004042,9.995940,9.998634,2323
2024-01-29 14:48:00,9.998634,10.031475,9.985627,10.011751,4445
2024-01-29 14:49:00,10.011751,10.037482,9.994277,10.026488,9931
2024-01-29 14:50:00,10.026488,10.050118,10.024438,10.041956,8945
2024-01-29 14:51:00,10.041956,10.068343,10.037076,10.050258,9139
2024-01-29 14:52:00,10.050258,10.068951,10.038927,10.050250,4571
2024-01-29 14:53:00,10.050250,10.061193,10.037384,10.049481,6607
2024-01-29 14:54:00,10.049481,10.057002,10.038368,10.046549,7254
2024-01-29 14:55:00,10.046549,10.057236,10.018017,10.020520,2506
2024-01-29 14:56:00,10.020520,10.035101,10.005135,10.029154,4679
2024-01-29 14:57:00,10.029154,10.042699,10.022782,10.032091,5546
2024-01-29 14:58:00,10.032091,10.048137,10.018488,10.042007,3792
2024-01-29 14:59:00,10.042007,10.055207,10.028537,10.040602,4783
2024-01-29 15:00:00,10.040602,10.064265,10.030846,10.048587,4465
2024-01-30 09:31:00,10.074830,10.094284,10.054903,10.071338,3711
2024-01-30 09:32:00,10.071338,10.083843,10.066759,10.070669,9598
2024-01-30 09:33:00,10.070669,10.087000,10.043674,10.060917,637
2024-01-30 09:34:00,10.060917,10.077687,10.045173,10.064261,8726
2024-01-30 09:35:00,10.064261,10.076340,10.053422,10.066647,6807
2024-01-30 09:36:00,10.066647,10.069919,10.060233,10.066888,7511
2024-01-30 09:37:00,10.066888,10.081807,10.045681,10.052866,2892
2024-01-30 09:38:00,10.052866,10.070672,10.039845,10.056067,9496
2024-01-30 09:39:00,10.056067,10.060168,10.043232,10.049666,2608
2024-01-30 09:40:00,10.049666,10.055807,10.029889,10.037745,5083
2024-01-30 09:41:00,10.037745,10.068238,10.018990,10.053060,464
2024-01-30 09:42:00,10.053060,10.083986,10.037932,10.079291,8888
2024-01-30 09:43:00,10.079291,10.117214,10.064042,10.102777,7074
2024-01-30 09:44:00,10.102777,10.125561,10.083570,10.110637,1711
2024-01-30 09:45:00,10.110637,10.118997,10.105322,10.107426,6654
2024-01-30 09:46:00,10.107426,10.114074,10.100175,10.106576,1909
2024-01-30 09:47:00,10.106576,10.120194,10.092732,10.111479,4499
2024-01-30 09:48:00,10.111479,10.119945,10.096510,10.106399,5172
2024-01-30 09:49:00,10.106399,10.135269,10.102368,10.122343,9319
2024-01-30 09:50:00,10.122343,10.137732,10.081669,10.097731,3391
2024-01-30 09:51:00,10.097731,10.115243,10.091309,10.094156,226
2024-01-30 09:52:00,10.094156,10.106381,10.082367,10.103841,4381
2024-01-30 09:53:00,10.103841,10.118919,10.081499,10.093623,9272
2024-01-30 09:54:00,10.093623,10.101278,10.077272,10.090720,8002
2024-01-30 09:55:00,10.090720,10.114992,10.083038,10.097897,684
2024-01-30 09:56:00,10.097897,10.119615,10.095472,10.116252,628
2024-01-30 09:57:00,10.116252,10.128173,10.082607,10.100609,7592
2024-01-30 09:58:00,10.100609,10.112485,10.065343,10.084069,7236
2024-01-30 09:59:00,10.084069,10.091946,10.061956,10.072632,5616
2024-01-30 10:00:00,10.072632,10.092097,10.051672,10.054043,973
2024-01-30 10:01:00,10.054043,10.057968,10.023859,10.036315,2872
2024-01-30 10:02:00,10.036315,10.040770,10.016869,10.024556,8490
2024-01-30 10:03:00,10.024556,10.053065,10.019271,10.039468,1480
2024-01-30 10:04:00,10.039468,10.050726,10.030654,10.035695,2098
2024-01-30 10:05:00,10.035695,10.042835,10.030469,10.036075,4576
2024-01-30 10:06:00,10.036075,10.043552,10.016568,10.024523,7375
2024-01-30 10:07:00,10.024523,10.037009,10.017472,10.032183,8299
2024-01-30 10:08:00,10.032183,10.072480,10.015127,10.054860,5959
2024-01-30 10:09:00,10.054860,10.067112,10.033213,10.044129,4975
2024-01-30 10:10:00,10.044129,10.071388,10.034431,10.064981,3917
2024-01-30 10:11:00,10.064981,10.078468,10.060356,10.069387,532
2024-01-30 10:12:00,10.069387,10.087911,10.051621,10.069591,2748
2024-01-30 10:13:00,10.069591,10.092391,10.066604,10.074428,2226
2024-01-30 10:14:00,10.074428,10.082393,10.068116,10.079149,668
2024-01-30 10:15:00,10.079149,10.115375,10.065963,10.101601,7476
2024-01-30 10:16:00,10.101601,10.112644,10.086960,10.107891,3598
2024-01-30 10:17:00,10.107891,10.120229,10.091470,10.114433,5144
2024-01-30 10:18:00,10.114433,10.131988,10.099952,10.109337,2085
2024-01-30 10:19:00,10.109337,10.137595,10.101096,10.119481,5953
2024-01-30 10:20:00,10.119481,10.122970,10.100719,10.107913,1445
2024-01-30 10:21:00,10.107913,10.126961,10.095687,10.109231,6809
2024-01-30 10:22:00,10.109231,10.159202,10.100955,10.144089,7411
2024-01-30 10:23:00,10.144089,10.160052,10.105908,10.113814,3183
2024-01-30 10:24:00,10.113814,10.132885,10.111510,10.116633,2203
2024-01-30 10:25:00,10.116633,10.131047,10.097563,10.119917,7823
2024-01-30 10:26:00,10.119917,10.138961,10.114068,10.117159,2309
2024-01-30 10:27:00,10.117159,10.122766,10.107811,10.114686,1864
2024-01-30 10:28:00,10.114686,10.126881,10.096101,10.115792,3470
2024-01-30 10:29:00,10.115792,10.123526,10.097509,10.112745,9669
2024-01-30 10:30:00,10.112745,10.132232,10.100338,10.115429,4680
2024-01-30 10:31:00,10.115429,10.118917,10.095639,10.109533,2700
2024-01-30 10:32:00,10.109533,10.143790,10.105786,10.133984,5185
2024-01-30 10:33:00,10.133984,10.149906,10.114381,10.130937,3549
2024-01-30 10:34:00,10.130937,10.145446,10.124435,10.137823,6679
2024-01-30 10:35:00,10.137823,10.144152,10.110523,10.129735,4444
2024-01-30 10:36:00,10.129735,10.147742,10.123570,10.141016,5926
2024-01-30 10:37:00,10.141016,10.164729,10.127760,10.149884,4419
2024-01-30 10:38:00,10.149884,10.162115,10.138068,10.154953,4868
2024-01-30 10:39:00,10.154953,10.164201,10.137957,10.142532,4526
2024-01-30 10:40:00,10.142532,10.154354,10.124903,10.133436,4000
2024-01-30 10:41:00,10.133436,10.172755,10.117373,10.153822,9641
2024-01-30 10:42:00,10.153822,10.170120,10.138765,10.144591,2731
2024-01-30 10:43:00,10.144591,10.157675,10.125260,10.152340,8073
2024-01-30 10:44:00,10.152340,10.170235,10.133600,10.140919,7128
2024-01-30 10:45:00,10.140919,10.170316,10.127638,10.153110,5326
2024-01-30 10:46:00,10.153110,10.168524,10.131672,10.144812,3243
2024-01-30 10:47:00,10.144812,10.156116,10.122693,10.133167,4889
2024-01-30 10:48:00,10.133167,10.136423,10.110758,10.124555,8510
2024-01-30 10:49:00,10.124555,10.139362,10.102475,10.117859,1901
2024-01-30 10:50:00,10.117859,10.134082,10.104717,10.122752,5903
2024-01-30 10:51:00,10.122752,10.131167,10.110672,10.123591,7672
2024-01-30 10:52:00,10.123591,10.125770,10.097431,10.110350,6376
2024-01-30 10:53:00,10.110350,10.116509,10.100777,10.110013,1527
2024-01-30 10:54:00,10.110013,10.122915,10.092912,10.096188,5137
2024-01-30 10:55:00,10.096188,10.107990,10.091313,10.103968,1911
2024-01-30 10:56:00,10.103968,10.127763,10.091048,10.113965,9292
2024-01-30 10:57:00,10.113965,10.130720,10.094987,10.113676,3582
2024-01-30 10:58:00,10.113676,10.124687,10.111213,10.116960,4273
2024-01-30 10:59:00,10.116960,10.141619,10.105167,10.138143,8589
2024-01-30 11:00:00,10.138143,10.142658,10.129700,10.136238,4326
2024-01-30 11:01:00,10.136238,10.144680,10.112710,10.124822,2020
2024-01-30 11:02:00,10.124822,10.148466,10.109328,10.131824,8940
2024-01-30 11:03:00,10.131824,10.145241,10.102892,10.118130,6515
2024-01-30 11:04:00,10.118130,10.135752,10.100537,10.115585,6088
2024-01-30 11:05:00,10.115585,10.135484,10.092322,10.108343,848
2024-01-30 11:06:00,10.108343,10.113989,10.096551,10.099858,4546
2024-01-30 11:07:00,10.099858,10.114365,10.085662,10.096835,4647
2024-01-30 11:08:00,10.096835,10.118112,10.090123,10.107714,2695
2024-01-30 11:09:00,10.107714,10.131964,10.089131,10.121082,5688
2024-01-30 11:10:00,10.121082,10.140140,10.104990,10.132279,2525
2024-01-30 11:11:00,10.132279,10.144511,10.128343,10.136346,4762
2024-01-30 11:12:00,10.136346,10.150519,10.126851,10.133230,8034
2024-01-30 11:13:00,10.133230,10.146404,10.094530,10.104724,7379
2024-01-30 11:14:00,10.104724,10.116902,10.085392,10.109169,2866
2024-01-30 11:15:00,10.109169,10.113304,10.077638,10.081613,2154
2024-01-30 11:16:00,10.081613,10.094021,10.046136,10.058359,156
2024-01-30 11:17:00,10.058359,10.073669,10.048262,10.056405,3520
2024-01-30 11:18:00,10.056405,10.071659,10.042771,10.059604,292
2024-01-30 11:19:00,10.059604,10.061669,10.040473,10.054150,1369
2024-01-30 11:20:00,10.054150,10.079796,10.047819,10.072714,9786
2024-01-30 11:21:00,10.072714,10.094315,10.056570,10.078301,8571
2024-01-30 11:22:00,10.078301,10.093667,10.071643,10.075286,5642
2024-01-30 11:23:00,10.075286,10.094233,10.058559,10.092046,7767
2024-01-30 11:24:00,10.092046,10.121433,10.086231,10.110968,4941
2024-01-30 11:25:00,10.110968,10.127036,10.098355,10.117165,6053
2024-01-30 11:26:00,10.117165,10.130906,10.099540,10.107792,9186
2024-01-30 11:27:00,10.107792,10.112041,10.088163,10.101139,878
2024-01-30 11:28:00,10.101139,10.114325,10.076835,10.083648,3581
2024-01-30 11:29:00,10.083648,10.102693,10.070894,10.083136,1278
2024-01-30 11:30:00,10.083136,10.091827,10.068293,10.070441,7970
2024-01-30 13:01:00,10.070441,10.078513,10.057722,10.066462,8243
2024-01-30 13:02:00,10.066462,10.072122,10.049587,10.069613,7245
2024-01-30 13:03:00,10.069613,10.072646,10.035296,10.045630,6128
2024-01-30 13:04:00,10.045630,10.064399,10.019365,10.030352,4823
2024-01-30 13:05:00,10.030352,10.049911,10.011036,10.024224,332
2024-01-30 13:06:00,10.024224,10.026326,10.013773,10.023589,7768
2024-01-30 13:07:00,10.023589,10.041801,10.000011,10.017618,8950
2024-01-30 13:08:00,10.017618,10.022749,10.005088,10.014348,9661
2024-01-30 13:09:00,10.014348,10.026452,9.986844,10.005810,3484
2024-01-30 13:10:00,10.005810,10.020017,9.970502,9.988287,2086
2024-01-30 13:11:00,9.988287,9.996750,9.972242,9.981822,6574
2024-01-30 13:12:00,9.981822,9.993344,9.970660,9.979245,273
2024-01-30 13:13:00,9.979245,9.992541,9.961313,9.975492,696
2024-01-30 13:14:00,9.975492,9.982335,9.959897,9.976844,8232
2024-01-30 13:15:00,9.976844,10.001805,9.971498,9.981908,9572
2024-01-30 13:16:00,9.981908,9.995820,9.975569,9.990150,4095
2024-01-30 13:17:00,9.990150,9.992336,9.977858,9.982491,5127
2024-01-30 13:18:00,9.982491,10.001488,9.947747,9.963440,5489
2024-01-30 13:19:00,9.963440,9.988537,9.948580,9.978813,1471
2024-01-30 13:20:00,9.978813,9.992648,9.973410,9.983473,2302
2024-01-30 13:21:00,9.983473,9.990435,9.960268,9.971931,3054
2024-01-30 13:22:00,9.971931,9.977754,9.956175,9.975289,8433
2024-01-30 13:23:00,9.975289,9.994963,9.956242,9.988201,4437
2024-01-30 13:24:00,9.988201,10.018185,9.982987,10.009106,7239
2024-01-30 13:25:00,10.009106,10.023502,10.001628,10.012136,2025
2024-01-30 13:26:00,10.012136,10.035185,10.003866,10.024947,9538
2024-01-30 13:27:00,10.024947,10.042770,9.997073,10.010323,8846
2024-01-30 13:28:00,10.010323,10.028727,10.005433,10.009889,4804
2024-01-30 13:29:00,10.009889,10.017598,10.000357,10.005839,2333
2024-01-30 13:30:00,10.005839,10.029252,9.989791,10.009980,9767
2024-01-30 13:31:00,10.009980,10.047028,9.998223,10.029459,8100
2024-01-30 13:32:00,10.029459,10.051178,10.024572,10.032481,5157
2024-01-30 13:33:00,10.032481,10.047194,10.012152,10.021144,2748
2024-01-30 13:34:00,10.021144,10.026713,10.001448,10.005869,6252
2024-01-30 13:35:00,10.005869,10.031281,9.997341,10.025766,3766
2024-01-30 13:36:00,10.025766,10.050334,10.016563,10.031978,6773
2024-01-30 13:37:00,10.031978,10.048522,10.027960,10.037395,8341
2024-01-30 13:38:00,10.037395,10.055424,10.030163,10.033240,4948
2024-01-30 13:39:00,10.033240,10.051448,10.015371,10.036478,576
2024-01-30 13:40:00,10.036478,10.042303,10.006568,10.024546,5671
2024-01-30 13:41:00,10.024546,10.038153,10.022500,10.029227,8600
2024-01-30 13:42:00,10.029227,10.048648,10.001481,10.015023,2310
2024-01-30 13:43:00,10.015023,10.017376,10.006993,10.010679,9597
2024-01-30 13:44:00,10.010679,10.025542,9.986324,10.002907,3687
2024-01-30 13:45:00,10.002907,10.022525,9.945694,9.963526,6872
2024-01-30 13:46:00,9.963526,9.967401,9.946235,9.959334,7049
2024-01-30 13:47:00,9.959334,9.966230,9.935430,9.948467,1902
2024-01-30 13:48:00,9.948467,9.960313,9.937236,9.945923,485
2024-01-30 13:49:00,9.945923,9.963132,9.939433,9.945944,9492
2024-01-30 13:50:00,9.945944,9.978435,9.934957,9.967318,7034
2024-01-30 13:51:00,9.967318,9.974074,9.962911,9.971002,6349
2024-01-30 13:52:00,9.971002,9.979330,9.956902,9.975041,3107
2024-01-30 13:53:00,9.975041,9.989800,9.964579,9.981033,1170
2024-01-30 13:54:00,9.981033,9.999379,9.975836,9.991573,2791
2024-01-30 13:55:00,9.991573,10.003019,9.978983,9.997065,5522
2024-01-30 13:56:00,9.997065,10.017593,9.980749,10.000471,6965
2024-01-30 13:57:00,10.000471,10.011554,9.987872,10.009070,3258
2024-01-30 13:58:00,10.009070,10.025998,9.968198,9.979732,2227
2024-01-30 13:59:00,9.979732,10.023579,9.962473,10.004988,2570
2024-01-30 14:00:00,10.004988,10.037550,10.002795,10.024208,9620
2024-01-30 14:01:00,10.024208,10.040089,10.011106,10.026833,6342
2024-01-30 14:02:00,10.026833,10.031515,10.000376,10.009750,9907
2024-01-30 14:03:00,10.009750,10.036613,10.004266,10.024383,162
2024-01-30 14:04:00,10.024383,10.033136,9.996362,10.015994,4635
2024-01-30 14:05:00,10.015994,10.028571,10.006725,10.022448,4628
2024-01-30 14:06:00,10.022448,10.034948,9.998903,10.006938,4074
2024-01-30 14:07:00,10.006938,10.035876,10.001896,10.033855,3976
2024-01-30 14:08:00,10.033855,10.040830,9.996459,10.016419,882
2024-01-30 14:09:00,10.016419,10.031062,9.999010,10.017253,418
2024-01-30 14:10:00,10.017253,10.027444,9.988336,9.991596,7804
2024-01-30 14:11:00,9.991596,9.996218,9.978914,9.991098,4461
2024-01-30 14:12:00,9.991098,9.993121,9.981303,9.985956,1710
2024-01-30 14:13:00,9.985956,10.006572,9.971072,9.999704,3540
2024-01-30 14:14:00,9.999704,10.011587,9.983848,9.994562,9337
2024-01-30 14:15:00,9.994562,10.019949,9.990575,10.008327,4730
2024-01-30 14:16:00,10.008327,10.012687,9.983919,9.995946,9906
2024-01-30 14:17:00,9.995946,10.008992,9.974145,9.992537,1698
2024-01-30 14:18:00,9.992537,10.012518,9.981229,9.989371,1311
2024-01-30 14:19:00,9.989371,10.007890,9.986456,9.995362,5681
2024-01-30 14:20:00,9.995362,10.011313,9.976348,9.999816,6861
2024-01-30 14:21:00,9.999816,10.021755,9.995263,10.008547,9814
2024-01-30 14:22:00,10.008547,10.029607,9.997996,10.011773,4713
2024-01-30 14:23:00,10.011773,10.038796,9.999969,10.019768,2081
2024-01-30 14:24:00,10.019768,10.022507,10.002646,10.008913,5457
2024-01-30 14:25:00,10.008913,10.019304,10.003720,10.013614,3138
2024-01-30 14:26:00,10.013614,10.037140,10.009577,10.033057,1877
2024-01-30 14:27:00,10.033057,10.048959,10.009487,10.012746,975
2024-01-30 14:28:00,10.012746,10.021478,10.001600,10.018658,7262
2024-01-30 14:29:00,10.018658,10.045088,10.001502,10.026840,6463
2024-01-30 14:30:00,10.026840,10.046876,10.022558,10.044506,1749
2024-01-30 14:31:00,10.044506,10.066129,10.029894,10.053283,5632
2024-01-30 14:32:00,10.053283,10.061456,10.043856,10.054496,8864
2024-01-30 14:33:00,10.054496,10.070166,10.051862,10.059696,8199
2024-01-30 14:34:00,10.059696,10.069650,10.039162,10.050809,4594
2024-01-30 14:35:00,10.050809,10.066289,10.039583,10.046119,667
2024-01-30 14:36:00,10.046119,10.057058,10.017076,10.029970,6385
2024-01-30 14:37:00,10.029970,10.057530,10.021683,10.047948,5210
2024-01-30 14:38:00,10.047948,10.068536,10.033952,10.053391,9225
2024-01-30 14:39:00,10.053391,10.072055,10.023782,10.042315,5577
2024-01-30 14:40:00,10.042315,10.061886,10.035913,10.045596,7405
2024-01-30 14:41:00,10.045596,10.074873,10.026678,10.059612,5331
2024-01-30 14:42:00,10.059612,10.082393,10.053934,10.071614,5454
2024-01-30 14:43:00,10.071614,10.089818,10.057127,10.060400,3242
2024-01-30 14:44:00,10.060400,10.071153,10.017043,10.022512,4086
2024-01-30 14:45:00,10.022512,10.046037,10.005844,10.027292,3029
2024-01-30 14:46:00,10.027292,10.043745,10.002374,10.016570,4675
2024-01-30 14:47:00,10.016570,10.028799,9.997095,10.024094,9520
2024-01-30 14:48:00,10.024094,10.038428,10.009317,10.035583,3482
2024-01-30 14:49:00,10.035583,10.064382,10.026155,10.049046,4686
2024-01-30 14:50:00,10.049046,10.084485,10.030982,10.070140,9467
2024-01-30 14:51:00,10.070140,10.097925,10.050893,10.085087,1597
2024-01-30 14:52:00,10.085087,10.125811,10.068837,10.106239,2603
2024-01-30 14:53:00,10.106239,10.134728,10.094219,10.122911,4982
2024-01-30 14:54:00,10.122911,10.148900,10.106047,10.140637,4152
2024-01-30 14:55:00,10.140637,10.152807,10.134921,10.140143,3477
2024-01-30 14:56:00,10.140143,10.142655,10.106349,10.124556,7804
2024-01-30 14:57:00,10.124556,10.166993,10.104564,10.154566,5038
2024-01-30 14:58:00,10.154566,10.173571,10.140593,10.155327,3706
2024-01-30 14:59:00,10.155327,10.172260,10.149801,10.170182,4841
2024-01-30 15:00:00,10.170182,10.187397,10.158929,10.163529,8877
2024-01-31 09:31:00,10.131397,10.149806,10.094483,10.109158,196
2024-01-31 09:32:00,10.109158,10.118797,10.091940,10.104012,8745
2024-01-31 09:33:00,10.104012,10.108541,10.085345,10.104718,6479
2024-01-31 09:34:00,10.104718,10.109331,10.097549,10.105201,2268
2024-01-31 09:35:00,10.105201,10.127698,10.098484,10.111961,8407
2024-01-31 09:36:00,10.111961,10.135268,10.106659,10.117728,5672
2024-01-31 09:37:00,10.117728,10.127954,10.104240,10.116040,609
2024-01-31 09:38:00,10.116040,10.119113,10.095839,10.101536,1597
2024-01-31 09:39:00,10.101536,10.104736,10.078532,10.096173,8112
2024-01-31 09:40:00,10.096173,10.108947,10.081124,10.088601,2963
2024-01-31 09:41:00,10.088601,10.107136,10.074298,10.085135,5292
2024-01-31 09:42:00,10.085135,10.102731,10.073604,10.093538,8964
2024-01-31 09:43:00,10.093538,10.112162,10.086000,10.098451,2962
2024-01-31 09:44:00,10.098451,10.120226,10.083160,10.108470,214
2024-01-31 09:45:00,10.108470,10.126485,10.089343,10.103801,930
2024-01-31 09:46:00,10.103801,10.139123,10.088106,10.122140,9164
2024-01-31 09:47:00,10.122140,10.135910,10.109233,10.130321,6039
2024-01-31 09:48:00,10.130321,10.145884,10.120038,10.131688,3351
2024-01-31 09:49:00,10.131688,10.156283,10.121608,10.139028,878
2024-01-31 09:50:00,10.139028,10.157772,10.115921,10.130818,6988
2024-01-31 09:51:00,10.130818,10.143437,10.096404,10.105191,492
2024-01-31 09:52:00,10.105191,10.110357,10.087959,10.097830,1008
2024-01-31 09:53:00,10.097830,10.118988,10.092884,10.106940,5980
2024-01-31 09:54:00,10.106940,10.121935,10.092707,10.107951,6448
2024-01-31 09:55:00,10.107951,10.114855,10.102955,10.106340,5740
2024-01-31 09:56:00,10.106340,10.125854,10.076281,10.096110,9103
2024-01-31 09:57:00,10.096110,10.102238,10.067859,10.072447,2764
2024-01-31 09:58:00,10.072447,10.108340,10.063553,10.089936,5596
2024-01-31 09:59:00,10.089936,10.099589,10.081367,10.087647,3129
2024-01-31 10:00:00,10.087647,10.089657,10.075531,10.082763,3685
2024-01-31 10:01:00,10.082763,10.094542,10.067269,10.075073,1591
2024-01-31 10:02:00,10.075073,10.104295,10.060143,10.090985,7956
2024-01-31 10:03:00,10.090985,10.120256,10.085804,10.102607,7066
2024-01-31 10:04:00,10.102607,10.114337,10.085330,10.092079,7155
2024-01-31 10:05:00,10.092079,10.111586,10.088258,10.107892,1507
2024-01-31 10:06:00,10.107892,10.127007,10.099925,10.108325,1265
2024-01-31 10:07:00,10.108325,10.120501,10.084845,10.103787,7842
2024-01-31 10:08:00,10.103787,10.110851,10.094945,10.103963,6690
2024-01-31 10:09:00,10.103963,10.122143,10.083257,10.099249,394
2024-01-31 10:10:00,10.099249,10.103426,10.078982,10.089293,6680
2024-01-31 10:11:00,10.089293,10.110138,10.079200,10.106384,9802
2024-01-31 10:12:00,10.106384,10.124820,10.089552,10.113190,7544
2024-01-31 10:13:00,10.113190,10.145567,10.110707,10.132319,2849
2024-01-31 10:14:00,10.132319,10.161081,10.114751,10.149884,3231
2024-01-31 10:15:00,10.149884,10.192103,10.139150,10.173381,7545
2024-01-31 10:16:00,10.173381,10.180112,10.160063,10.168383,4072
2024-01-31 10:17:00,10.168383,10.200853,10.150060,10.181029,7393
2024-01-31 10:18:00,10.181029,10.216995,10.172911,10.214647,9604
2024-01-31 10:19:00,10.214647,10.233621,10.195048,10.229487,4114
2024-01-31 10:20:00,10.229487,10.273385,10.210633,10.268042,5777
2024-01-31 10:21:00,10.268042,10.292187,10.261220,10.288755,4948
2024-01-31 10:22:00,10.288755,10.339851,10.280624,10.329963,5134
2024-01-31 10:23:00,10.329963,10.411152,10.313344,10.393575,849
2024-01-31 10:24:00,10.393575,10.466321,10.388054,10.449547,9869
2024-01-31 10:25:00,10.449547,10.490857,10.434372,10.475452,5453
2024-01-31 10:26:00,10.475452,10.537340,10.471127,10.535207,2372
2024-01-31 10:27:00,10.535207,10.624477,10.529506,10.606894,5781
2024-01-31 10:28:00,10.606894,10.698615,10.595885,10.689478,4039
2024-01-31 10:29:00,10.689478,10.756929,10.674052,10.741760,8236
2024-01-31 10:30:00,10.741760,10.783543,10.726450,10.768458,7622
2024-01-31 10:31:00,10.768458,10.817876,10.755498,10.812681,3883
2024-01-31 10:32:00,10.812681,10.876886,10.805783,10.865609,7159
2024-01-31 10:33:00,10.865609,10.909166,10.856132,10.890494,427
2024-01-31 10:34:00,10.890494,10.929913,10.884062,10.923179,9670
2024-01-31 10:35:00,10.923179,10.940090,10.916192,10.925220,5157
2024-01-31 10:36:00,10.925220,10.953116,10.917402,10.933871,6577
2024-01-31 10:37:00,10.933871,10.942363,10.886700,10.899479,6486
2024-01-31 10:38:00,10.899479,10.908456,10.869940,10.875676,3199
2024-01-31 10:39:00,10.875676,10.885823,10.852833,10.855600,6929
2024-01-31 10:40:00,10.855600,10.872162,10.809558,10.824022,4036
2024-01-31 10:41:00,10.824022,10.833929,10.772293,10.774685,6838
2024-01-31 10:42:00,10.774685,10.785438,10.710199,10.729673,988
2024-01-31 10:43:00,10.729673,10.735675,10.682089,10.690394,1545
2024-01-31 10:44:00,10.690394,10.710184,10.640721,10.642840,9244
2024-01-31 10:45:00,10.642840,10.660902,10.577080,10.595002,7385
2024-01-31 10:46:00,10.595002,10.607807,10.541571,10.554368,1373
2024-01-31 10:47:00,10.554368,10.573658,10.484042,10.500755,2216
2024-01-31 10:48:00,10.500755,10.515121,10.459044,10.468875,5502
2024-01-31 10:49:00,10.468875,10.488138,10.401917,10.410292,158
2024-01-31 10:50:00,10.410292,10.415200,10.375901,10.389694,4073
2024-01-31 10:51:00,10.389694,10.395752,10.352910,10.362218,3333
2024-01-31 10:52:00,10.362218,10.380151,10.308258,10.320269,1428
2024-01-31 10:53:00,10.320269,10.329827,10.275732,10.282732,3068
2024-01-31 10:54:00,10.282732,10.291413,10.246919,10.254906,3000
2024-01-31 10:55:00,10.254906,10.270484,10.232010,10.235489,764
2024-01-31 10:56:00,10.235489,10.248835,10.209548,10.225613,6372
2024-01-31 10:57:00,10.225613,10.233806,10.181159,10.189438,2796
2024-01-31 10:58:00,10.189438,10.198599,10.158378,10.177928,409
2024-01-31 10:59:00,10.177928,10.187279,10.131448,10.138123,318
2024-01-31 11:00:00,10.138123,10.142397,10.113791,10.124342,9663
2024-01-31 11:01:00,10.124342,10.138661,10.116843,10.132529,1270
2024-01-31 11:02:00,10.132529,10.144204,10.093149,10.107639,9100
2024-01-31 11:03:00,10.107639,10.123712,10.065543,10.082094,1749
2024-01-31 11:04:00,10.082094,10.091637,10.069203,10.079969,937
2024-01-31 11:05:00,10.079969,10.101991,10.071364,10.093091,5500
2024-01-31 11:06:00,10.093091,10.107871,10.077685,10.094162,8696
2024-01-31 11:07:00,10.094162,10.098993,10.063363,10.068809,808
2024-01-31 11:08:00,10.068809,10.077663,10.033902,10.046692,3352
2024-01-31 11:09:00,10.046692,10.052439,10.031444,10.046649,7551
2024-01-31 11:10:00,10.046649,10.060379,10.024559,10.031406,768
2024-01-31 11:11:00,10.031406,10.036430,10.017603,10.032407,1778
2024-01-31 11:12:00,10.032407,10.044376,10.017173,10.034315,3130
2024-01-31 11:13:00,10.034315,10.047046,10.023908,10.028022,8085
2024-01-31 11:14:00,10.028022,10.066852,10.020191,10.049846,8107
2024-01-31 11:15:00,10.049846,10.071901,10.040533,10.056859,7123
2024-01-31 11:16:00,10.056859,10.090446,10.040891,10.071474,6691
2024-01-31 11:17:00,10.071474,10.096826,10.059259,10.082588,358
2024-01-31 11:18:00,10.082588,10.090874,10.070619,10.080711,2461
2024-01-31 11:19:00,10.080711,10.086882,10.070574,10.078312,9224
2024-01-31 11:20:00,10.078312,10.081330,10.072597,10.074670,7219
2024-01-31 11:21:00,10.074670,10.089932,10.072306,10.082935,2486
2024-01-31 11:22:00,10.082935,10.087399,10.068691,10.075019,7107
2024-01-31 11:23:00,10.075019,10.104631,10.070918,10.095985,7270
2024-01-31 11:24:00,10.095985,10.110631,10.082760,10.086913,7454
2024-01-31 11:25:00,10.086913,10.103974,10.074064,10.089518,9803
2024-01-31 11:26:00,10.089518,10.097245,10.073833,10.086731,5452
2024-01-31 11:27:00,10.086731,10.097885,10.078444,10.081250,692
2024-01-31 11:28:00,10.081250,10.113562,10.068559,10.107660,8207
2024-01-31 11:29:00,10.107660,10.118713,10.097697,10.102322,248
2024-01-31 11:30:00,10.102322,10.113503,10.089827,10.098617,6449
2024-01-31 13:01:00,10.098617,10.106040,10.070728,10.090542,7984
2024-01-31 13:02:00,10.090542,10.097712,10.079146,10.091041,1341
2024-01-31 13:03:00,10.091041,10.110673,10.087194,10.089809,7993
2024-01-31 13:04:00,10.089809,10.101478,10.067944,10.076202,8121
2024-01-31 13:05:00,10.076202,10.088319,10.056966,10.071043,6573
2024-01-31 13:06:00,10.071043,10.080595,10.065000,10.078455,3305
2024-01-31 13:07:00,10.078455,10.096214,10.059095,10.090941,2099
2024-01-31 13:08:00,10.090941,10.099652,10.081285,10.091232,7079
2024-01-31 13:09:00,10.091232,10.111337,10.088853,10.091950,1654
2024-01-31 13:10:00,10.091950,10.097104,10.075831,10.087561,6783
2024-01-31 13:11:00,10.087561,10.095020,10.067281,10.081452,1778
2024-01-31 13:12:00,10.081452,10.101275,10.060065,10.070272,3425
2024-01-31 13:13:00,10.070272,10.080932,10.032640,10.051347,5114
2024-01-31 13:14:00,10.051347,10.059079,10.024572,10.042807,1700
2024-01-31 13:15:00,10.042807,10.067217,10.038306,10.053798,7965
2024-01-31 13:16:00,10.053798,10.064732,10.045199,10.048638,6980
2024-01-31 13:17:00,10.048638,10.067872,10.036810,10.044432,261
2024-01-31 13:18:00,10.044432,10.047929,10.027042,10.039988,8505
2024-01-31 13:19:00,10.039988,10.071351,10.027159,10.055121,7196
2024-01-31 13:20:00,10.055121,10.062144,10.036944,10.043834,8398
2024-01-31 13:21:00,10.043834,10.063722,10.024714,10.047202,6056
2024-01-31 13:22:00,10.047202,10.064461,10.038838,10.046370,6302
2024-01-31 13:23:00,10.046370,10.064482,10.029894,10.047196,3897
2024-01-31 13:24:00,10.047196,10.067767,10.030220,10.050166,2351
2024-01-31 13:25:00,10.050166,10.065788,10.046395,10.050861,2430
2024-01-31 13:26:00,10.050861,10.065066,10.044675,10.060503,3230
2024-01-31 13:27:00,10.060503,10.063437,10.054274,10.060147,2980
2024-01-31 13:28:00,10.060147,10.089488,10.041593,10.081355,7570
2024-01-31 13:29:00,10.081355,10.092807,10.073035,10.081895,5290
2024-01-31 13:30:00,10.081895,10.089343,10.044129,10.061185,4167
2024-01-31 13:31:00,10.061185,10.084305,10.050581,10.068946,7280
2024-01-31 13:32:00,10.068946,10.088716,10.058716,10.073712,7351
2024-01-31 13:33:00,10.073712,10.093603,10.055451,10.074108,9355
2024-01-31 13:34:00,10.074108,10.083318,10.061016,10.070952,3163
2024-01-31 13:35:00,10.070952,10.087095,10.029836,10.045244,2508
2024-01-31 13:36:00,10.045244,10.060585,10.011936,10.021574,162
2024-01-31 13:37:00,10.021574,10.061402,10.017741,10.041604,1682
2024-01-31 13:38:00,10.041604,10.057530,10.031530,10.034486,6074
2024-01-31 13:39:00,10.034486,10.053330,10.028738,10.046226,8111
2024-01-31 13:40:00,10.046226,10.048501,10.011736,10.026737,6049
2024-01-31 13:41:00,10.026737,10.046164,10.005284,10.014009,9918
2024-01-31 13:42:00,10.014009,10.037149,10.003835,10.022260,6312
2024-01-31 13:43:00,10.022260,10.038887,10.017180,10.021014,8837
2024-01-31 13:44:00,10.021014,10.043829,10.007799,10.027551,2755
2024-01-31 13:45:00,10.027551,10.042794,10.010923,10.027385,3306
2024-01-31 13:46:00,10.027385,10.042911,10.011616,10.024860,8129
2024-01-31 13:47:00,10.024860,10.043590,9.996869,10.016592,6643
2024-01-31 13:48:00,10.016592,10.035046,9.999782,10.002076,4925
2024-01-31 13:49:00,10.002076,10.027956,9.999794,10.019130,9561
2024-01-31 13:50:00,10.019130,10.040742,10.008129,10.038184,7647
2024-01-31 13:51:00,10.038184,10.040881,10.018761,10.025556,3024
2024-01-31 13:52:00,10.025556,10.035596,9.997776,10.012133,6149
2024-01-31 13:53:00,10.012133,10.029163,9.991627,10.007905,4020
2024-01-31 13:54:00,10.007905,10.029301,10.004061,10.012044,4219
2024-01-31 13:55:00,10.012044,10.021323,9.991321,10.009833,8069
2024-01-31 13:56:00,10.009833,10.023335,10.007295,10.015906,6828
2024-01-31 13:57:00,10.015906,10.027025,10.000916,10.015308,222
2024-01-31 13:58:00,10.015308,10.032293,10.004993,10.013914,5792
2024-01-31 13:59:00,10.013914,10.056708,9.999900,10.043251,6505
2024-01-31 14:00:00,10.043251,10.047768,10.033109,10.036866,5156
2024-01-31 14:01:00,10.036866,10.065324,10.017999,10.056804,3069
2024-01-31 14:02:00,10.056804,10.086392,10.037931,10.074395,6520
2024-01-31 14:03:00,10.074395,10.092212,10.063045,10.080523,9482
2024-01-31 14:04:00,10.080523,10.097475,10.045933,10.057106,950
2024-01-31 14:05:00,10.057106,10.076263,10.043679,10.057484,6068
2024-01-31 14:06:00,10.057484,10.061292,10.038785,10.051226,9111
2024-01-31 14:07:00,10.051226,10.057510,10.039442,10.051470,4064
2024-01-31 14:08:00,10.051470,10.060529,10.025942,10.038547,3417
2024-01-31 14:09:00,10.038547,10.055077,10.021092,10.047741,2551
2024-01-31 14:10:00,10.047741,10.069066,10.034742,10.059717,2324
2024-01-31 14:11:00,10.059717,10.076674,10.054192,10.073941,3971
2024-01-31 14:12:00,10.073941,10.077130,10.050845,10.069295,7740
2024-01-31 14:13:00,10.069295,10.086385,10.050528,10.056415,1899
2024-01-31 14:14:00,10.056415,10.064537,10.051442,10.060690,2389
2024-01-31 14:15:00,10.060690,10.098874,10.040743,10.082040,9988
2024-01-31 14:16:00,10.082040,10.090401,10.076199,10.082884,9958
2024-01-31 14:17:00,10.082884,10.095949,10.079082,10.088383,2346
2024-01-31 14:18:00,10.088383,10.092196,10.073410,10.085527,4262
2024-01-31 14:19:00,10.085527,10.087765,10.062516,10.079406,4095
2024-01-31 14:20:00,10.079406,10.095804,10.076312,10.087409,3036
2024-01-31 14:21:00,10.087409,10.104445,10.075297,10.086119,1613
2024-01-31 14:22:00,10.086119,10.109584,10.082886,10.091025,714
2024-01-31 14:23:00,10.091025,10.100304,10.081309,10.097195,6176
2024-01-31 14:24:00,10.097195,10.103976,10.089004,10.101420,513
2024-01-31 14:25:00,10.101420,10.113061,10.096952,10.108202,6247
2024-01-31 14:26:00,10.108202,10.123996,10.079073,10.097832,1041
2024-01-31 14:27:00,10.097832,10.103520,10.073291,10.086719,1628
2024-01-31 14:28:00,10.086719,10.092874,10.069026,10.086201,149
2024-01-31 14:29:00,10.086201,10.104202,10.067668,10.085975,4038
2024-01-31 14:30:00,10.085975,10.103725,10.060882,10.079625,3338
2024-01-31 14:31:00,10.079625,10.096620,10.064159,10.082555,3389
2024-01-31 14:32:00,10.082555,10.098549,10.075030,10.093597,3173
2024-01-31 14:33:00,10.093597,10.116895,10.076676,10.108034,9389
2024-01-31 14:34:00,10.108034,10.131455,10.096671,10.125204,4357
2024-01-31 14:35:00,10.125204,10.139298,10.102330,10.109219,8111
2024-01-31 14:36:00,10.109219,10.125258,10.086136,10.095080,2405
2024-01-31 14:37:00,10.095080,10.099638,10.084137,10.091559,4883
2024-01-31 14:38:00,10.091559,10.110698,10.081167,10.092535,721
2024-01-31 14:39:00,10.092535,10.102866,10.073572,10.089636,2660
2024-01-31 14:40:00,10.089636,10.105946,10.072190,10.082917,804
2024-01-31 14:41:00,10.082917,10.085847,10.072395,10.079216,304
2024-01-31 14:42:00,10.079216,10.093583,10.075643,10.085092,1903
2024-01-31 14:43:00,10.085092,10.087358,10.051523,10.068927,1673
2024-01-31 14:44:00,10.068927,10.112350,10.059414,10.097417,3234
2024-01-31 14:45:00,10.097417,10.101102,10.087462,10.097672,7461
2024-01-31 14:46:00,10.097672,10.118537,10.081925,10.110448,1565
2024-01-31 14:47:00,10.110448,10.126519,10.086101,10.103396,6145
2024-01-31 14:48:00,10.103396,10.125861,10.092196,10.110379,3714
2024-01-31 14:49:00,10.110379,10.125121,10.096997,10.111596,4087
2024-01-31 14:50:00,10.111596,10.136505,10.105291,10.122013,9229
2024-01-31 14:51:00,10.122013,10.135735,10.100767,10.119598,4702
2024-01-31 14:52:00,10.119598,10.152004,10.107375,10.138461,2689
2024-01-31 14:53:00,10.138461,10.146755,10.105368,10.120321,2456
2024-01-31 14:54:00,10.120321,10.134370,10.116265,10.131863,1767
2024-01-31 14:55:00,10.131863,10.143260,10.118399,10.133307,8039
2024-01-31 14:56:00,10.133307,10.136125,10.112285,10.120926,6681
2024-01-31 14:57:00,10.120926,10.155099,10.110825,10.144659,2750
2024-01-31 14:58:00,10.144659,10.177488,10.130380,10.167135,4959
2024-01-31 14:59:00,10.167135,10.172352,10.125587,10.141921,5103
2024-01-31 15:00:00,10.141921,10.160187,10.133633,10.144071,567
2024-02-01 09:31:00,10.173499,10.195430,10.166163,10.176265,2200
2024-02-01 09:32:00,10.176265,10.189609,10.166362,10.185804,2245
2024-02-01 09:33:00,10.185804,10.193136,10.156828,10.174055,890
2024-02-01 09:34:00,10.174055,10.184387,10.142722,10.154592,9963
2024-02-01 09:35:00,10.154592,10.168143,10.144253,10.147254,685
2024-02-01 09:36:00,10.147254,10.171176,10.132419,10.156525,7308
2024-02-01 09:37:00,10.156525,10.172674,10.147066,10.152350,8385
2024-02-01 09:38:00,10.152350,10.163276,10.138780,10.149529,6480
2024-02-01 09:39:00,10.149529,10.172666,10.139095,10.160648,1410
2024-02-01 09:40:00,10.160648,10.179938,10.140047,10.150804,7288
2024-02-01 09:41:00,10.150804,10.157124,10.147162,10.149720,3364
2024-02-01 09:42:00,10.149720,10.166188,10.124336,10.131239,4142
2024-02-01 09:43:00,10.131239,10.149967,10.128326,10.135154,2588
2024-02-01 09:44:00,10.135154,10.142478,10.125685,10.137956,7863
2024-02-01 09:45:00,10.137956,10.166345,10.124772,10.147668,5840
2024-02-01 09:46:00,10.147668,10.165065,10.119913,10.133687,1633
2024-02-01 09:47:00,10.133687,10.149718,10.128182,10.131344,4133
2024-02-01 09:48:00,10.131344,10.135626,10.111596,10.115736,7959
2024-02-01 09:49:00,10.115736,10.120250,10.098825,10.112732,9382
2024-02-01 09:50:00,10.112732,10.145119,10.101170,10.130822,9401
2024-02-01 09:51:00,10.130822,10.134752,10.109904,10.126906,1435
2024-02-01 09:52:00,10.126906,10.130945,10.104538,10.110230,8591
2024-02-01 09:53:00,10.110230,10.119435,10.097764,10.101930,5705
2024-02-01 09:54:00,10.101930,10.104027,10.073747,10.082263,7422
2024-02-01 09:55:00,10.082263,10.097250,10.052977,10.066444,3918
2024-02-01 09:56:00,10.066444,10.086360,10.055697,10.074636,6548
2024-02-01 09:57:00,10.074636,10.078043,10.053205,10.056979,2656
2024-02-01 09:58:00,10.056979,10.072577,10.053696,10.060792,5258
2024-02-01 09:59:00,10.060792,10.064080,10.046594,10.061107,2335
2024-02-01 10:00:00,10.061107,10.064379,10.047272,10.054618,4012
2024-02-01 10:01:00,10.054618,10.068132,10.040567,10.057393,4138
2024-02-01 10:02:00,10.057393,10.068390,10.038638,10.045946,8669
2024-02-01 10:03:00,10.045946,10.064313,10.038280,10.056211,6319
2024-02-01 10:04:00,10.056211,10.069403,10.041909,10.047686,6509
2024-02-01 10:05:00,10.047686,10.056658,10.023262,10.042969,2909
2024-02-01 10:06:00,10.042969,10.055534,10.034510,10.036799,4405
2024-02-01 10:07:00,10.036799,10.053513,10.032509,10.045217,4780
2024-02-01 10:08:00,10.045217,10.066733,10.028164,10.051863,7869
2024-02-01 10:09:00,10.051863,10.064291,10.015370,10.019857,1936
2024-02-01 10:10:00,10.019857,10.027842,10.012805,10.022961,635
2024-02-01 10:11:00,10.022961,10.037314,9.994933,10.001663,5100
2024-02-01 10:12:00,10.001663,10.017774,9.982950,9.997496,8149
2024-02-01 10:13:00,9.997496,10.000681,9.986774,9.996175,7362
2024-02-01 10:14:00,9.996175,10.009154,9.974747,9.991877,8125
2024-02-01 10:15:00,9.991877,10.014219,9.976423,9.997991,3994
2024-02-01 10:16:00,9.997991,10.010846,9.986431,10.006782,2362
2024-02-01 10:17:00,10.006782,10.025012,9.990856,9.997339,6633
2024-02-01 10:18:00,9.997339,10.006806,9.971190,9.987453,472
2024-02-01 10:19:00,9.987453,10.002734,9.969426,9.987014,8965
2024-02-01 10:20:00,9.987014,10.005197,9.951115,9.968168,7165
2024-02-01 10:21:00,9.968168,9.987981,9.959414,9.962345,5088
2024-02-01 10:22:00,9.962345,9.991313,9.947782,9.978803,2078
2024-02-01 10:23:00,9.978803,9.993479,9.945742,9.960413,2578
2024-02-01 10:24:00,9.960413,9.966944,9.937286,9.956261,9960
2024-02-01 10:25:00,9.956261,9.963482,9.942288,9.949030,244
2024-02-01 10:26:00,9.949030,9.990825,9.932876,9.973511,190
2024-02-01 10:27:00,9.973511,9.982679,9.952541,9.966945,3539
2024-02-01 10:28:00,9.966945,9.983748,9.943270,9.961087,2374
2024-02-01 10:29:00,9.961087,9.963998,9.934024,9.948503,6799
2024-02-01 10:30:00,9.948503,9.954546,9.931159,9.948617,516
2024-02-01 10:31:00,9.948617,9.956977,9.940145,9.951915,7876
2024-02-01 10:32:00,9.951915,9.963402,9.936264,9.941101,7848
2024-02-01 10:33:00,9.941101,9.956621,9.932561,9.953171,2372
2024-02-01 10:34:00,9.953171,9.964670,9.936501,9.956481,5829
2024-02-01 10:35:00,9.956481,9.986633,9.952111,9.966881,6749
2024-02-01 10:36:00,9.966881,9.983177,9.949392,9.962875,8499
2024-02-01 10:37:00,9.962875,9.981534,9.943099,9.965844,7352
2024-02-01 10:38:00,9.965844,9.970276,9.945132,9.963242,9629
2024-02-01 10:39:00,9.963242,9.989600,9.949161,9.981038,1248
2024-02-01 10:40:00,9.981038,9.996708,9.964771,9.982457,6140
2024-02-01 10:41:00,9.982457,9.984953,9.978361,9.982564,7750
2024-02-01 10:42:00,9.982564,9.992376,9.965991,9.976970,2394
2024-02-01 10:43:00,9.976970,9.995684,9.959096,9.970671,2262
2024-02-01 10:44:00,9.970671,9.977055,9.954582,9.973573,1017
2024-02-01 10:45:00,9.973573,10.001891,9.966486,9.983579,9858
2024-02-01 10:46:00,9.983579,9.989080,9.971305,9.975221,8675
2024-02-01 10:47:00,9.975221,9.982171,9.960655,9.976767,1297
2024-02-01 10:48:00,9.976767,9.984533,9.965900,9.979015,2526
2024-02-01 10:49:00,9.979015,10.002153,9.961854,9.983390,4636
2024-02-01 10:50:00,9.983390,9.996258,9.951878,9.962545,8945
2024-02-01 10:51:00,9.962545,9.978059,9.934022,9.951255,8273
2024-02-01 10:52:00,9.951255,9.959851,9.923440,9.934581,8795
2024-02-01 10:53:00,9.934581,9.952701,9.918492,9.934982,8300
2024-02-01 10:54:00,9.934982,9.947457,9.909010,9.923983,6315
2024-02-01 10:55:00,9.923983,9.936780,9.911135,9.917925,2980
2024-02-01 10:56:00,9.917925,9.933467,9.895776,9.903345,6079
2024-02-01 10:57:00,9.903345,9.919270,9.880236,9.898422,4992
2024-02-01 10:58:00,9.898422,9.912696,9.878541,9.884699,9513
2024-02-01 10:59:00,9.884699,9.898092,9.870144,9.893951,4539
2024-02-01 11:00:00,9.893951,9.917403,9.889339,9.899802,7584
2024-02-01 11:01:00,9.899802,9.908332,9.884209,9.901636,1817
2024-02-01 11:02:00,9.901636,9.921567,9.891931,9.897950,6864
2024-02-01 11:03:00,9.897950,9.906889,9.860380,9.873073,4592
2024-02-01 11:04:00,9.873073,9.877233,9.855323,9.867479,4413
2024-02-01 11:05:00,9.867479,9.875169,9.852520,9.858183,7571
2024-02-01 11:06:00,9.858183,9.873526,9.847338,9.861202,4891
2024-02-01 11:07:00,9.861202,9.877814,9.843376,9.868768,683
2024-02-01 11:08:00,9.868768,9.889647,9.854518,9.872731,3950
2024-02-01 11:09:00,9.872731,9.902430,9.852863,9.888150,9636
2024-02-01 11:10:00,9.888150,9.893992,9.865090,9.881212,9468
2024-02-01 11:11:00,9.881212,9.892912,9.860186,9.873768,6182
2024-02-01 11:12:00,9.873768,9.902614,9.861630,9.886439,6417
2024-02-01 11:13:00,9.886439,9.906510,9.867565,9.888468,2702
2024-02-01 11:14:00,9.888468,9.897577,9.873966,9.885452,7825
2024-02-01 11:15:00,9.885452,9.926635,9.876204,9.907995,6034
2024-02-01 11:16:00,9.907995,9.917696,9.890974,9.915048,468
2024-02-01 11:17:00,9.915048,9.929229,9.893797,9.912722,9499
2024-02-01 11:18:00,9.912722,9.928798,9.893727,9.904348,8539
2024-02-01 11:19:00,9.904348,9.930195,9.899877,9.920542,907
2024-02-01 11:20:00,9.920542,9.925267,9.907591,9.923069,4234
2024-02-01 11:21:00,9.923069,9.937735,9.907733,9.923368,7450
2024-02-01 11:22:00,9.923368,9.939791,9.914643,9.931625,7397
2024-02-01 11:23:00,9.931625,9.947101,9.916163,9.942369,1756
2024-02-01 11:24:00,9.942369,9.953910,9.930810,9.949082,496
2024-02-01 11:25:00,9.949082,9.975718,9.941657,9.959874,9847
2024-02-01 11:26:00,9.959874,9.970757,9.946542,9.965384,8949
2024-02-01 11:27:00,9.965384,9.982872,9.956383,9.972158,7409
2024-02-01 11:28:00,9.972158,9.991625,9.947063,9.963226,6632
2024-02-01 11:29:00,9.963226,10.000986,9.961171,9.985327,6896
2024-02-01 11:30:00,9.985327,9.997177,9.953539,9.970266,4629
2024-02-01 13:01:00,9.970266,9.985552,9.962748,9.974043,6875
2024-02-01 13:02:00,9.974043,9.979055,9.938451,9.957724,3105
2024-02-01 13:03:00,9.957724,9.967759,9.940861,9.956526,928
2024-02-01 13:04:00,9.956526,9.961134,9.943213,9.949551,3179
2024-02-01 13:05:00,9.949551,9.954713,9.929933,9.951209,3009
2024-02-01 13:06:00,9.951209,9.959345,9.940216,9.955381,3103
2024-02-01 13:07:00,9.955381,9.968300,9.932293,9.943706,4762
2024-02-01 13:08:00,9.943706,9.949190,9.924975,9.943347,1397
2024-02-01 13:09:00,9.943347,9.965049,9.924816,9.960361,4136
2024-02-01 13:10:00,9.960361,9.977969,9.929797,9.944341,4691
2024-02-01 13:11:00,9.944341,9.948537,9.914302,9.933914,1962
2024-02-01 13:12:00,9.933914,9.959124,9.925995,9.944422,4589
2024-02-01 13:13:00,9.944422,9.954875,9.938240,9.945369,6775
2024-02-01 13:14:00,9.945369,9.959638,9.942843,9.947215,4178
2024-02-01 13:15:00,9.947215,9.962115,9.938980,9.959695,124
2024-02-01 13:16:00,9.959695,9.961695,9.937153,9.950001,7060
2024-02-01 13:17:00,9.950001,9.966711,9.936164,9.943661,5827
2024-02-01 13:18:00,9.943661,9.954219,9.923382,9.935815,4256
2024-02-01 13:19:00,9.935815,9.939099,9.928693,9.931564,326
2024-02-01 13:20:00,9.931564,9.956100,9.923191,9.947917,981
2024-02-01 13:21:00,9.947917,9.959032,9.911686,9.927150,886
2024-02-01 13:22:00,9.927150,9.931589,9.908693,9.912571,8535
2024-02-01 13:23:00,9.912571,9.924405,9.881031,9.895899,3157
2024-02-01 13:24:00,9.895899,9.924528,9.880159,9.913011,4308
2024-02-01 13:25:00,9.913011,9.925862,9.893272,9.905510,6990
2024-02-01 13:26:00,9.905510,9.922095,9.883572,9.901522,6587
2024-02-01 13:27:00,9.901522,9.910952,9.862628,9.881810,737
2024-02-01 13:28:00,9.881810,9.899804,9.875983,9.878607,9305
2024-02-01 13:29:00,9.878607,9.899730,9.864383,9.889186,2724
2024-02-01 13:30:00,9.889186,9.902502,9.882916,9.892274,7697
2024-02-01 13:31:00,9.892274,9.906076,9.881610,9.890957,8337
2024-02-01 13:32:00,9.890957,9.904072,9.858636,9.871852,5434
2024-02-01 13:33:00,9.871852,9.874058,9.853028,9.867849,1705
2024-02-01 13:34:00,9.867849,9.889326,9.850725,9.869642,5495
2024-02-01 13:35:00,9.869642,9.888611,9.842837,9.857534,2521
2024-02-01 13:36:00,9.857534,9.872592,9.841541,9.865529,8510
2024-02-01 13:37:00,9.865529,9.888389,9.852746,9.876334,7569
2024-02-01 13:38:00,9.876334,9.892203,9.865773,9.869880,8253
2024-02-01 13:39:00,9.869880,9.897310,9.867494,9.878741,8300
2024-02-01 13:40:00,9.878741,9.891288,9.865865,9.877402,1868
2024-02-01 13:41:00,9.877402,9.893747,9.862522,9.891406,400
2024-02-01 13:42:00,9.891406,9.930492,9.887446,9.916239,6302
2024-02-01 13:43:00,9.916239,9.919915,9.893160,9.902888,6177
2024-02-01 13:44:00,9.902888,9.926363,9.896276,9.912282,8670
2024-02-01 13:45:00,9.912282,9.940787,9.900074,9.928213,6414
2024-02-01 13:46:00,9.928213,9.941745,9.907334,9.916363,8052
2024-02-01 13:47:00,9.916363,9.921769,9.903715,9.909342,3552
2024-02-01 13:48:00,9.909342,9.920226,9.900104,9.902183,1334
2024-02-01 13:49:00,9.902183,9.915306,9.892774,9.900562,475
2024-02-01 13:50:00,9.900562,9.907967,9.884920,9.896211,4413
2024-02-01 13:51:00,9.896211,9.901481,9.875065,9.893791,119
2024-02-01 13:52:00,9.893791,9.910029,9.887696,9.904021,5230
2024-02-01 13:53:00,9.904021,9.921465,9.869656,9.880876,4067
2024-02-01 13:54:00,9.880876,9.891238,9.856790,9.868987,2652
2024-02-01 13:55:00,9.868987,9.891065,9.855301,9.877166,5952
2024-02-01 13:56:00,9.877166,9.895182,9.869251,9.883914,6827
2024-02-01 13:57:00,9.883914,9.900928,9.867200,9.870991,492
2024-02-01 13:58:00,9.870991,9.888977,9.852407,9.877824,4814
2024-02-01 13:59:00,9.877824,9.897703,9.858674,9.894023,9402
2024-02-01 14:00:00,9.894023,9.899586,9.883536,9.893424,3045
2024-02-01 14:01:00,9.893424,9.895663,9.868668,9.881119,7832
2024-02-01 14:02:00,9.881119,9.908768,9.878596,9.891800,3434
2024-02-01 14:03:00,9.891800,9.926775,9.888951,9.912836,2789
2024-02-01 14:04:00,9.912836,9.928501,9.898638,9.902018,8581
2024-02-01 14:05:00,9.902018,9.917367,9.886720,9.902497,3628
2024-02-01 14:06:00,9.902497,9.932646,9.896407,9.915806,8675
2024-02-01 14:07:00,9.915806,9.936979,9.910486,9.917214,6580
2024-02-01 14:08:00,9.917214,9.930976,9.893733,9.895883,8142
2024-02-01 14:09:00,9.895883,9.907837,9.893470,9.901296,8166
2024-02-01 14:10:00,9.901296,9.905121,9.880049,9.889346,9147
2024-02-01 14:11:00,9.889346,9.901962,9.862083,9.873833,5592
2024-02-01 14:12:00,9.873833,9.889707,9.840317,9.852740,9527
2024-02-01 14:13:00,9.852740,9.879381,9.842498,9.867273,691
2024-02-01 14:14:00,9.867273,9.874737,9.846811,9.857083,4969
2024-02-01 14:15:00,9.857083,9.876108,9.841526,9.861152,4025
2024-02-01 14:16:00,9.861152,9.878284,9.853940,9.868220,1057
2024-02-01 14:17:00,9.868220,9.877354,9.861941,9.870196,8745
2024-02-01 14:18:00,9.870196,9.890956,9.852818,9.873816,8020
2024-02-01 14:19:00,9.873816,9.890846,9.859410,9.878468,7511
2024-02-01 14:20:00,9.878468,9.887256,9.867885,9.880154,6370
2024-02-01 14:21:00,9.880154,9.888069,9.863917,9.870874,6059
2024-02-01 14:22:00,9.870874,9.883164,9.856047,9.860505,3867
2024-02-01 14:23:00,9.860505,9.870118,9.856550,9.859224,6865
2024-02-01 14:24:00,9.859224,9.864113,9.840341,9.857683,9757
2024-02-01 14:25:00,9.857683,9.875913,9.845002,9.862925,2587
2024-02-01 14:26:00,9.862925,9.890778,9.860100,9.876374,3452
2024-02-01 14:27:00,9.876374,9.882574,9.871519,9.880572,1181
2024-02-01 14:28:00,9.880572,9.892236,9.863641,9.870673,9085
2024-02-01 14:29:00,9.870673,9.883062,9.837309,9.844045,5347
2024-02-01 14:30:00,9.844045,9.852022,9.822786,9.834657,5966
2024-02-01 14:31:00,9.834657,9.842755,9.809054,9.818244,2738
2024-02-01 14:32:00,9.818244,9.825961,9.791447,9.809327,462
2024-02-01 14:33:00,9.809327,9.822301,9.794378,9.812285,8068
2024-02-01 14:34:00,9.812285,9.829930,9.793892,9.813315,8617
2024-02-01 14:35:00,9.813315,9.846443,9.795784,9.836000,3476
2024-02-01 14:36:00,9.836000,9.861783,9.817415,9.841898,7645
2024-02-01 14:37:00,9.841898,9.873976,9.822257,9.865205,5763
2024-02-01 14:38:00,9.865205,9.888522,9.857595,9.873936,6460
2024-02-01 14:39:00,9.873936,9.899072,9.868161,9.887190,1810
2024-02-01 14:40:00,9.887190,9.902911,9.877836,9.882809,6184
2024-02-01 14:41:00,9.882809,9.900799,9.856385,9.869691,1695
2024-02-01 14:42:00,9.869691,9.880901,9.849952,9.864210,2266
2024-02-01 14:43:00,9.864210,9.875110,9.860484,9.864065,3632
2024-02-01 14:44:00,9.864065,9.883034,9.839617,9.856396,2223
2024-02-01 14:45:00,9.856396,9.875202,9.828079,9.844174,9100
2024-02-01 14:46:00,9.844174,9.869209,9.830862,9.849263,388
2024-02-01 14:47:00,9.849263,9.854080,9.827148,9.836989,9049
2024-02-01 14:48:00,9.836989,9.839053,9.813502,9.818268,1625
2024-02-01 14:49:00,9.818268,9.828139,9.793468,9.804569,8715
2024-02-01 14:50:00,9.804569,9.819769,9.796843,9.801708,3431
2024-02-01 14:51:00,9.801708,9.805019,9.776721,9.789611,9219
2024-02-01 14:52:00,9.789611,9.798335,9.779247,9.786826,5453
2024-02-01 14:53:00,9.786826,9.806623,9.780375,9.794156,4947
2024-02-01 14:54:00,9.794156,9.806995,9.784218,9.801169,1395
2024-02-01 14:55:00,9.801169,9.816330,9.780649,9.793102,4391
2024-02-01 14:56:00,9.793102,9.799234,9.768569,9.777183,5619
2024-02-01 14:57:00,9.777183,9.794315,9.750811,9.770156,9835
2024-02-01 14:58:00,9.770156,9.786429,9.768050,9.778160,2706
2024-02-01 14:59:00,9.778160,9.801791,9.759728,9.789015,919
2024-02-01 15:00:00,9.789015,9.805118,9.787003,9.793324,2614
2024-02-02 09:31:00,10.196502,10.218898,10.192090,10.207854,938
2024-02-02 09:32:00,10.207854,10.223715,10.176487,10.191454,4231
2024-02-02 09:33:00,10.191454,10.198493,10.161924,10.181599,7438
2024-02-02 09:34:00,10.181599,10.204512,10.171750,10.190474,5469
2024-02-02 09:35:00,10.190474,10.192565,10.178881,10.182646,8097
2024-02-02 09:36:00,10.182646,10.185952,10.163237,10.171592,9136
2024-02-02 09:37:00,10.171592,10.184829,10.155439,10.164369,9741
2024-02-02 09:38:00,10.164369,10.169835,10.143195,10.163134,6762
2024-02-02 09:39:00,10.163134,10.177531,10.147586,10.161945,6766
2024-02-02 09:40:00,10.161945,10.175406,10.155254,10.159376,8051
2024-02-02 09:41:00,10.159376,10.162522,10.138723,10.146791,2407
2024-02-02 09:42:00,10.146791,10.165316,10.143916,10.156251,3085
2024-02-02 09:43:00,10.156251,10.185512,10.142496,10.172478,3478
2024-02-02 09:44:00,10.172478,10.187321,10.134993,10.149102,7468
2024-02-02 09:45:00,10.149102,10.165792,10.127059,10.130094,3576
2024-02-02 09:46:00,10.130094,10.150312,10.122054,10.142364,1480
2024-02-02 09:47:00,10.142364,10.178633,10.124113,10.161572,8006
2024-02-02 09:48:00,10.161572,10.169949,10.118637,10.135520,7522
2024-02-02 09:49:00,10.135520,10.147623,10.123184,10.145497,5982
2024-02-02 09:50:00,10.145497,10.178518,10.134774,10.165538,8827
2024-02-02 09:51:00,10.165538,10.171888,10.135115,10.154986,7939
2024-02-02 09:52:00,10.154986,10.178553,10.139986,10.174314,9012
2024-02-02 09:53:00,10.174314,10.180965,10.152989,10.172137,2671
2024-02-02 09:54:00,10.172137,10.192889,10.168848,10.175986,1254
2024-02-02 09:55:00,10.175986,10.194438,10.161367,10.167186,3481
2024-02-02 09:56:00,10.167186,10.198745,10.164626,10.179434,8315
2024-02-02 09:57:00,10.179434,10.197095,10.161812,10.189645,9254
2024-02-02 09:58:00,10.189645,10.220954,10.175148,10.210748,1188
2024-02-02 09:59:00,10.210748,10.244820,10.205550,10.228375,8569
2024-02-02 10:00:00,10.228375,10.236097,10.208727,10.228263,4836
2024-02-02 10:01:00,10.228263,10.275229,10.209058,10.266296,8197
2024-02-02 10:02:00,10.266296,10.289095,10.260253,10.282824,6856
2024-02-02 10:03:00,10.282824,10.301741,10.269178,10.289438,694
2024-02-02 10:04:00,10.289438,10.303305,10.263211,10.277237,4894
2024-02-02 10:05:00,10.277237,10.284969,10.256443,10.258516,980
2024-02-02 10:06:00,10.258516,10.260952,10.226437,10.240835,3465
2024-02-02 10:07:00,10.240835,10.256081,10.223426,10.229411,7599
2024-02-02 10:08:00,10.229411,10.259362,10.211187,10.246263,6869
2024-02-02 10:09:00,10.246263,10.258165,10.229170,10.252223,7076
2024-02-02 10:10:00,10.252223,10.259887,10.226422,10.244718,6642
2024-02-02 10:11:00,10.244718,10.263946,10.227419,10.243055,245
2024-02-02 10:12:00,10.243055,10.256399,10.234933,10.239902,5870
2024-02-02 10:13:00,10.239902,10.262409,10.231412,10.249691,4901
2024-02-02 10:14:00,10.249691,10.263205,10.224177,10.238938,5331
2024-02-02 10:15:00,10.238938,10.262397,10.231118,10.243217,2206
2024-02-02 10:16:00,10.243217,10.255006,10.228436,10.246889,7086
2024-02-02 10:17:00,10.246889,10.253945,10.228451,10.236502,6114
2024-02-02 10:18:00,10.236502,10.264714,10.231303,10.255932,4090
2024-02-02 10:19:00,10.255932,10.272350,10.240989,10.252316,660
2024-02-02 10:20:00,10.252316,10.256493,10.225817,10.240169,780
2024-02-02 10:21:00,10.240169,10.256327,10.228859,10.250604,3654
2024-02-02 10:22:00,10.250604,10.257380,10.237051,10.251271,5420
2024-02-02 10:23:00,10.251271,10.269724,10.241386,10.256269,9969
2024-02-02 10:24:00,10.256269,10.269817,10.225763,10.241773,7262
2024-02-02 10:25:00,10.241773,10.260408,10.228074,10.251714,4905
2024-02-02 10:26:00,10.251714,10.285267,10.239371,10.278295,3061
2024-02-02 10:27:00,10.278295,10.293879,10.253007,10.262843,1769
2024-02-02 10:28:00,10.262843,10.269749,10.251200,10.267177,1493
2024-02-02 10:29:00,10.267177,10.282475,10.254650,10.257569,811
2024-02-02 10:30:00,10.257569,10.296263,10.243568,10.290478,9127
2024-02-02 10:31:00,10.290478,10.323896,10.284799,10.305646,257
2024-02-02 10:32:00,10.305646,10.318544,10.288163,10.309098,8651
2024-02-02 10:33:00,10.309098,10.322659,10.277452,10.294074,5876
2024-02-02 10:34:00,10.294074,10.298251,10.270505,10.282009,6222
2024-02-02 10:35:00,10.282009,10.297710,10.264760,10.291140,9590
2024-02-02 10:36:00,10.291140,10.305751,10.260394,10.274469,7887
2024-02-02 10:37:00,10.274469,10.286375,10.253639,10.258181,1556
2024-02-02 10:38:00,10.258181,10.274158,10.242848,10.258290,9691
2024-02-02 10:39:00,10.258290,10.272063,10.238365,10.259922,1843
2024-02-02 10:40:00,10.259922,10.276820,10.257184,10.264572,5735
2024-02-02 10:41:00,10.264572,10.282021,10.252785,10.259194,6442
2024-02-02 10:42:00,10.259194,10.280097,10.246435,10.270453,2517
2024-02-02 10:43:00,10.270453,10.288564,10.250434,10.259908,6339
2024-02-02 10:44:00,10.259908,10.276275,10.246432,10.267575,6424
2024-02-02 10:45:00,10.267575,10.278110,10.255020,10.270195,9800
2024-02-02 10:46:00,10.270195,10.293574,10.254011,10.277545,9154
2024-02-02 10:47:00,10.277545,10.294215,10.274268,10.292007,4056
2024-02-02 10:48:00,10.292007,10.297107,10.276505,10.286436,6932
2024-02-02 10:49:00,10.286436,10.289728,10.260866,10.278347,8227
2024-02-02 10:50:00,10.278347,10.289565,10.249159,10.257688,359
2024-02-02 10:51:00,10.257688,10.270994,10.221916,10.232984,6879
2024-02-02 10:52:00,10.232984,10.235171,10.228443,10.230831,9179
2024-02-02 10:53:00,10.230831,10.235737,10.223480,10.229515,1290
2024-02-02 10:54:00,10.229515,10.236961,10.205880,10.216226,7561
2024-02-02 10:55:00,10.216226,10.223522,10.196386,10.205568,697
2024-02-02 10:56:00,10.205568,10.227957,10.190704,10.224208,4078
2024-02-02 10:57:00,10.224208,10.240036,10.211194,10.234925,8212
2024-02-02 10:58:00,10.234925,10.252172,10.201643,10.219488,9876
2024-02-02 10:59:00,10.219488,10.234099,10.196690,10.214076,7304
2024-02-02 11:00:00,10.214076,10.226373,10.207734,10.219043,7244
2024-02-02 11:01:00,10.219043,10.225785,10.209061,10.211378,2665
2024-02-02 11:02:00,10.211378,10.214822,10.184103,10.201483,8271
2024-02-02 11:03:00,10.201483,10.209764,10.189420,10.197345,6623
2024-02-02 11:04:00,10.197345,10.219855,10.189097,10.210690,9437
2024-02-02 11:05:00,10.210690,10.243420,10.205839,10.225145,6068
2024-02-02 11:06:00,10.225145,10.240521,10.201672,10.216146,491
2024-02-02 11:07:00,10.216146,10.232406,10.209104,10.221782,5158
2024-02-02 11:08:00,10.221782,10.226209,10.216522,10.221703,7766
2024-02-02 11:09:00,10.221703,10.235514,10.198305,10.209366,7900
2024-02-02 11:10:00,10.209366,10.228215,10.190224,10.205732,3924
2024-02-02 11:11:00,10.205732,10.209136,10.183410,10.190263,1793
2024-02-02 11:12:00,10.190263,10.221768,10.175266,10.204494,8703
2024-02-02 11:13:00,10.204494,10.228731,10.194178,10.223489,8249
2024-02-02 11:14:00,10.223489,10.238112,10.209198,10.218466,8801
2024-02-02 11:15:00,10.218466,10.223775,10.202052,10.210524,6738
2024-02-02 11:16:00,10.210524,10.236228,10.205903,10.223427,8303
2024-02-02 11:17:00,10.223427,10.244585,10.215440,10.238308,4087
2024-02-02 11:18:00,10.238308,10.250059,10.206846,10.224672,7814
2024-02-02 11:19:00,10.224672,10.237475,10.219022,10.222861,4933
2024-02-02 11:20:00,10.222861,10.235994,10.202890,10.222140,7963
2024-02-02 11:21:00,10.222140,10.236430,10.208774,10.212709,1548
2024-02-02 11:22:00,10.212709,10.220674,10.204192,10.217431,3035
2024-02-02 11:23:00,10.217431,10.232092,10.195953,10.208867,2222
2024-02-02 11:24:00,10.208867,10.213650,10.185175,10.202256,4124
2024-02-02 11:25:00,10.202256,10.216443,10.196432,10.201016,8163
2024-02-02 11:26:00,10.201016,10.205249,10.178257,10.182797,1239
2024-02-02 11:27:00,10.182797,10.193426,10.144323,10.157634,7331
2024-02-02 11:28:00,10.157634,10.177832,10.150365,10.168870,8322
2024-02-02 11:29:00,10.168870,10.188282,10.146211,10.159812,6744
2024-02-02 11:30:00,10.159812,10.199288,10.143041,10.185933,6495
2024-02-02 13:01:00,10.185933,10.213648,10.182550,10.210060,1470
2024-02-02 13:02:00,10.210060,10.224676,10.186662,10.203863,6165
2024-02-02 13:03:00,10.203863,10.237978,10.201187,10.232483,2341
2024-02-02 13:04:00,10.232483,10.251106,10.214304,10.243955,2536
2024-02-02 13:05:00,10.243955,10.252767,10.216498,10.236059,8628
2024-02-02 13:06:00,10.236059,10.252031,10.190454,10.204469,6188
2024-02-02 13:07:00,10.204469,10.231882,10.184752,10.212889,9935
2024-02-02 13:08:00,10.212889,10.231910,10.196093,10.213272,4600
2024-02-02 13:09:00,10.213272,10.223622,10.210473,10.218550,3641
2024-02-02 13:10:00,10.218550,10.221637,10.213681,10.215750,9953
2024-02-02 13:11:00,10.215750,10.232663,10.199379,10.201754,6262
2024-02-02 13:12:00,10.201754,10.208942,10.186394,10.196529,8644
2024-02-02 13:13:00,10.196529,10.217666,10.183308,10.205175,540
2024-02-02 13:14:00,10.205175,10.224790,10.190172,10.200839,5307
2024-02-02 13:15:00,10.200839,10.206194,10.182240,10.196429,8187
2024-02-02 13:16:00,10.196429,10.205176,10.167745,10.177838,8103
2024-02-02 13:17:00,10.177838,10.196571,10.175072,10.178954,7178
2024-02-02 13:18:00,10.178954,10.192653,10.159277,10.165348,1728
2024-02-02 13:19:00,10.165348,10.195463,10.145481,10.176587,5513
2024-02-02 13:20:00,10.176587,10.189958,10.159379,10.167605,1103
2024-02-02 13:21:00,10.167605,10.175069,10.156141,10.163987,8039
2024-02-02 13:22:00,10.163987,10.206957,10.159237,10.190465,6343
2024-02-02 13:23:00,10.190465,10.206132,10.166945,10.186714,2018
2024-02-02 13:24:00,10.186714,10.205519,10.175175,10.181323,7295
2024-02-02 13:25:00,10.181323,10.199060,10.167680,10.188489,7221
2024-02-02 13:26:00,10.188489,10.199540,10.163888,10.166644,625
2024-02-02 13:27:00,10.166644,10.189778,10.163448,10.181949,983
2024-02-02 13:28:00,10.181949,10.200948,10.167048,10.194111,2089
2024-02-02 13:29:00,10.194111,10.220465,10.180678,10.200528,794
2024-02-02 13:30:00,10.200528,10.220118,10.144963,10.159206,5418
2024-02-02 13:31:00,10.159206,10.170740,10.149875,10.156032,8811
2024-02-02 13:32:00,10.156032,10.175224,10.120730,10.140458,721
2024-02-02 13:33:00,10.140458,10.162623,10.128407,10.154212,6183
2024-02-02 13:34:00,10.154212,10.184391,10.134760,10.167091,4298
2024-02-02 13:35:00,10.167091,10.185266,10.162136,10.171839,8379
2024-02-02 13:36:00,10.171839,10.186746,10.147826,10.157118,4872
2024-02-02 13:37:00,10.157118,10.190329,10.149075,10.175401,6720
2024-02-02 13:38:00,10.175401,10.188846,10.156601,10.172192,9225
2024-02-02 13:39:00,10.172192,10.211624,10.156736,10.194283,1448
2024-02-02 13:40:00,10.194283,10.206586,10.183525,10.197530,3225
2024-02-02 13:41:00,10.197530,10.221016,10.195239,10.203731,2770
2024-02-02 13:42:00,10.203731,10.209032,10.192945,10.198099,1769
2024-02-02 13:43:00,10.198099,10.220913,10.195194,10.215314,6514
2024-02-02 13:44:00,10.215314,10.237671,10.198068,10.222759,174
2024-02-02 13:45:00,10.222759,10.255916,10.215543,10.240414,3921
2024-02-02 13:46:00,10.240414,10.260827,10.236291,10.242586,1303
2024-02-02 13:47:00,10.242586,10.249530,10.233635,10.242010,6190
2024-02-02 13:48:00,10.242010,10.252302,10.238619,10.249292,7533
2024-02-02 13:49:00,10.249292,10.278077,10.229673,10.266943,4721
2024-02-02 13:50:00,10.266943,10.297140,10.259273,10.279384,4504
2024-02-02 13:51:00,10.279384,10.300561,10.260588,10.281075,4552
2024-02-02 13:52:00,10.281075,10.298516,10.244061,10.258350,2067
2024-02-02 13:53:00,10.258350,10.279085,10.246160,10.268266,3818
2024-02-02 13:54:00,10.268266,10.285807,10.240103,10.250662,9336
2024-02-02 13:55:00,10.250662,10.256942,10.236289,10.251091,507
2024-02-02 13:56:00,10.251091,10.269672,10.235321,10.249674,7896
2024-02-02 13:57:00,10.249674,10.261877,10.230137,10.232327,1730
2024-02-02 13:58:00,10.232327,10.245893,10.213986,10.236884,1232
2024-02-02 13:59:00,10.236884,10.275714,10.228261,10.263244,2927
2024-02-02 14:00:00,10.263244,10.279356,10.251060,10.259419,2762
2024-02-02 14:01:00,10.259419,10.275113,10.250101,10.268790,3230
2024-02-02 14:02:00,10.268790,10.301448,10.254455,10.297614,8509
2024-02-02 14:03:00,10.297614,10.323365,10.288846,10.308169,9056
2024-02-02 14:04:00,10.308169,10.327313,10.291550,10.300279,6955
2024-02-02 14:05:00,10.300279,10.316644,10.297136,10.303179,1547
2024-02-02 14:06:00,10.303179,10.313628,10.293679,10.309062,9460
2024-02-02 14:07:00,10.309062,10.340186,10.304371,10.326605,8490
2024-02-02 14:08:00,10.326605,10.345560,10.309205,10.341460,854
2024-02-02 14:09:00,10.341460,10.348924,10.299547,10.307569,3934
2024-02-02 14:10:00,10.307569,10.310137,10.277797,10.297092,7776
2024-02-02 14:11:00,10.297092,10.307867,10.281914,10.296235,982
2024-02-02 14:12:00,10.296235,10.304020,10.268202,10.283813,856
2024-02-02 14:13:00,10.283813,10.287568,10.219479,10.238539,6099
2024-02-02 14:14:00,10.238539,10.246101,10.223360,10.229660,3432
2024-02-02 14:15:00,10.229660,10.243317,10.217405,10.229616,4472
2024-02-02 14:16:00,10.229616,10.236820,10.220456,10.223189,7531
2024-02-02 14:17:00,10.223189,10.227764,10.207177,10.210991,5493
2024-02-02 14:18:00,10.210991,10.223304,10.202392,10.211498,7138
2024-02-02 14:19:00,10.211498,10.231254,10.197213,10.215696,1347
2024-02-02 14:20:00,10.215696,10.232638,10.192992,10.209962,120
2024-02-02 14:21:00,10.209962,10.237244,10.203347,10.226747,2591
2024-02-02 14:22:00,10.226747,10.242252,10.211263,10.227453,2099
2024-02-02 14:23:00,10.227453,10.244453,10.210752,10.216789,3307
2024-02-02 14:24:00,10.216789,10.230901,10.200921,10.203030,7807
2024-02-02 14:25:00,10.203030,10.214520,10.197444,10.200424,1604
2024-02-02 14:26:00,10.200424,10.217126,10.187884,10.214047,1348
2024-02-02 14:27:00,10.214047,10.221268,10.193020,10.203969,2087
2024-02-02 14:28:00,10.203969,10.219016,10.197101,10.211260,3331
2024-02-02 14:29:00,10.211260,10.221527,10.209142,10.212417,2053
2024-02-02 14:30:00,10.212417,10.255922,10.200193,10.236806,1920
2024-02-02 14:31:00,10.236806,10.247340,10.220089,10.241581,5838
2024-02-02 14:32:00,10.241581,10.253329,10.229803,10.233037,1203
2024-02-02 14:33:00,10.233037,10.261889,10.217781,10.242047,1624
2024-02-02 14:34:00,10.242047,10.264607,10.228626,10.251469,8382
2024-02-02 14:35:00,10.251469,10.257230,10.235983,10.246611,280
2024-02-02 14:36:00,10.246611,10.265895,10.229499,10.232369,707
2024-02-02 14:37:00,10.232369,10.246981,10.213745,10.238928,787
2024-02-02 14:38:00,10.238928,10.242567,10.228334,10.239705,5406
2024-02-02 14:39:00,10.239705,10.249470,10.211956,10.221149,6978
2024-02-02 14:40:00,10.221149,10.230595,10.203642,10.224263,6957
2024-02-02 14:41:00,10.224263,10.241003,10.199249,10.216469,6931
2024-02-02 14:42:00,10.216469,10.222428,10.182834,10.197924,670
2024-02-02 14:43:00,10.197924,10.214682,10.176687,10.193616,3510
2024-02-02 14:44:00,10.193616,10.211965,10.189378,10.209313,6370
2024-02-02 14:45:00,10.209313,10.242820,10.193617,10.224095,6852
2024-02-02 14:46:00,10.224095,10.238439,10.216190,10.235679,3407
2024-02-02 14:47:00,10.235679,10.257867,10.218064,10.238974,8482
2024-02-02 14:48:00,10.238974,10.249590,10.230309,10.246264,8352
2024-02-02 14:49:00,10.246264,10.265177,10.243286,10.247471,7679
2024-02-02 14:50:00,10.247471,10.264435,10.224491,10.233949,7996
2024-02-02 14:51:00,10.233949,10.246649,10.207248,10.222870,9754
2024-02-02 14:52:00,10.222870,10.225518,10.204424,10.215441,7959
2024-02-02 14:53:00,10.215441,10.245768,10.199695,10.232587,5896
2024-02-02 14:54:00,10.232587,10.258883,10.229952,10.245762,4046
2024-02-02 14:55:00,10.245762,10.257791,10.227359,10.232548,3684
2024-02-02 14:56:00,10.232548,10.246569,10.220403,10.233202,8243
2024-02-02 14:57:00,10.233202,10.252628,10.219340,10.228275,3029
2024-02-02 14:58:00,10.228275,10.248195,10.212134,10.226378,6336
2024-02-02 14:59:00,10.226378,10.237747,10.200493,10.219819,5076
2024-02-02 15:00:00,10.219819,10.240671,10.205941,10.237018,3848
